행정구역,구로구,동,총인구수,0~9세,10~19세,20~29세,30~39세,40~49세,50~59세,60~69세,70~79세,80~89세,90~99세,100세 이상
서울특별시,,,"9,281,625","450,726","713,981","1,224,817","1,470,576","1,353,165","1,458,904","1,314,689","854,991","379,317","58,956","1,503"
서울특별시,종로구,,"135,935","4,896","9,042","19,717","19,910","17,970","22,333","20,914","12,868","6,961","1,280",44
서울특별시,종로구,청운효자동,"10,592",447,966,"1,169","1,501","1,651","1,819","1,403",948,581,104,3
서울특별시,종로구,사직동,"8,828",368,590,991,"1,397","1,363","1,446","1,287",765,501,114,6
서울특별시,종로구,삼청동,"2,029",62,137,197,266,289,301,345,255,142,35,0
서울특별시,종로구,부암동,"8,862",311,736,"1,029","1,157","1,308","1,550","1,375",836,455,100,5
서울특별시,종로구,평창동,"16,921",820,"1,507","1,703","1,962","2,362","2,947","2,859","1,616",899,236,10
서울특별시,종로구,무악동,"7,696",483,852,755,795,"1,211","1,373","1,102",673,387,65,0
서울특별시,종로구,교남동,"9,476",615,724,"1,015","1,428","1,586","1,681","1,187",797,385,58,0
서울특별시,종로구,가회동,"3,500",124,263,320,482,526,619,534,375,221,34,2
서울특별시,종로구,종로1.2.3.4가동,"6,561",140,215,864,"1,030",828,"1,013","1,218",806,389,53,5
서울특별시,종로구,종로5.6가동,"5,400",132,201,"1,186","1,003",577,753,782,473,258,35,0
서울특별시,종로구,이화동,"7,044",132,341,"1,549","1,252",794,962,958,643,351,59,3
서울특별시,종로구,혜화동,"15,721",422,"1,173","4,184","2,109","1,761","2,261","1,744","1,149",773,139,6
서울특별시,종로구,창신제1동,"4,328",94,131,496,612,442,710,996,550,263,34,0
서울특별시,종로구,창신제2동,"7,048",130,267,721,859,716,"1,417","1,579",890,400,68,1
서울특별시,종로구,창신제3동,"6,031",242,348,649,983,709,"1,030","1,105",609,303,52,1
서울특별시,종로구,숭인제1동,"5,654",161,298,645,823,743,991,"1,029",629,285,48,2
서울특별시,종로구,숭인제2동,"10,244",213,293,"2,244","2,251","1,104","1,460","1,411",854,368,46,0
서울특별시,중구,,"117,305","4,793","5,850","15,147","21,267","16,111","17,667","17,702","11,812","5,872","1,056",28
서울특별시,중구,소공동,"2,205",140,152,212,407,550,360,199,124,51,10,0
서울특별시,중구,회현동,"4,032",118,199,375,525,460,657,789,579,271,56,3
서울특별시,중구,명동,"2,479",48,99,307,301,309,449,442,318,166,40,0
서울특별시,중구,필동,"4,331",113,210,806,850,559,560,564,410,198,60,1
서울특별시,중구,장충동,"4,553",93,286,"1,282",631,476,560,527,432,224,42,0
서울특별시,중구,광희동,"5,709",105,178,"1,026","1,343",677,710,821,549,261,39,0
서울특별시,중구,을지로동,"3,039",137,89,354,832,572,368,353,218,99,17,0
서울특별시,중구,신당동,"7,236",202,220,"1,146","1,353",917,"1,084","1,161",734,361,56,2
서울특별시,중구,다산동,"12,813",339,659,"1,674","2,143","1,642","2,061","2,104","1,369",705,114,3
서울특별시,중구,약수동,"15,562",704,795,"1,480","2,347","1,997","2,482","2,608","1,917","1,016",211,5
서울특별시,중구,청구동,"10,605",506,566,"1,078","1,966","1,293","1,634","1,693","1,147",620,101,1
서울특별시,중구,신당제5동,"9,957",397,494,"1,247","1,867","1,406","1,552","1,527",952,446,68,1
서울특별시,중구,동화동,"9,694",528,682,961,"1,290","1,302","1,648","1,700",992,500,90,1
서울특별시,중구,황학동,"13,134",530,484,"1,983","3,331","1,913","1,679","1,630","1,054",464,63,3
서울특별시,중구,중림동,"11,956",833,737,"1,216","2,081","2,038","1,863","1,584","1,017",490,89,8
서울특별시,용산구,,"199,459","9,727","12,552","25,371","36,951","28,923","31,323","27,816","16,510","8,532","1,694",60
서울특별시,용산구,후암동,"15,584",535,"1,049","1,914","2,887","2,168","2,499","2,267","1,439",694,128,4
서울특별시,용산구,용산2가동,"8,352",196,366,"1,104","1,690","1,131","1,154","1,227",915,468,96,5
서울특별시,용산구,남영동,"7,004",155,198,775,"1,344",771,"1,282","1,433",710,297,35,4
서울특별시,용산구,청파동,"18,790",439,886,"3,853","3,710","2,084","2,820","2,544","1,536",800,113,5
서울특별시,용산구,원효로제1동,"17,082",995,915,"2,597","4,340","2,663","2,280","1,814",987,412,78,1
서울특별시,용산구,원효로제2동,"13,318",672,878,"1,680","2,487","1,845","2,120","1,900","1,068",557,108,3
서울특별시,용산구,효창동,"10,383",570,658,"1,352","2,054","1,563","1,667","1,321",718,397,81,2
서울특별시,용산구,용문동,"11,023",528,575,"1,361","2,112","1,447","1,729","1,544","1,117",531,72,7
서울특별시,용산구,한강로동,"20,844","1,194",926,"2,770","4,861","2,901","3,122","2,787","1,444",710,127,2
서울특별시,용산구,이촌제1동,"24,925","2,009","2,583","2,409","2,895","4,074","4,388","3,235","1,813","1,186",322,11
서울특별시,용산구,이촌제2동,"7,682",423,422,694,"1,308","1,139","1,171","1,235",810,393,86,1
서울특별시,용산구,이태원제1동,"5,361",190,205,574,"1,110",707,771,892,551,296,64,1
서울특별시,용산구,이태원제2동,"8,333",275,422,"1,055","1,656","1,264","1,217","1,142",761,457,81,3
서울특별시,용산구,한남동,"13,658",816,905,"1,323","2,355","2,400","2,198","1,784","1,195",580,100,2
서울특별시,용산구,서빙고동,"12,130",600,"1,309","1,388","1,398","2,074","2,027","1,743",910,506,166,9
서울특별시,용산구,보광동,"4,990",130,255,522,744,692,878,948,536,248,37,0
서울특별시,성동구,,"274,199","15,595","17,045","37,068","48,267","39,458","42,580","38,431","22,929","11,101","1,693",32
서울특별시,성동구,왕십리제2동,"15,603",900,984,"1,901","2,950","2,233","2,431","2,199","1,332",582,89,2
서울특별시,성동구,왕십리도선동,"25,536","1,743","1,638","3,484","4,438","3,799","4,023","3,367","1,906",974,163,1
서울특별시,성동구,마장동,"21,406",826,"1,305","4,008","3,506","2,420","3,173","3,096","1,972",953,145,2
서울특별시,성동구,사근동,"12,097",240,775,"5,016","1,633",998,"1,248","1,017",688,442,40,0
서울특별시,성동구,행당제1동,"15,720",976,"1,077","2,193","2,857","2,370","2,465","1,960","1,136",580,102,4
서울특별시,성동구,행당제2동,"22,193","1,488","1,742","2,271","3,453","3,320","3,832","3,033","1,907",992,152,3
서울특별시,성동구,응봉동,"14,349",902,"1,333","1,469","2,092","2,356","2,509","1,817","1,145",636,90,0
서울특별시,성동구,금호1가동,"14,233",962,978,"1,300","2,265","2,401","2,174","2,090","1,371",577,113,2
서울특별시,성동구,금호2.3가동,"20,552","1,371","1,157","2,015","3,701","3,287","3,220","2,902","1,854",916,124,5
서울특별시,성동구,금호4가동,"13,682","1,049",894,"1,084","2,360","2,353","2,112","1,886","1,235",602,103,4
서울특별시,성동구,옥수동,"25,115","2,190","1,651","2,065","4,533","4,364","3,707","3,383","2,052",984,182,4
서울특별시,성동구,성수1가제1동,"14,723",749,751,"1,811","2,849","1,915","2,478","2,492","1,154",454,69,1
서울특별시,성동구,성수1가제2동,"14,274",804,758,"1,803","3,021","2,144","2,221","1,906","1,084",472,61,0
서울특별시,성동구,성수2가제1동,"13,222",449,619,"1,476","2,164","1,682","2,189","2,671","1,338",559,75,0
서울특별시,성동구,성수2가제3동,"9,303",321,464,"1,335","1,755","1,207","1,473","1,382",849,452,64,1
서울특별시,성동구,송정동,"8,993",288,420,"1,187","1,631","1,179","1,456","1,564",876,350,40,2
서울특별시,성동구,용답동,"13,198",337,499,"2,650","3,059","1,430","1,869","1,666","1,030",576,81,1
서울특별시,광진구,,"330,791","13,180","22,743","53,915","57,209","45,753","50,507","45,942","27,488","12,117","1,892",45
서울특별시,광진구,화양동,"22,936",271,712,"9,881","4,945","1,939","1,857","1,534","1,169",557,69,2
서울특별시,광진구,군자동,"18,500",490,948,"4,002","3,504","2,319","2,376","2,463","1,556",742,98,2
서울특별시,광진구,중곡제1동,"14,801",414,619,"2,383","3,189","1,858","2,162","2,187","1,292",614,81,2
서울특별시,광진구,중곡제2동,"19,652",579,"1,145","2,893","3,626","2,578","3,048","3,151","1,799",733,99,1
서울특별시,광진구,중곡제3동,"15,180",525,728,"1,931","2,858","1,839","2,401","2,589","1,534",693,81,1
서울특별시,광진구,중곡제4동,"26,753",795,"1,465","3,335","4,150","3,219","4,636","4,912","2,883","1,198",156,4
서울특별시,광진구,능동,"10,593",330,490,"2,023","2,363","1,514","1,364","1,222",858,383,46,0
서울특별시,광진구,광장동,"32,833","2,255","4,972","3,448","3,177","6,425","5,853","3,663","1,921",917,198,4
서울특별시,광진구,자양제1동,"21,417",549,"1,227","3,572","4,035","2,859","3,312","3,067","1,826",842,125,3
서울특별시,광진구,자양제2동,"26,254","1,583","1,774","3,218","4,944","3,833","4,041","3,649","2,218",867,124,3
서울특별시,광진구,자양제3동,"26,547","1,664","2,300","3,143","3,783","4,047","4,331","3,823","2,222",999,226,9
서울특별시,광진구,자양제4동,"19,921",668,825,"2,986","3,892","2,451","3,004","3,130","1,992",825,145,3
서울특별시,광진구,구의제1동,"23,264",664,"1,216","4,613","4,876","3,051","3,397","2,925","1,629",773,116,4
서울특별시,광진구,구의제2동,"24,773",991,"1,969","2,960","3,513","3,628","4,308","3,847","2,390","1,003",161,3
서울특별시,광진구,구의제3동,"27,367","1,402","2,353","3,527","4,354","4,193","4,417","3,780","2,199",971,167,4
서울특별시,동대문구, ,"353,448","18,069","23,204","55,475","56,547","48,556","52,622","48,855","32,227","15,566","2,277",50
서울특별시,동대문구,신설동,"16,412",790,832,"2,984","3,528","2,314","2,307","1,914","1,116",552,75,0
서울특별시,동대문구,용두동,"22,706",900,"1,077","3,654","3,997","3,209","3,464","3,163","2,049","1,029",161,3
서울특별시,동대문구,제기동,"22,065",668,"1,082","4,096","3,209","2,325","3,186","3,389","2,561","1,356",189,4
서울특별시,동대문구,전농제1동,"32,482","1,706","2,180","4,705","4,881","4,541","5,228","4,685","2,896","1,437",218,5
서울특별시,동대문구,전농제2동,"17,115",870,"1,358","1,709","2,214","2,324","2,907","2,862","1,813",936,118,4
서울특별시,동대문구,답십리제1동,"27,611","1,941","1,984","3,462","5,204","4,517","3,823","3,519","2,035",964,159,3
서울특별시,동대문구,답십리제2동,"27,116","1,501","1,558","2,741","4,541","3,616","4,221","4,437","2,904","1,391",204,2
서울특별시,동대문구,장안제1동,"36,998","1,680","2,464","4,598","5,962","5,718","5,651","5,609","3,646","1,475",188,7
서울특별시,동대문구,장안제2동,"33,005","2,259","2,883","3,544","4,939","5,597","5,091","4,428","2,923","1,189",149,3
서울특별시,동대문구,청량리동,"18,374",604,867,"1,997","2,325","2,070","2,783","3,549","2,651","1,284",240,4
서울특별시,동대문구,회기동,"10,269",271,689,"3,463","1,517","1,033","1,191",920,674,433,75,3
서울특별시,동대문구,휘경제1동,"16,805","1,009",926,"3,840","3,252","2,070","2,144","1,712","1,148",613,88,3
서울특별시,동대문구,휘경제2동,"23,529",811,"1,822","5,472","3,118","2,775","3,367","2,950","2,127",948,136,3
서울특별시,동대문구,이문제1동,"31,110","2,205","2,168","6,905","5,523","4,162","4,234","3,041","1,753",966,150,3
서울특별시,동대문구,이문제2동,"17,851",854,"1,314","2,305","2,337","2,285","3,025","2,677","1,931",993,127,3
서울특별시,중랑구,,"376,504","16,054","22,821","43,924","59,549","50,329","60,556","64,428","39,470","16,898","2,412",63
서울특별시,중랑구,면목제2동,"22,841",771,"1,270","2,421","3,357","2,971","3,911","4,405","2,458","1,114",159,4
서울특별시,중랑구,면목제4동,"17,441",668,987,"1,865","2,480","2,386","3,024","2,987","2,037",921,82,4
서울특별시,중랑구,면목제5동,"13,744",937,925,"1,305","2,083","2,269","2,228","2,175","1,250",512,59,1
서울특별시,중랑구,면목본동,"31,469",886,"1,457","3,967","5,371","3,968","5,394","5,501","3,290","1,457",176,2
서울특별시,중랑구,면목제7동,"20,408",795,975,"2,281","3,285","2,602","3,302","3,709","2,370",933,153,3
서울특별시,중랑구,면목제3.8동,"23,347",740,"1,110","2,771","3,480","2,884","3,938","4,398","2,691","1,183",147,5
서울특별시,중랑구,상봉제1동,"22,733","1,254","1,620","2,607","3,559","3,081","3,570","3,960","2,037",913,129,3
서울특별시,중랑구,상봉제2동,"21,964",700,678,"4,344","5,632","2,538","2,833","2,745","1,689",703,98,4
서울특별시,중랑구,중화제1동,"17,835",721,"1,041","1,893","3,079","2,356","2,685","3,136","2,036",787,98,3
서울특별시,중랑구,중화제2동,"25,574",975,"1,055","2,967","4,233","3,270","4,181","4,679","2,811","1,235",165,3
서울특별시,중랑구,묵제1동,"33,173","1,353","2,789","4,499","4,586","4,736","5,482","4,919","3,235","1,386",186,2
서울특별시,중랑구,묵제2동,"17,471",610,917,"2,165","2,610","2,272","2,942","2,983","2,004",844,122,2
서울특별시,중랑구,망우본동,"37,949","2,513","2,376","3,855","6,438","5,572","5,536","6,173","3,712","1,510",258,6
서울특별시,중랑구,망우제3동,"15,157",423,765,"1,591","2,017","1,757","2,707","3,117","1,875",779,125,1
서울특별시,중랑구,신내1동,"36,551","1,856","3,599","3,626","4,554","5,124","5,783","6,286","3,740","1,672",298,13
서울특별시,중랑구,신내2동,"18,847",852,"1,257","1,767","2,785","2,543","3,040","3,255","2,235",949,157,7
서울특별시,성북구,,"421,106","20,862","33,704","61,828","57,118","58,878","70,110","58,462","38,096","19,058","2,917",73
서울특별시,성북구,성북동,"15,514",518,942,"2,318","2,522","2,020","2,654","2,173","1,391",819,149,8
서울특별시,성북구,삼선동,"21,504",639,"1,445","4,005","3,035","2,628","3,739","2,922","1,835","1,107",140,9
서울특별시,성북구,동선동,"14,922",320,883,"4,713","2,406","1,655","1,844","1,449",961,596,91,4
서울특별시,성북구,돈암제1동,"13,638",593,950,"1,601","1,867","1,668","2,355","2,299","1,462",711,130,2
서울특별시,성북구,돈암제2동,"22,770","1,476","2,393","2,446","2,792","3,534","4,221","3,128","1,749",842,186,3
서울특별시,성북구,안암동,"15,564",338,818,"5,833","2,202","1,353","1,821","1,528",990,578,102,1
서울특별시,성북구,보문동,"15,611",781,941,"2,335","2,737","2,165","2,598","2,119","1,229",613,91,2
서울특별시,성북구,정릉제1동,"17,433","1,011","1,599","2,092","2,293","2,648","2,969","2,288","1,611",803,119,0
서울특별시,성북구,정릉제2동,"21,380",969,"1,444","2,636","2,783","2,838","3,716","3,415","2,306","1,090",179,4
서울특별시,성북구,정릉제3동,"13,822",342,860,"3,451","1,620","1,315","1,924","1,969","1,455",762,123,1
서울특별시,성북구,정릉제4동,"23,347",981,"1,719","2,891","2,791","3,085","4,214","3,702","2,527","1,256",174,7
서울특별시,성북구,길음제1동,"35,319","2,556","5,123","3,504","3,762","6,760","6,430","3,417","2,400","1,200",165,2
서울특별시,성북구,길음제2동,"21,369","1,768","2,135","2,390","2,743","3,699","3,740","2,546","1,586",649,111,2
서울특별시,성북구,종암동,"36,618","1,733","3,058","5,171","4,690","5,088","6,080","5,269","3,336","1,829",357,7
서울특별시,성북구,월곡제1동,"24,355","1,306","2,212","2,534","3,029","3,691","4,172","3,594","2,442","1,223",147,5
서울특별시,성북구,월곡제2동,"18,370",661,"1,216","3,289","2,632","2,245","2,777","2,618","1,840",938,149,5
서울특별시,성북구,장위제1동,"22,459","1,157","1,677","2,543","3,132","3,164","3,920","3,687","2,091",969,118,1
서울특별시,성북구,장위제2동,"15,636",721,866,"1,804","2,611","2,014","2,552","2,432","1,748",772,114,2
서울특별시,성북구,장위제3동,"18,740","1,632","1,570","2,131","2,758","3,164","3,060","2,452","1,389",513,69,2
서울특별시,성북구,석관동,"32,735","1,360","1,853","4,141","4,713","4,144","5,324","5,455","3,748","1,788",203,6
서울특별시,강북구,,"277,509","9,298","17,571","33,298","34,497","35,611","47,934","47,583","32,989","16,454","2,226",48
서울특별시,강북구,삼양동,"24,161",987,"1,645","2,738","2,999","3,193","4,355","4,117","2,700","1,253",170,4
서울특별시,강북구,미아동,"20,093",397,"1,021","3,159","2,682","2,294","3,304","3,565","2,347","1,166",155,3
서울특별시,강북구,송중동,"27,132",995,"1,700","3,245","3,601","3,571","4,693","4,653","3,061","1,437",174,2
서울특별시,강북구,송천동,"22,652",680,"1,201","2,384","2,806","2,840","3,916","4,351","2,943","1,363",164,4
서울특별시,강북구,삼각산동,"29,798","1,923","3,474","3,058","3,271","4,961","5,642","3,738","2,438","1,128",163,2
서울특별시,강북구,번1동,"15,876",385,678,"2,610","2,330","2,085","2,621","2,493","1,757",814,99,4
서울특별시,강북구,번2동,"14,115",346,742,"1,428","1,569","1,682","2,383","2,649","2,092","1,100",119,5
서울특별시,강북구,번3동,"15,273",526,955,"1,379","1,577","1,676","2,608","2,663","2,378","1,351",156,4
서울특별시,강북구,수유1동,"19,226",543,"1,120","2,456","2,584","2,371","3,110","3,478","2,303","1,085",174,2
서울특별시,강북구,수유2동,"19,744",649,"1,113","2,212","2,250","2,363","3,469","3,605","2,497","1,372",208,6
서울특별시,강북구,수유3동,"22,223",414,919,"3,705","3,323","2,663","3,725","3,713","2,401","1,199",160,1
서울특별시,강북구,우이동,"19,344",614,"1,224","1,997","2,253","2,399","3,406","3,378","2,485","1,374",210,4
서울특별시,강북구,인수동,"27,872",839,"1,779","2,927","3,252","3,513","4,702","5,180","3,587","1,812",274,7
서울특별시,도봉구,,"297,820","11,371","20,810","32,115","37,084","38,877","51,178","53,188","34,421","16,224","2,482",70
서울특별시,도봉구,창제1동,"22,562",915,"1,693","2,491","3,114","3,130","3,908","3,603","2,370","1,163",169,6
서울특별시,도봉구,창제2동,"27,407","1,032","1,826","3,162","3,829","3,646","4,745","4,724","2,886","1,382",173,2
서울특별시,도봉구,창제3동,"12,506",352,845,"1,269","1,384","1,636","2,308","2,343","1,514",766,86,3
서울특별시,도봉구,창제4동,"25,798","1,259","2,118","3,071","3,679","3,607","4,480","4,082","2,252","1,032",214,4
서울특별시,도봉구,창제5동,"23,236",967,"1,592","2,743","3,401","2,980","3,928","3,977","2,370","1,081",190,7
서울특별시,도봉구,도봉제1동,"19,293",421,950,"1,726","1,963","2,142","3,336","3,894","3,075","1,582",199,5
서울특별시,도봉구,도봉제2동,"25,671","1,197","1,370","2,335","3,268","3,315","4,038","4,755","3,557","1,583",245,8
서울특별시,도봉구,쌍문제1동,"20,459",733,"1,387","2,481","2,330","2,495","3,577","3,573","2,396","1,295",181,11
서울특별시,도봉구,쌍문제2동,"17,208",594,"1,040","1,829","2,204","2,253","2,942","3,160","2,089",924,170,3
서울특별시,도봉구,쌍문제3동,"15,843",524,842,"2,046","2,261","2,057","2,605","2,682","1,786",937,101,2
서울특별시,도봉구,쌍문제4동,"17,522",788,"1,682","1,790","2,033","2,484","3,003","3,116","1,747",742,134,3
서울특별시,도봉구,방학제1동,"27,721",949,"2,013","3,093","3,094","3,642","4,953","5,072","3,246","1,440",213,6
서울특별시,도봉구,방학제2동,"17,385",467,"1,034","1,711","1,836","2,053","3,161","3,524","2,313","1,150",135,1
서울특별시,도봉구,방학제3동,"25,209","1,173","2,418","2,368","2,688","3,437","4,194","4,683","2,820","1,147",272,9
서울특별시,노원구,,"480,045","22,381","43,148","59,411","62,151","67,674","82,124","72,085","46,333","21,065","3,588",85
서울특별시,노원구,월계1동,"20,133",739,"1,357","3,654","2,507","2,461","3,196","2,962","2,157",971,125,4
서울특별시,노원구,월계2동,"24,502","1,036","1,837","2,383","2,693","3,385","4,139","4,297","3,151","1,347",228,6
서울특별시,노원구,월계3동,"27,617","1,504","1,674","2,606","4,520","3,737","4,283","4,356","3,233","1,469",232,3
서울특별시,노원구,공릉1동,"35,130","1,159","2,310","6,391","4,818","4,540","5,212","5,381","3,610","1,506",200,3
서울특별시,노원구,공릉2동,"40,678","2,489","3,982","6,645","5,487","6,080","6,362","5,069","3,068","1,267",227,2
서울특별시,노원구,하계1동,"25,059",813,"2,496","4,091","2,811","2,898","4,431","3,904","2,344","1,066",201,4
서울특별시,노원구,하계2동,"19,421","1,051","2,154","2,156","2,512","2,997","3,437","2,865","1,478",643,127,1
서울특별시,노원구,중계본동,"21,973","1,003","3,961","2,558","1,665","3,967","4,381","2,611","1,194",524,106,3
서울특별시,노원구,중계1동,"25,709","1,548","5,032","2,404","1,895","5,507","4,782","2,601","1,265",576,98,1
서울특별시,노원구,중계4동,"18,464",761,"1,779","2,002","1,843","2,504","3,508","2,806","2,037","1,052",168,4
서울특별시,노원구,중계2.3동,"30,976","1,244","2,301","3,116","4,030","4,067","5,269","4,857","3,729","2,008",346,9
서울특별시,노원구,상계1동,"35,794","1,497","2,671","3,953","4,334","4,585","6,257","6,503","3,984","1,721",280,9
서울특별시,노원구,상계2동,"18,502",553,"1,396","2,506","2,214","2,214","3,518","3,267","1,848",832,150,4
서울특별시,노원구,상계3.4동,"26,200","1,088","1,988","2,715","2,671","3,372","4,791","4,664","3,111","1,590",206,4
서울특별시,노원구,상계5동,"21,971",635,"1,514","2,432","2,519","2,579","4,132","3,988","2,590","1,329",244,9
서울특별시,노원구,상계6.7동,"30,044","1,538","2,254","3,533","5,012","4,193","5,198","4,298","2,621","1,131",255,11
서울특별시,노원구,상계8동,"21,207","1,813","1,555","2,165","4,807","3,280","2,935","2,279","1,584",666,121,2
서울특별시,노원구,상계9동,"18,835",895,"1,498","2,024","2,788","2,682","3,275","2,838","1,890",794,147,4
서울특별시,노원구,상계10동,"17,830","1,015","1,389","2,077","3,025","2,626","3,018","2,539","1,439",573,127,2
서울특별시,은평구,,"452,626","19,570","32,914","54,103","67,161","63,416","75,916","69,124","45,392","21,763","3,195",72
서울특별시,은평구,녹번동,"35,037","1,613","2,033","3,952","5,557","4,914","5,699","5,488","3,669","1,843",264,5
서울특별시,은평구,불광제1동,"33,540","1,393","2,078","3,934","5,153","4,394","5,474","5,494","3,503","1,814",299,4
서울특별시,은평구,불광제2동,"26,084",589,"1,261","3,286","3,967","3,028","4,311","4,749","3,120","1,583",183,7
서울특별시,은평구,갈현제1동,"13,933",335,862,"1,805","2,102","1,777","2,329","2,341","1,546",734,99,3
서울특별시,은평구,갈현제2동,"26,554",753,"1,957","3,423","3,635","3,575","4,766","4,254","2,769","1,237",184,1
서울특별시,은평구,구산동,"30,488","1,001","2,241","3,558","3,889","4,033","5,494","5,183","3,354","1,516",214,5
서울특별시,은평구,대조동,"26,779",719,"1,271","4,323","5,409","3,211","3,964","3,734","2,555","1,404",187,2
서울특별시,은평구,응암제1동,"31,894","1,707","2,456","3,898","5,082","4,978","5,235","4,213","2,750","1,371",202,2
서울특별시,은평구,응암제2동,"26,693","2,231","2,736","2,169","3,892","5,165","4,180","3,100","2,112",972,134,2
서울특별시,은평구,응암제3동,"22,660",566,"1,122","2,800","3,320","2,765","3,618","3,894","2,795","1,543",230,7
서울특별시,은평구,역촌동,"44,213","1,606","2,996","5,078","6,448","6,331","7,505","7,093","4,723","2,149",279,5
서울특별시,은평구,신사제1동,"25,770",977,"1,608","3,064","3,873","3,439","4,343","4,278","2,727","1,287",171,3
서울특별시,은평구,신사제2동,"19,316",796,"1,350","2,150","2,922","2,707","3,117","3,197","2,084",853,138,2
서울특별시,은평구,증산동,"15,099",809,"1,073","1,796","2,122","2,075","2,655","2,231","1,550",693,91,4
서울특별시,은평구,수색동,"21,058","1,744","1,379","2,357","3,663","3,039","3,584","2,849","1,578",711,150,4
서울특별시,은평구,진관동,"53,508","2,731","6,491","6,510","6,127","7,985","9,642","7,026","4,557","2,053",370,16
서울특별시,서대문구, ,"299,492","14,817","21,587","44,168","45,538","41,601","47,259","41,732","26,375","14,065","2,291",59
서울특별시,서대문구,천연동,"16,465",939,"1,191","1,763","2,469","2,230","2,830","2,489","1,506",879,167,2
서울특별시,서대문구,북아현동,"14,984","1,149",984,"1,701","2,790","2,361","2,403","1,940","1,006",550,95,5
서울특별시,서대문구,충현동,"19,038",845,"1,241","2,559","3,374","2,763","2,928","2,786","1,573",806,160,3
서울특별시,서대문구,신촌동,"20,581",384,977,"8,430","3,955","1,862","1,903","1,440",943,588,94,5
서울특별시,서대문구,연희동,"32,954","1,028","1,861","7,073","5,436","4,127","4,764","4,069","2,717","1,572",297,10
서울특별시,서대문구,홍제제1동,"24,185","1,156","1,624","2,763","3,663","3,246","4,208","3,695","2,415","1,246",167,2
서울특별시,서대문구,홍제제3동,"17,103",871,"1,018","1,953","2,409","2,185","2,885","2,707","1,823","1,097",152,3
서울특별시,서대문구,홍제제2동,"11,770",600,698,"1,235","1,831","1,428","1,969","2,083","1,202",623,97,4
서울특별시,서대문구,홍은제1동,"23,338","1,178","1,512","2,535","3,465","3,168","3,883","3,843","2,354","1,173",221,6
서울특별시,서대문구,홍은제2동,"27,015","1,118","2,072","3,506","3,775","3,746","4,525","4,227","2,510","1,311",220,5
서울특별시,서대문구,남가좌제1동,"17,280","1,762","2,082","1,479","2,215","3,456","2,649","1,822","1,136",580,97,2
서울특별시,서대문구,남가좌제2동,"28,284","1,902","2,579","3,723","3,867","4,564","4,339","3,430","2,406","1,282",187,5
서울특별시,서대문구,북가좌제1동,"17,039",918,"1,870","1,727","2,100","2,730","2,961","2,362","1,507",746,115,3
서울특별시,서대문구,북가좌제2동,"29,456",967,"1,878","3,721","4,189","3,735","5,012","4,839","3,277","1,612",222,4
서울특별시,마포구,,"356,008","17,763","25,593","53,203","64,431","53,985","55,772","42,731","26,320","13,800","2,358",52
서울특별시,마포구,아현동,"28,578","2,653","2,390","2,643","5,488","5,356","4,189","3,265","1,635",803,154,2
서울특별시,마포구,공덕동,"35,734","1,615","2,040","4,995","6,689","4,848","5,874","5,083","2,822","1,517",245,6
서울특별시,마포구,도화동,"20,240","1,209","1,380","2,324","3,601","2,876","3,123","2,931","1,662",938,194,2
서울특별시,마포구,용강동,"21,199","1,700","2,265","1,875","3,304","4,105","3,338","2,313","1,395",732,165,7
서울특별시,마포구,대흥동,"14,161",447,893,"3,436","2,491","1,840","2,128","1,492",859,489,81,5
서울특별시,마포구,염리동,"16,697","1,142","1,868","2,136","2,553","3,181","2,627","1,619",951,531,88,1
서울특별시,마포구,신수동,"22,086","1,295","1,735","3,224","3,424","3,388","3,770","2,656","1,587",858,147,2
서울특별시,마포구,서강동,"24,274","1,324","1,665","4,558","4,003","3,570","3,767","2,763","1,592",871,159,2
서울특별시,마포구,서교동,"23,368",572,961,"5,201","5,371","3,311","3,105","2,330","1,509",838,170,0
서울특별시,마포구,합정동,"15,454",477,680,"2,374","3,656","2,309","2,122","1,858","1,228",647,100,3
서울특별시,마포구,망원제1동,"18,345",567,896,"2,703","3,671","2,665","2,783","2,418","1,663",867,111,1
서울특별시,마포구,망원제2동,"17,042",640,"1,227","2,227","2,938","2,527","2,884","2,170","1,558",770,97,4
서울특별시,마포구,연남동,"13,799",414,613,"2,519","2,998","1,977","1,942","1,560","1,068",601,105,2
서울특별시,마포구,성산제1동,"18,234",554,"1,142","2,729","3,386","2,688","3,117","2,287","1,488",750,92,1
서울특별시,마포구,성산제2동,"37,809","1,620","2,510","6,172","7,220","4,937","5,754","4,579","3,127","1,615",265,10
서울특별시,마포구,상암동,"28,988","1,534","3,328","4,087","3,638","4,407","5,249","3,407","2,176",973,185,4
서울특별시,양천구,,"420,127","21,887","45,562","44,535","51,311","68,358","70,687","62,054","38,963","14,406","2,303",61
서울특별시,양천구,목1동,"29,841","2,251","5,119","2,575","2,570","6,460","5,101","3,116","1,866",689,94,0
서울특별시,양천구,목2동,"27,720","1,036","2,016","3,660","5,178","3,978","4,326","4,210","2,308",874,132,2
서울특별시,양천구,목3동,"20,497",893,"1,226","2,527","3,772","2,823","3,196","3,271","1,933",713,143,0
서울특별시,양천구,목4동,"23,446",865,"2,703","3,219","2,875","3,386","4,634","3,164","1,782",704,112,2
서울특별시,양천구,목5동,"40,317","2,718","7,302","3,483","3,152","8,649","6,635","4,587","2,760",846,180,5
서울특별시,양천구,신월1동,"18,415",483,992,"1,781","2,299","2,446","3,137","3,823","2,460",881,110,3
서울특별시,양천구,신월2동,"20,397","1,061","1,689","2,111","2,607","2,978","3,299","3,324","2,424",781,117,6
서울특별시,양천구,신월3동,"13,430",523,822,"1,323","1,745","1,653","2,319","2,632","1,634",695,83,1
서울특별시,양천구,신월4동,"16,537",869,"1,422","1,576","1,944","2,478","2,713","2,768","1,939",720,104,4
서울특별시,양천구,신월5동,"13,597",562,"1,078","1,556","1,945","1,899","2,278","2,307","1,372",520,79,1
서울특별시,양천구,신월6동,"13,549","1,262","1,319","1,205","2,063","2,442","1,974","1,703","1,143",392,46,0
서울특별시,양천구,신월7동,"17,842",627,919,"1,713","2,481","2,293","2,835","3,489","2,340",982,161,2
서울특별시,양천구,신정1동,"19,334","1,311","2,980","1,777","1,655","3,890","3,057","2,480","1,517",545,116,6
서울특별시,양천구,신정2동,"18,650","1,089","2,832","1,817","1,616","3,432","3,247","2,498","1,469",559,87,4
서울특별시,양천구,신정3동,"44,056","2,365","4,517","5,033","5,292","6,313","8,146","6,547","4,010","1,565",257,11
서울특별시,양천구,신정4동,"31,161",847,"1,800","4,498","5,004","4,067","5,200","4,837","3,443","1,309",151,5
서울특별시,양천구,신정6동,"23,758","1,645","3,647","2,206","2,316","4,608","3,950","3,012","1,755",500,116,3
서울특별시,양천구,신정7동,"27,580","1,480","3,179","2,475","2,797","4,563","4,640","4,286","2,808","1,131",215,6
서울특별시,강서구,,"547,821","25,881","39,637","69,047","96,839","81,053","80,868","78,536","52,022","20,419","3,418",101
서울특별시,강서구,염창동,"40,967","3,079","4,214","4,764","7,643","6,996","6,152","4,579","2,519",874,144,3
서울특별시,강서구,등촌제1동,"24,852","1,158","1,079","4,005","6,910","3,650","2,983","2,635","1,475",730,219,8
서울특별시,강서구,등촌제2동,"18,830",781,"1,294","2,355","3,333","2,612","2,881","2,991","1,864",601,116,2
서울특별시,강서구,등촌제3동,"28,436","1,350","1,463","2,657","4,774","3,546","3,762","5,312","3,577","1,643",338,14
서울특별시,강서구,화곡제1동,"49,574","1,526","2,149","7,636","10,166","6,914","7,010","7,235","4,893","1,815",226,4
서울특별시,강서구,화곡제2동,"16,638",622,"1,178","2,047","2,639","2,468","2,802","2,568","1,616",634,59,5
서울특별시,강서구,화곡제3동,"20,398",751,"1,539","2,526","2,965","2,874","3,086","3,220","2,426",883,127,1
서울특별시,강서구,화곡제4동,"18,957",596,"1,149","2,080","2,743","2,811","3,176","3,231","2,180",862,126,3
서울특별시,강서구,화곡본동,"31,606","1,011","1,977","4,659","6,036","4,612","4,837","4,474","2,790","1,047",160,3
서울특별시,강서구,화곡제6동,"25,204","1,311","1,355","3,662","5,008","3,486","3,517","3,662","2,318",742,136,7
서울특별시,강서구,화곡제8동,"22,283",649,"1,271","2,920","3,650","3,152","3,553","3,482","2,496","1,006",103,1
서울특별시,강서구,가양제1동,"33,295","1,223","1,479","6,829","9,339","4,457","3,930","3,581","1,752",600,100,5
서울특별시,강서구,가양제2동,"12,787",374,380,"1,030","2,117","1,346","1,387","2,713","2,317",919,201,3
서울특별시,강서구,가양제3동,"13,300",575,326,"1,008","2,849","1,685","1,575","2,394","1,926",840,118,4
서울특별시,강서구,발산제1동,"34,517","1,942","4,450","4,008","3,903","5,521","6,185","4,406","2,748","1,141",208,5
서울특별시,강서구,우장산동,"43,565","2,614","5,235","5,216","5,419","7,538","7,349","5,219","3,601","1,196",170,8
서울특별시,강서구,공항동,"28,686","2,041","2,645","3,275","4,742","5,075","4,056","3,577","2,215",899,157,4
서울특별시,강서구,방화제1동,"40,415","2,586","4,122","4,079","5,384","6,494","6,279","5,829","3,786","1,564",285,7
서울특별시,강서구,방화제2동,"22,354",808,"1,182","2,570","3,968","2,898","3,202","3,724","2,609","1,208",178,7
서울특별시,강서구,방화제3동,"21,157",884,"1,150","1,721","3,251","2,918","3,146","3,704","2,914","1,215",247,7
서울특별시,구로구,,"382,302","18,954","26,581","44,816","62,093","53,873","59,475","57,587","39,973","16,601","2,304",45
서울특별시,구로구,신도림동,"35,718","2,643","3,609","3,784","6,059","6,302","5,330","4,142","2,749",940,155,5
서울특별시,구로구,구로제1동,"20,014","1,339","1,792","2,140","3,664","3,293","2,959","2,685","1,521",521,97,3
서울특별시,구로구,구로제2동,"21,586",516,"1,040","2,399","2,876","2,298","3,890","4,129","2,863","1,398",175,2
서울특별시,구로구,구로제3동,"22,634",727,"1,201","3,931","4,765","3,393","3,169","2,647","1,886",790,124,1
서울특별시,구로구,구로제4동,"17,537",456,684,"1,989","2,699","2,062","2,805","3,183","2,335","1,176",146,2
서울특별시,구로구,구로제5동,"28,435","1,313","1,276","4,199","5,846","3,721","4,175","3,973","2,614","1,161",152,5
서울특별시,구로구,가리봉동,"8,871",168,240,"1,460","1,686",911,"1,373","1,606",941,408,75,3
서울특별시,구로구,고척제1동,"26,234","1,796","1,758","2,910","5,092","3,638","3,844","3,596","2,529",940,129,2
서울특별시,구로구,고척제2동,"24,683","1,069","1,849","2,610","3,074","3,083","4,424","4,251","2,891","1,250",181,1
서울특별시,구로구,개봉제1동,"33,128","1,869","2,075","3,365","5,323","4,469","5,211","5,446","3,647","1,533",183,7
서울특별시,구로구,개봉제2동,"29,083","1,380","1,828","3,215","4,149","3,936","4,506","4,726","3,738","1,436",168,1
서울특별시,구로구,개봉제3동,"18,482",647,"1,154","1,765","2,418","2,441","3,147","3,420","2,427",931,131,1
서울특별시,구로구,오류제1동,"23,027",854,"1,037","3,934","4,904","2,982","3,006","2,989","2,208",973,138,2
서울특별시,구로구,오류제2동,"35,329","1,540","3,544","3,656","4,425","4,956","6,038","5,170","3,965","1,777",252,6
서울특별시,구로구,수궁동,"21,589",843,"1,630","2,219","2,731","2,942","3,605","3,862","2,560","1,061",133,3
서울특별시,구로구,항동,"15,952","1,794","1,864","1,240","2,382","3,446","1,993","1,762","1,099",306,65,1
서울특별시,금천구,,"222,368","7,976","11,799","30,560","40,464","27,255","34,140","37,161","22,215","9,476","1,297",25
서울특별시,금천구,가산동,"25,639",558,558,"6,310","7,904","2,952","2,565","2,649","1,498",575,67,3
서울특별시,금천구,독산제1동,"47,736","2,518","2,420","7,886","11,644","6,569","5,991","5,920","3,165","1,430",190,3
서울특별시,금천구,독산제2동,"16,964",511,873,"1,844","2,574","1,982","2,969","3,404","1,961",729,113,4
서울특별시,금천구,독산제3동,"22,518",551,995,"2,911","3,751","2,551","3,678","4,353","2,501","1,060",164,3
서울특별시,금천구,독산제4동,"13,775",367,671,"1,492","2,015","1,515","2,474","2,933","1,638",615,55,0
서울특별시,금천구,시흥제1동,"30,949","1,099","1,869","3,731","4,893","3,901","5,102","5,282","3,349","1,491",229,3
서울특별시,금천구,시흥제2동,"19,668",951,"1,784","1,870","2,135","2,613","3,404","3,553","2,208","1,018",127,5
서울특별시,금천구,시흥제3동,"9,865",304,544,"1,029","1,289","1,145","1,705","1,988","1,282",511,68,0
서울특별시,금천구,시흥제4동,"18,166",562,"1,105","1,764","2,195","2,112","3,236","3,765","2,367",947,111,2
서울특별시,금천구,시흥제5동,"17,088",555,980,"1,723","2,064","1,915","3,016","3,314","2,246","1,100",173,2
서울특별시,영등포구, ,"371,420","19,495","22,276","51,315","75,199","51,872","53,568","49,003","31,558","14,738","2,342",54
서울특별시,영등포구,영등포본동,"20,189",975,"1,029","2,290","3,395","2,613","3,256","3,391","2,163",927,148,2
서울특별시,영등포구,영등포동,"31,213",952,842,"7,095","9,947","3,724","3,294","2,882","1,670",676,126,5
서울특별시,영등포구,여의동,"33,914","2,230","2,883","3,419","4,994","5,326","5,514","4,537","2,951","1,685",370,5
서울특별시,영등포구,당산제1동,"20,973",907,871,"3,286","5,434","2,704","2,664","2,521","1,681",772,132,1
서울특별시,영등포구,당산제2동,"36,222","2,171","2,252","6,096","8,404","5,229","4,592","3,846","2,393","1,060",174,5
서울특별시,영등포구,도림동,"17,519",659,782,"2,390","3,492","2,224","2,781","2,638","1,643",801,106,3
서울특별시,영등포구,문래동,"31,057","2,447","2,903","3,213","5,354","5,597","4,607","3,237","2,387","1,118",190,4
서울특별시,영등포구,양평제1동,"19,636","1,204","1,125","2,880","5,096","3,131","2,458","1,811","1,237",616,77,1
서울특별시,영등포구,양평제2동,"22,354","1,366","1,291","3,304","5,703","3,300","2,964","2,397","1,333",606,89,1
서울특별시,영등포구,신길제1동,"18,870",563,815,"3,254","3,746","2,289","2,798","2,702","1,687",868,145,3
서울특별시,영등포구,신길제3동,"16,048",865,"1,029","1,706","2,643","2,226","2,454","2,607","1,652",770,93,3
서울특별시,영등포구,신길제4동,"11,752",580,792,"1,192","1,829","1,684","1,899","1,953","1,214",529,75,5
서울특별시,영등포구,신길제5동,"9,496",543,717,940,"1,268","1,364","1,506","1,588","1,071",453,46,0
서울특별시,영등포구,신길제6동,"17,675",760,969,"2,700","3,522","2,095","2,552","2,576","1,660",722,117,2
서울특별시,영등포구,신길제7동,"19,305","1,700","1,889","1,981","3,316","3,335","2,760","2,283","1,356",576,105,4
서울특별시,영등포구,대림제1동,"13,177",515,676,"1,629","1,746","1,536","2,195","2,305","1,688",758,127,2
서울특별시,영등포구,대림제2동,"11,429",243,442,"1,593","1,983","1,166","1,886","1,875","1,422",742,73,4
서울특별시,영등포구,대림제3동,"20,591",815,969,"2,347","3,327","2,329","3,388","3,854","2,350","1,059",149,4
서울특별시,동작구,,"371,324","17,155","24,775","58,640","62,385","50,311","56,183","49,643","33,616","16,108","2,456",52
서울특별시,동작구,노량진제1동,"33,409","1,457","1,746","5,921","6,755","4,163","4,375","4,394","2,867","1,470",257,4
서울특별시,동작구,노량진제2동,"7,391",93,226,"1,401","1,561",815,957,"1,157",764,350,66,1
서울특별시,동작구,상도제1동,"43,946","1,722","3,113","10,477","5,732","5,070","6,517","5,507","3,676","1,832",293,7
서울특별시,동작구,상도제2동,"26,674","1,738","2,050","3,597","4,223","4,157","4,116","3,379","2,155","1,062",190,7
서울특별시,동작구,상도제3동,"23,306",650,"1,253","3,602","4,005","2,936","3,683","3,500","2,341","1,195",136,5
서울특별시,동작구,상도제4동,"28,593","1,193","1,657","3,863","4,995","3,957","4,460","4,292","2,722","1,277",174,3
서울특별시,동작구,흑석동,"29,799","2,090","2,314","4,052","3,992","4,513","4,924","4,005","2,403","1,270",231,5
서울특별시,동작구,사당제1동,"22,111",483,757,"4,473","5,281","2,650","2,665","2,821","2,049",847,83,2
서울특별시,동작구,사당제2동,"27,574","1,481","1,752","3,078","4,433","3,927","4,495","3,890","2,939","1,367",206,6
서울특별시,동작구,사당제3동,"23,124","1,482","1,516","2,586","3,693","3,400","3,443","3,309","2,507","1,050",136,2
서울특별시,동작구,사당제4동,"13,488",436,634,"2,037","2,477","1,708","2,020","1,962","1,445",683,85,1
서울특별시,동작구,사당제5동,"13,673",744,833,"1,753","2,621","1,951","2,033","1,858","1,257",544,78,1
서울특별시,동작구,대방동,"33,405","1,306","3,252","5,236","5,060","4,915","5,435","3,920","2,769","1,268",240,4
서울특별시,동작구,신대방제1동,"22,734","1,118","1,977","3,044","3,337","3,148","3,806","3,167","2,028",967,141,1
서울특별시,동작구,신대방제2동,"22,097","1,162","1,695","3,520","4,220","3,001","3,254","2,482","1,694",926,140,3
서울특별시,관악구,,"477,297","13,321","23,276","100,649","95,086","57,163","63,877","59,665","42,234","19,535","2,440",51
서울특별시,관악구,보라매동,"22,885",633,"1,200","3,838","4,266","2,818","3,250","3,271","2,327","1,130",145,7
서울특별시,관악구,청림동,"14,099",862,935,"1,493","2,397","2,024","2,250","1,961","1,339",728,109,1
서울특별시,관악구,성현동,"29,432","1,626","2,541","3,376","4,115","4,260","4,993","4,061","2,874","1,409",172,5
서울특별시,관악구,행운동,"28,396",660,"1,193","6,900","6,474","3,244","3,357","3,059","2,335","1,030",141,3
서울특별시,관악구,낙성대동,"17,678",417,766,"5,874","4,295","1,726","1,678","1,338",992,520,70,2
서울특별시,관악구,청룡동,"36,134",824,"1,450","11,460","7,961","3,551","3,878","3,279","2,418","1,174",135,4
서울특별시,관악구,은천동,"31,236","1,243","2,197","4,752","5,302","4,177","4,588","4,247","3,136","1,421",169,4
서울특별시,관악구,중앙동,"15,205",241,510,"4,369","3,551","1,534","1,571","1,538","1,205",608,78,0
서울특별시,관악구,인헌동,"24,891",590,"1,134","5,560","5,126","2,850","3,293","3,031","2,196",986,122,3
서울특별시,관악구,남현동,"17,072",559,698,"3,291","3,756","2,017","2,236","2,239","1,527",667,82,0
서울특별시,관악구,서원동,"22,728",371,672,"5,782","5,628","2,555","2,572","2,507","1,737",829,72,3
서울특별시,관악구,신원동,"17,109",257,619,"3,732","3,622","1,965","2,167","2,145","1,645",849,106,2
서울특별시,관악구,서림동,"23,602",462,915,"5,593","5,012","2,998","2,947","2,783","1,927",848,115,2
서울특별시,관악구,신사동,"22,010",352,844,"5,548","4,677","2,297","2,845","2,631","1,849",867,98,2
서울특별시,관악구,신림동,"23,451",196,449,"8,304","7,208","2,481","1,836","1,473","1,003",447,53,1
서울특별시,관악구,난향동,"14,222",672,"1,295","1,439","1,516","2,184","2,746","2,157","1,493",632,87,1
서울특별시,관악구,조원동,"19,935",723,721,"4,272","4,803","2,377","2,295","2,382","1,606",658,96,2
서울특별시,관악구,대학동,"25,084",449,911,"6,683","5,384","3,238","3,381","2,578","1,614",737,106,3
서울특별시,관악구,삼성동,"19,850",608,"1,004","1,797","2,338","2,322","3,458","3,938","2,830","1,359",194,2
서울특별시,관악구,미성동,"28,290",971,"1,859","3,760","4,058","3,672","4,507","4,695","3,275","1,344",147,2
서울특별시,관악구,난곡동,"23,988",605,"1,363","2,826","3,597","2,873","4,029","4,352","2,906","1,292",143,2
서울특별시,서초구,,"416,928","26,217","45,826","47,395","57,459","71,183","69,390","48,943","33,753","14,403","2,297",62
서울특별시,서초구,서초1동,"19,996",925,"1,741","2,560","3,287","3,293","3,337","2,343","1,666",721,118,5
서울특별시,서초구,서초2동,"24,862","1,745","2,473","3,106","4,778","4,532","3,633","2,202","1,590",703,97,3
서울특별시,서초구,서초3동,"32,129","1,378","2,616","4,891","5,540","4,670","5,220","3,846","2,584","1,188",187,9
서울특별시,서초구,서초4동,"29,895","2,101","4,088","3,274","2,930","5,567","5,279","3,182","2,271","1,050",151,2
서울특별시,서초구,잠원동,"34,587","2,585","4,184","3,783","4,294","6,163","6,267","3,860","2,315",956,176,4
서울특별시,서초구,반포본동,"2,606",286,358,251,264,460,451,262,200,68,6,0
서울특별시,서초구,반포1동,"33,069","2,486","4,283","3,510","4,474","7,081","5,088","2,999","2,156",854,132,6
서울특별시,서초구,반포2동,"26,431","2,381","4,204","2,482","2,286","5,013","4,659","2,554","1,877",863,108,4
서울특별시,서초구,반포3동,"23,489","1,685","3,065","2,558","2,485","4,010","4,596","2,537","1,660",760,132,1
서울특별시,서초구,반포4동,"17,732","1,287","1,987","1,826","2,134","3,122","2,981","2,174","1,525",587,106,3
서울특별시,서초구,방배본동,"19,706","1,032","2,479","2,231","2,298","3,216","3,567","2,419","1,535",779,146,4
서울특별시,서초구,방배1동,"16,385",780,"1,402","1,966","2,615","2,615","2,563","2,054","1,559",714,116,1
서울특별시,서초구,방배2동,"17,387",769,"1,421","2,040","2,587","2,485","2,759","2,611","1,820",790,105,0
서울특별시,서초구,방배3동,"15,344",920,"1,651","1,598","1,705","2,409","2,598","2,180","1,573",599,108,3
서울특별시,서초구,방배4동,"25,684","1,529","2,965","2,929","3,542","4,511","4,353","2,801","1,907","1,000",141,6
서울특별시,서초구,양재1동,"40,296","2,322","3,891","4,241","5,866","6,145","6,367","5,726","4,010","1,453",268,7
서울특별시,서초구,양재2동,"20,730",859,"1,308","2,742","4,245","3,167","3,278","2,777","1,647",634,70,3
서울특별시,서초구,내곡동,"16,600","1,147","1,710","1,407","2,129","2,724","2,394","2,416","1,858",684,130,1
서울특별시,강남구,,"552,357","30,990","63,765","61,208","78,643","98,760","89,125","63,183","45,639","18,077","2,866",101
서울특별시,강남구,신사동,"14,913",751,"1,432","1,716","1,868","2,324","2,601","1,776","1,485",823,133,4
서울특별시,강남구,논현1동,"20,595",475,822,"3,225","5,197","3,618","2,817","2,147","1,504",689,96,5
서울특별시,강남구,논현2동,"20,074",765,"1,207","2,684","4,037","3,598","3,185","2,159","1,575",741,116,7
서울특별시,강남구,압구정동,"25,300","1,643","2,717","2,517","2,639","4,080","4,337","3,182","2,601","1,350",229,5
서울특별시,강남구,청담동,"26,480","1,588","2,460","3,083","3,684","4,613","4,404","3,368","2,184",952,139,5
서울특별시,강남구,삼성1동,"12,716",646,"1,114","1,474","1,755","1,919","2,163","1,755","1,299",521,69,1
서울특별시,강남구,삼성2동,"30,137","1,644","3,418","3,609","4,511","5,708","5,381","2,710","2,041",997,114,4
서울특별시,강남구,대치1동,"23,538","1,306","5,291","2,135","1,193","5,063","4,384","2,099","1,474",505,84,4
서울특별시,강남구,대치2동,"38,321","2,087","7,044","3,490","3,011","7,497","6,707","4,293","3,111",939,137,5
서울특별시,강남구,대치4동,"18,200",507,"2,136","2,677","3,097","3,200","3,310","1,643","1,064",506,59,1
서울특별시,강남구,역삼1동,"34,346",750,"1,358","5,914","9,722","6,232","4,556","2,996","1,865",834,116,3
서울특별시,강남구,역삼2동,"35,971","1,731","5,720","4,206","4,412","7,732","6,495","2,673","1,961",928,111,2
서울특별시,강남구,도곡1동,"20,798","1,316","2,523","2,304","2,813","3,694","3,290","2,497","1,670",585,105,1
서울특별시,강남구,도곡2동,"30,788","2,027","4,509","3,089","2,675","5,583","5,331","3,480","2,743","1,145",199,7
서울특별시,강남구,개포1동,"26,489","2,166","3,703","2,221","2,768","4,942","4,306","3,418","2,225",644,90,6
서울특별시,강남구,개포2동,"39,997","3,620","5,128","3,814","5,622","7,301","6,439","4,320","2,845",793,112,3
서울특별시,강남구,개포3동,"15,443",889,"1,611","1,196","2,258","2,715","2,116","1,991","1,891",670,100,6
서울특별시,강남구,개포4동,"22,941","1,430","2,098","2,447","3,536","3,724","3,780","3,230","1,927",657,108,4
서울특별시,강남구,세곡동,"45,665","3,162","4,941","4,866","7,400","7,687","6,460","5,520","3,703","1,588",330,8
서울특별시,강남구,일원본동,"22,256","1,511","3,210","1,992","2,440","4,215","3,483","2,853","1,897",514,135,6
서울특별시,강남구,일원1동,"13,986",461,881,"1,653","2,166","1,852","1,985","2,358","1,838",678,112,2
서울특별시,강남구,수서동,"13,403",515,442,896,"1,839","1,463","1,595","2,715","2,736","1,018",172,12
서울특별시,송파구,,"649,212","39,115","57,858","74,319","106,548","105,029","98,656","88,166","55,978","20,092","3,363",88
서울특별시,송파구,풍납1동,"10,508",400,585,993,"1,507","1,331","1,720","2,050","1,313",541,67,1
서울특별시,송파구,풍납2동,"23,026","1,323","1,742","3,136","3,714","3,402","3,442","3,205","2,120",800,137,5
서울특별시,송파구,거여1동,"11,771",394,719,"1,324","1,655","1,436","2,084","2,107","1,405",561,84,2
서울특별시,송파구,거여2동,"22,868","1,406","1,701","2,136","3,357","3,366","3,805","3,593","2,402",949,151,2
서울특별시,송파구,마천1동,"15,017",483,"1,065","1,490","1,686","1,741","2,729","2,933","1,920",862,107,1
서울특별시,송파구,마천2동,"16,801",458,908,"1,632","1,961","1,974","3,011","3,528","2,228",957,144,0
서울특별시,송파구,방이1동,"14,705",767,"1,417","1,744","2,107","2,343","2,362","2,197","1,253",434,77,4
서울특별시,송파구,방이2동,"26,381",764,"1,067","4,509","7,118","3,814","3,256","3,027","1,991",719,114,2
서울특별시,송파구,오륜동,"17,354","1,065","2,417","1,638","1,541","3,055","2,678","2,561","1,827",466,104,2
서울특별시,송파구,오금동,"36,909","1,946","3,061","3,988","5,063","5,236","6,197","6,154","3,732","1,235",289,8
서울특별시,송파구,송파1동,"22,816",832,"1,074","3,505","5,613","3,177","3,048","2,884","1,891",678,111,3
서울특별시,송파구,송파2동,"16,890","1,126","1,734","1,790","2,587","2,912","2,456","2,327","1,404",469,84,1
서울특별시,송파구,석촌동,"29,892",950,"1,461","4,342","7,001","4,374","4,270","3,926","2,502",940,125,1
서울특별시,송파구,삼전동,"28,102",844,"1,640","4,040","6,532","4,324","4,107","3,524","2,143",827,118,3
서울특별시,송파구,가락본동,"24,551","1,225","1,472","2,956","4,632","3,435","3,908","3,950","2,064",780,126,3
서울특별시,송파구,가락1동,"27,101","2,747","3,135","2,076","4,048","5,336","3,476","3,436","2,210",572,62,3
서울특별시,송파구,가락2동,"27,872","1,707","2,845","3,218","4,232","4,557","4,453","3,873","2,102",748,133,4
서울특별시,송파구,문정1동,"19,580","1,012","1,334","2,626","3,616","2,693","2,819","3,098","1,727",560,93,2
서울특별시,송파구,문정2동,"28,540","1,280","1,511","3,910","7,401","4,634","3,462","3,042","2,228",895,173,4
서울특별시,송파구,장지동,"30,717","2,206","2,404","3,205","5,355","4,628","4,568","4,512","2,710",941,183,5
서울특별시,송파구,위례동,"44,813","5,221","6,799","3,970","6,123","9,269","6,492","4,101","2,060",629,142,7
서울특별시,송파구,잠실본동,"26,809",796,"1,381","4,204","6,574","3,978","3,706","3,282","2,065",708,111,4
서울특별시,송파구,잠실2동,"34,473","2,960","5,661","3,332","2,932","7,643","5,983","2,964","2,100",774,123,1
서울특별시,송파구,잠실3동,"33,389","2,233","4,245","3,178","3,159","5,967","5,582","4,393","3,360","1,118",149,5
서울특별시,송파구,잠실4동,"32,985","3,347","3,897","2,859","4,265","6,309","5,035","3,760","2,537",839,131,6
서울특별시,송파구,잠실6동,"16,099","1,132","1,732","1,550","1,863","2,803","2,514","2,305","1,507",575,113,5
서울특별시,송파구,잠실7동,"9,243",491,851,968,906,"1,292","1,493","1,434","1,177",515,112,4
서울특별시,강동구,,"498,222","31,359","44,042","53,590","76,869","81,166","75,054","71,755","45,810","15,986","2,509",82
서울특별시,강동구,강일동,"34,173","2,797","3,752","3,248","4,094","5,540","5,166","4,932","3,253","1,162",222,7
서울특별시,강동구,상일제1동,"38,947","3,768","5,569","2,925","4,434","8,198","5,533","4,861","2,793",741,114,11
서울특별시,강동구,상일제2동,"13,118","1,077","1,601","1,504","1,728","2,090","2,022","1,472","1,089",440,89,6
서울특별시,강동구,명일제1동,"24,773","1,915","2,308","2,307","3,545","4,251","3,672","3,500","2,394",748,131,2
서울특별시,강동구,명일제2동,"16,844",843,"2,425","1,860","1,784","2,921","2,647","2,260","1,615",399,85,5
서울특별시,강동구,고덕제1동,"23,550","1,764","4,198","1,792","2,134","5,269","3,527","2,696","1,591",465,110,4
서울특별시,강동구,고덕제2동,"26,270","2,489","3,182","2,205","3,889","5,251","3,611","3,011","1,950",572,108,2
서울특별시,강동구,암사제1동,"32,412","1,392","2,165","3,560","4,714","4,704","5,407","5,438","3,446","1,370",210,6
서울특별시,강동구,암사제2동,"14,517",995,914,"1,567","2,732","2,148","2,231","2,002","1,270",576,81,1
서울특별시,강동구,암사제3동,"16,835","1,272","2,009","1,542","1,957","3,010","2,603","2,252","1,580",534,72,4
서울특별시,강동구,천호제1동,"23,741",775,"1,313","2,665","3,627","3,131","3,876","4,259","2,843","1,116",134,2
서울특별시,강동구,천호제2동,"36,033","1,549","1,724","4,420","7,163","5,107","5,442","5,629","3,437","1,381",177,4
서울특별시,강동구,천호제3동,"27,770","1,030","1,145","4,199","5,843","3,611","3,998","4,141","2,622","1,016",157,8
서울특별시,강동구,성내제1동,"18,809","1,079","1,443","2,229","3,045","2,882","3,001","2,667","1,752",625,81,5
서울특별시,강동구,성내제2동,"23,768",800,"1,048","3,426","4,966","3,088","3,333","3,580","2,416",979,130,2
서울특별시,강동구,성내제3동,"21,559",798,"1,379","2,771","3,377","3,048","3,603","3,429","2,157",888,108,1
서울특별시,강동구,길동,"46,943","1,998","2,625","6,047","8,256","6,639","7,195","7,490","4,743","1,687",257,6
서울특별시,강동구,둔촌제1동,"33,034","3,481","3,361","2,564","5,488","6,594","4,391","4,214","2,411",439,87,4
서울특별시,강동구,둔촌제2동,"25,126","1,537","1,881","2,759","4,093","3,684","3,796","3,922","2,448",848,156,2
전남광주통합특별시,, ,"3,155,803","175,148","296,419","317,284","345,179","431,689","538,480","520,217","323,081","174,918","32,623",765
전남광주통합특별시,목포시,목포시 ,"198,981","9,424","20,954","20,109","19,215","29,833","35,805","32,073","20,414","9,776","1,349",29
전남광주통합특별시,목포시,용당1동,"8,643",221,528,623,595,"1,011","1,428","1,795","1,578",774,85,5
전남광주통합특별시,목포시,용당2동,"4,262",92,231,258,300,473,679,934,813,423,57,2
전남광주통합특별시,목포시,연동,"3,555",52,195,211,201,378,578,761,736,395,48,0
전남광주통합특별시,목포시,산정동,"8,406",372,903,783,737,"1,137","1,561","1,463",953,436,61,0
전남광주통합특별시,목포시,연산동,"9,494",879,"1,386",891,"1,211","1,857","1,464",974,571,220,41,0
전남광주통합특별시,목포시,원산동,"10,844",387,"1,115","1,176",979,"1,502","2,084","1,922","1,085",527,65,2
전남광주통합특별시,목포시,대성동,"4,346",271,398,381,396,676,732,720,485,253,34,0
전남광주통합특별시,목포시,목원동,"5,786",88,249,376,382,530,"1,001","1,264","1,169",638,86,3
전남광주통합특별시,목포시,동명동,"4,263",81,217,255,248,484,705,841,907,475,48,2
전남광주통합특별시,목포시,삼학동,"5,182",172,537,430,369,720,865,936,767,352,34,0
전남광주통합특별시,목포시,만호동,"2,225",33,66,116,95,234,395,488,493,257,48,0
전남광주통합특별시,목포시,유달동,"3,546",72,163,349,224,385,602,712,598,383,56,2
전남광주통합특별시,목포시,죽교동,"2,459",46,175,200,150,253,404,512,422,262,34,1
전남광주통합특별시,목포시,북항동,"7,870",309,757,728,681,"1,094","1,369","1,489",960,434,48,1
전남광주통합특별시,목포시,용해동,"14,881",714,"2,069","1,521","1,302","2,511","2,669","2,136","1,261",606,89,3
전남광주통합특별시,목포시,이로동,"9,605",534,"1,238",886,816,"1,531","1,601","1,469",989,467,73,1
전남광주통합특별시,목포시,상동,"20,832","1,289","2,062","2,010","2,290","3,174","3,802","3,282","1,973",822,126,2
전남광주통합특별시,목포시,하당동,"14,346",760,"1,401","2,094","1,930","2,307","2,655","1,890",903,363,42,1
전남광주통합특별시,목포시,신흥동,"15,572",705,"1,653","1,824","1,753","2,317","2,914","2,656","1,108",553,89,0
전남광주통합특별시,목포시,삼향동,"4,147",144,423,408,362,576,782,745,446,224,36,1
전남광주통합특별시,목포시,옥암동,"10,073",546,"1,327","1,128","1,023","1,703","1,918","1,425",682,284,36,1
전남광주통합특별시,목포시,부흥동,"7,435",247,672,867,871,"1,078","1,489","1,276",572,311,51,1
전남광주통합특별시,목포시,부주동,"21,209","1,410","3,189","2,594","2,300","3,902","4,108","2,383",943,317,62,1
전남광주통합특별시,여수시,여수시 ,"259,857","13,765","23,513","23,902","27,040","34,959","45,012","45,929","29,973","13,501","2,201",62
전남광주통합특별시,여수시,돌산읍,"2,239",27,57,59,91,139,308,602,542,345,67,2
전남광주통합특별시,여수시,돌산읍우두출장소,"7,821",236,595,505,526,"1,055","1,333","1,645","1,203",606,113,4
전남광주통합특별시,여수시,돌산읍죽포출장소,"1,704",18,41,73,68,78,252,443,432,244,50,5
전남광주통합특별시,여수시,소라면,"20,864","1,447","2,339","1,723","2,362","3,210","3,499","3,530","1,722",896,133,3
전남광주통합특별시,여수시,율촌면,"5,997",154,309,350,383,589,997,"1,370","1,034",660,147,4
전남광주통합특별시,여수시,화양면,"5,779",104,182,280,285,413,937,"1,552","1,148",725,150,3
전남광주통합특별시,여수시,남면,"2,497",33,80,78,83,167,352,671,596,363,72,2
전남광주통합특별시,여수시,화정면,"1,250",10,21,29,45,68,162,329,300,235,48,3
전남광주통합특별시,여수시,화정면개도출장소,737,4,36,17,22,47,129,181,170,110,20,1
전남광주통합특별시,여수시,삼산면,"1,946",29,75,80,106,152,363,583,354,167,34,3
전남광주통합특별시,여수시,동문동,"3,871",119,267,274,318,429,559,715,812,335,43,0
전남광주통합특별시,여수시,한려동,"2,508",48,110,216,236,276,374,454,514,249,31,0
전남광주통합특별시,여수시,중앙동,"3,512",53,168,217,243,335,586,746,763,364,37,0
전남광주통합특별시,여수시,충무동,"3,231",48,128,218,222,274,485,670,716,412,58,0
전남광주통합특별시,여수시,광림동,"5,748",208,337,413,527,659,920,"1,142","1,050",433,59,0
전남광주통합특별시,여수시,서강동,"3,650",125,162,292,344,399,515,739,697,332,44,1
전남광주통합특별시,여수시,대교동,"4,374",87,173,237,281,442,657,940,"1,021",470,65,1
전남광주통합특별시,여수시,국동,"9,543",299,728,691,756,"1,132","1,540","2,114","1,556",658,67,2
전남광주통합특별시,여수시,월호동,"6,891",351,589,529,625,868,"1,076","1,386","1,035",378,53,1
전남광주통합특별시,여수시,여서동,"15,005",492,"1,296","1,382","1,421","1,867","2,587","3,109","1,938",785,126,2
전남광주통합특별시,여수시,문수동,"17,971",938,"1,905","1,748","1,722","2,768","3,148","2,889","1,997",742,110,4
전남광주통합특별시,여수시,미평동,"10,966",415,894,"1,496","1,046","1,333","2,006","2,033","1,182",493,67,1
전남광주통합특별시,여수시,둔덕동,"9,080",408,909,"1,043",832,"1,216","1,839","1,587",894,311,40,1
전남광주통합특별시,여수시,만덕동,"9,883",636,"1,066",786,"1,002","1,518","1,497","1,619","1,180",510,68,1
전남광주통합특별시,여수시,쌍봉동,"31,122","1,987","3,330","3,704","4,022","4,534","5,981","4,510","2,183",748,122,1
전남광주통합특별시,여수시,시전동,"42,978","4,366","5,211","4,392","6,445","7,228","7,316","5,091","2,141",662,120,6
전남광주통합특별시,여수시,여천동,"18,432",610,"1,374","2,118","2,122","2,214","3,683","3,705","1,756",701,143,6
전남광주통합특별시,여수시,주삼동,"7,313",482,"1,006",759,752,"1,329","1,385",813,496,249,41,1
전남광주통합특별시,여수시,삼일동,"1,913",26,72,132,112,148,345,496,356,186,39,1
전남광주통합특별시,여수시,묘도동,"1,032",5,53,61,41,72,181,265,185,132,34,3
전남광주통합특별시,순천시,순천시 ,"273,399","17,553","27,663","28,641","32,636","37,935","47,187","44,012","23,613","11,603","2,501",55
전남광주통합특별시,순천시,승주읍,"2,273",22,72,82,87,126,338,653,449,356,87,1
전남광주통합특별시,순천시,해룡면,"3,992",45,151,224,197,264,691,"1,057",746,489,126,2
전남광주통합특별시,순천시,해룡면상삼출장소,"17,510",988,"1,933","2,482","2,338","2,488","3,778","2,397",711,328,66,1
전남광주통합특별시,순천시,해룡면신대출장소,"32,652","4,153","5,708","2,980","5,318","7,133","4,534","2,014",608,161,41,2
전남광주통합특별시,순천시,서면,"14,924","1,109","1,211","1,195","1,963","1,935","2,479","2,591","1,529",747,164,1
전남광주통합특별시,순천시,황전면,"2,527",20,65,74,72,121,343,681,601,437,110,3
전남광주통합특별시,순천시,월등면,"1,559",13,35,46,60,80,221,458,358,222,64,2
전남광주통합특별시,순천시,주암면,"2,746",29,73,88,119,137,362,749,616,467,103,3
전남광주통합특별시,순천시,송광면,"1,318",4,20,35,43,70,197,369,288,231,58,3
전남광주통합특별시,순천시,외서면,724,9,16,20,19,29,87,216,153,133,40,2
전남광주통합특별시,순천시,낙안면,"2,750",39,93,101,119,151,364,750,612,427,92,2
전남광주통합특별시,순천시,별량면,"4,916",70,179,233,223,301,748,"1,297",958,724,178,5
전남광주통합특별시,순천시,상사면,"2,755",48,90,192,146,162,470,756,475,307,107,2
전남광주통합특별시,순천시,향동,"3,058",70,193,239,216,278,457,623,595,324,62,1
전남광주통합특별시,순천시,매곡동,"6,181",330,513,963,668,693,880,928,694,441,70,1
전남광주통합특별시,순천시,삼산동,"28,541","1,960","2,835","3,644","3,584","3,811","4,729","4,542","2,375",861,193,7
전남광주통합특별시,순천시,조곡동,"6,941",419,561,721,839,876,"1,225","1,190",719,336,53,2
전남광주통합특별시,순천시,덕연동,"38,748","1,787","4,078","4,435","4,172","5,315","7,543","6,989","3,126","1,111",189,3
전남광주통합특별시,순천시,풍덕동,"6,619",197,457,588,553,737,"1,061","1,349","1,050",543,83,1
전남광주통합특별시,순천시,남제동,"7,281",193,433,589,590,728,"1,227","1,613","1,221",582,105,0
전남광주통합특별시,순천시,저전동,"2,448",70,134,180,215,254,366,474,457,258,40,0
전남광주통합특별시,순천시,장천동,"1,689",25,46,130,143,170,283,432,300,127,31,2
전남광주통합특별시,순천시,중앙동,"2,332",52,106,173,217,242,405,492,409,203,32,1
전남광주통합특별시,순천시,도사동,"16,557","1,118","1,897","1,488","1,742","2,631","2,763","2,643","1,476",642,154,3
전남광주통합특별시,순천시,왕조1동,"45,956","3,884","4,946","5,477","6,930","6,907","8,207","6,211","2,304",883,203,4
전남광주통합특별시,순천시,왕조2동,"16,402",899,"1,818","2,262","2,063","2,296","3,429","2,538",783,263,50,1
전남광주통합특별시,나주시,나주시 ,"116,667","8,252","10,527","9,671","14,583","16,338","17,217","18,948","12,305","7,385","1,403",38
전남광주통합특별시,나주시,남평읍,"11,548",730,957,717,"1,161","1,678","1,807","2,259","1,377",710,148,4
전남광주통합특별시,나주시,세지면,"2,245",29,76,114,108,162,300,598,467,325,66,0
전남광주통합특별시,나주시,왕곡면,"2,518",44,72,160,131,181,372,650,491,340,75,2
전남광주통합특별시,나주시,반남면,"1,207",12,26,40,50,83,177,319,262,202,36,0
전남광주통합특별시,나주시,공산면,"1,988",30,100,92,80,147,275,498,402,303,59,2
전남광주통합특별시,나주시,동강면,"2,148",22,67,95,88,136,292,550,463,353,80,2
전남광주통합특별시,나주시,다시면,"3,172",39,94,143,162,212,470,849,651,459,87,6
전남광주통합특별시,나주시,문평면,"1,664",12,33,68,70,92,235,475,337,275,65,2
전남광주통합특별시,나주시,노안면,"4,049",51,98,177,189,255,624,"1,183",802,532,133,5
전남광주통합특별시,나주시,금천면,"6,759",501,434,532,"1,053",850,927,"1,165",753,462,80,2
전남광주통합특별시,나주시,산포면,"2,962",32,101,170,166,232,503,782,559,355,61,1
전남광주통합특별시,나주시,다도면,"1,731",20,45,68,73,91,293,516,325,250,50,0
전남광주통합특별시,나주시,봉황면,"3,652",42,110,182,150,243,545,"1,040",743,512,82,3
전남광주통합특별시,나주시,송월동,"11,294","1,006","1,065","1,361","1,892","1,733","1,790","1,351",696,349,49,2
전남광주통합특별시,나주시,영강동,"2,410",78,122,223,236,260,438,503,335,177,37,1
전남광주통합특별시,나주시,금남동,"4,089",122,240,329,280,377,726,824,681,443,66,1
전남광주통합특별시,나주시,성북동,"7,831",348,833,942,720,"1,020","1,383","1,325",788,410,62,0
전남광주통합특별시,나주시,영산동,"2,666",35,118,140,145,225,383,666,530,344,78,2
전남광주통합특별시,나주시,이창동,"3,059",92,135,274,268,309,496,643,532,257,53,0
전남광주통합특별시,나주시,빛가람동,"39,675","5,007","5,801","3,844","7,561","8,052","5,181","2,752","1,111",327,36,3
전남광주통합특별시,광양시,광양시 ,"156,052","10,664","15,867","15,487","20,363","22,374","29,289","24,648","11,234","4,977","1,126",23
전남광주통합특별시,광양시,광양읍,"49,628","2,931","5,048","4,982","5,782","7,266","9,319","8,089","4,038","1,771",391,11
전남광주통합특별시,광양시,봉강면,"1,936",34,81,117,110,123,335,525,323,215,72,1
전남광주통합특별시,광양시,옥룡면,"2,755",28,91,149,116,148,459,801,517,345,98,3
전남광주통합특별시,광양시,옥곡면,"4,712",172,255,365,469,467,976,"1,075",541,325,67,0
전남광주통합특별시,광양시,진상면,"2,387",23,54,86,99,124,382,659,507,367,85,1
전남광주통합특별시,광양시,진월면,"2,409",42,65,100,96,147,339,631,553,359,75,2
전남광주통합특별시,광양시,다압면,"1,531",21,53,53,58,82,243,459,322,195,45,0
전남광주통합특별시,광양시,골약동,"13,139","2,566","1,270",870,"3,599","2,278","1,214",757,346,188,51,0
전남광주통합특별시,광양시,중마동,"56,887","4,032","6,970","6,604","8,041","9,382","11,849","7,130","2,056",691,130,2
전남광주통합특별시,광양시,광영동,"9,854",363,887,905,862,"1,215","2,193","2,250",857,257,64,1
전남광주통합특별시,광양시,금호동,"9,423",428,"1,036","1,171","1,047","1,015","1,739","1,902",922,145,17,1
전남광주통합특별시,광양시,태인동,"1,391",24,57,85,84,127,241,370,252,119,31,1
전남광주통합특별시,동구,동구 ,"105,328","6,534","7,814","13,309","14,368","14,030","15,359","15,445","11,350","6,143",963,13
전남광주통합특별시,동구,충장동,"5,883",95,138,"1,666","1,234",558,717,666,523,248,38,0
전남광주통합특별시,동구,동명동,"3,434",48,166,802,462,317,434,442,430,288,44,1
전남광주통합특별시,동구,계림1동,"9,708",836,561,942,"1,693","1,367","1,418","1,412",966,443,68,2
전남광주통합특별시,동구,계림2동,"14,458","1,728","1,409","1,185","2,419","2,523","1,880","1,488","1,085",639,101,1
전남광주통합특별시,동구,산수1동,"7,469",358,613,777,899,995,"1,216","1,170",871,487,80,3
전남광주통합특별시,동구,산수2동,"9,136",420,674,801,953,"1,115","1,459","1,657","1,253",711,92,1
전남광주통합특별시,동구,지산1동,"3,900",83,293,956,338,408,532,546,427,274,43,0
전남광주통합특별시,동구,지산2동,"4,018",96,295,801,331,389,668,614,466,310,48,0
전남광주통합특별시,동구,서남동,"3,477",33,152,"1,309",451,286,368,381,299,166,32,0
전남광주통합특별시,동구,학동,"6,952",484,571,787,852,975,"1,001",961,816,450,55,0
전남광주통합특별시,동구,학운동,"10,292",314,776,954,848,"1,092","1,579","1,908","1,657",995,165,4
전남광주통합특별시,동구,지원1동,"8,648",546,713,793,"1,077","1,163","1,323","1,443","1,050",461,78,1
전남광주통합특별시,동구,지원2동,"17,953","1,493","1,453","1,536","2,811","2,842","2,764","2,757","1,507",671,119,0
전남광주통합특별시,서구,서구 ,"274,234","14,167","26,242","34,435","34,241","39,701","49,149","40,369","23,356","10,722","1,806",46
전남광주통합특별시,서구,양동,"2,653",56,91,172,203,241,405,548,523,352,61,1
전남광주통합특별시,서구,양3동,"3,986",187,335,293,394,568,621,697,591,266,34,0
전남광주통합특별시,서구,농성1동,"11,181",494,556,"1,477","1,699","1,421","1,890","1,584","1,265",699,95,1
전남광주통합특별시,서구,농성2동,"4,110",74,149,553,524,480,652,796,543,299,40,0
전남광주통합특별시,서구,광천동,"4,875",356,409,477,696,773,893,670,399,175,25,2
전남광주통합특별시,서구,유덕동,"9,763",462,987,"1,184","1,220","1,487","1,980","1,295",724,367,56,1
전남광주통합특별시,서구,치평동,"28,760","1,364","2,555","4,200","4,481","4,131","5,110","3,987","1,794",940,196,2
전남광주통합특별시,서구,상무1동,"24,477","1,105","2,095","3,990","3,613","3,626","4,253","3,219","1,754",731,88,3
전남광주통합특별시,서구,상무2동,"21,767",630,"1,340","3,427","2,898","2,558","3,408","3,699","2,436","1,191",174,6
전남광주통합특별시,서구,화정1동,"15,415",597,922,"2,482","2,458","2,112","2,392","2,092","1,410",781,165,4
전남광주통합특별시,서구,화정2동,"18,973","1,611","2,607","1,572","2,137","3,661","2,644","2,442","1,618",591,88,2
전남광주통합특별시,서구,화정3동,"8,486",284,731,971,827,"1,050","1,397","1,604","1,064",456,100,2
전남광주통합특별시,서구,화정4동,"18,721","1,404","1,858","1,760","2,414","2,740","2,789","3,112","1,854",681,105,4
전남광주통합특별시,서구,서창동,"7,299",517,624,674,880,954,"1,401","1,235",627,307,77,3
전남광주통합특별시,서구,금호1동,"20,816","1,188","1,927","2,189","2,521","2,665","3,787","3,616","1,958",793,170,2
전남광주통합특별시,서구,금호2동,"25,407","1,503","3,131","3,222","2,647","3,836","5,488","3,320","1,514",630,109,7
전남광주통합특별시,서구,풍암동,"32,862","1,559","3,810","4,204","3,332","4,979","7,171","4,377","2,215","1,046",165,4
전남광주통합특별시,서구,동천동,"14,683",776,"2,115","1,588","1,297","2,419","2,868","2,076","1,067",417,58,2
전남광주통합특별시,남구,남구 ,"205,051","12,050","22,947","20,622","22,630","31,642","32,542","30,304","20,819","9,822","1,632",41
전남광주통합특별시,남구,양림동,"6,058",173,590,616,471,758,"1,016",985,884,482,82,1
전남광주통합특별시,남구,방림1동,"6,097",377,653,558,697,970,964,824,664,356,33,1
전남광주통합특별시,남구,방림2동,"8,823",447,755,827,919,"1,109","1,425","1,498","1,156",583,100,4
전남광주통합특별시,남구,봉선1동,"13,333",586,"1,431","1,487","1,497","1,954","2,155","1,987","1,390",692,147,7
전남광주통합특별시,남구,봉선2동,"27,101","2,061","5,007","2,323","2,065","5,363","4,388","3,030","1,844",847,168,5
전남광주통합특별시,남구,사직동,"4,309",168,231,401,452,538,691,766,628,388,44,2
전남광주통합특별시,남구,월산동,"11,033",870,785,978,"1,659","1,632","1,671","1,557","1,177",598,106,0
전남광주통합특별시,남구,월산4동,"7,447",142,433,813,847,933,"1,185","1,452","1,061",499,81,1
전남광주통합특별시,남구,월산5동,"5,406",97,258,573,601,555,862,"1,160",830,412,57,1
전남광주통합특별시,남구,백운1동,"11,079",503,"1,092","1,081","1,103","1,558","1,743","1,847","1,378",663,110,1
전남광주통합특별시,남구,백운2동,"6,696",365,473,909,968,912,998,"1,005",655,358,52,1
전남광주통합특별시,남구,주월1동,"19,897","1,093","2,073","2,222","2,237","2,954","3,451","3,020","1,942",783,121,1
전남광주통합특별시,남구,주월2동,"6,871",219,483,605,632,860,"1,104","1,399","1,050",463,54,2
전남광주통합특별시,남구,진월동,"26,794","1,242","3,664","3,242","2,366","4,024","4,611","3,873","2,419","1,167",184,2
전남광주통합특별시,남구,효덕동,"14,725",797,"1,647","1,608","1,850","2,317","2,126","2,124","1,569",584,98,5
전남광주통합특별시,남구,송암동,"20,375","2,202","2,675","1,769","3,067","3,971","2,791","2,261","1,176",389,69,5
전남광주통합특별시,남구,대촌동,"9,007",708,697,610,"1,199","1,234","1,361","1,516",996,558,126,2
전남광주통합특별시,북구,북구 ,"416,582","24,900","39,332","47,826","53,736","60,542","70,435","63,804","36,648","16,567","2,734",58
전남광주통합특별시,북구,중흥1동,"4,007",127,141,593,776,497,542,612,460,222,37,0
전남광주통합특별시,북구,중흥동,"14,827",912,"1,062","2,297","2,323","2,152","2,167","1,674","1,404",729,105,2
전남광주통합특별시,북구,중앙동,"3,423",212,163,459,600,497,530,484,315,139,21,3
전남광주통합특별시,북구,임동,"13,908","1,343",891,"1,257","2,899","2,103","1,929","1,681","1,201",531,73,0
전남광주통합특별시,북구,신안동,"11,699",443,587,"1,733","1,801","1,515","1,857","1,842","1,186",640,92,3
전남광주통합특별시,북구,용봉동,"35,625","1,623","3,092","6,294","4,226","4,466","6,015","5,495","2,900","1,317",196,1
전남광주통합특별시,북구,운암1동,"17,394",986,"2,127","1,832","1,806","2,604","2,904","2,617","1,787",635,94,2
전남광주통합특별시,북구,운암2동,"10,251",310,740,"1,040","1,034","1,231","1,682","2,054","1,379",696,81,4
전남광주통합특별시,북구,운암3동,"20,068","1,886","2,073","1,943","3,395","3,076","2,862","2,774","1,438",508,109,4
전남광주통합특별시,북구,동림동,"20,799","1,316","1,876","2,052","2,753","3,248","3,639","3,300","1,800",705,108,2
전남광주통합특별시,북구,우산동,"15,188","1,165","1,339","1,289","1,931","2,314","2,144","2,283","1,785",793,142,3
전남광주통합특별시,북구,풍향동,"4,844",320,440,461,535,793,814,714,497,231,39,0
전남광주통합특별시,북구,문화동,"22,051","1,686","1,696","2,013","3,252","3,191","3,389","3,602","2,144",916,158,4
전남광주통합특별시,북구,문흥1동,"14,024",592,"1,524","1,583","1,327","1,786","2,546","2,591","1,367",615,92,1
전남광주통합특별시,북구,문흥2동,"13,807",523,"1,089","1,917","1,566","1,742","2,313","2,404","1,376",753,121,3
전남광주통합특별시,북구,두암1동,"6,595",146,403,747,638,650,"1,165","1,308",990,491,56,1
전남광주통합특별시,북구,두암2동,"13,809",383,999,"1,406","1,331","1,702","2,386","2,822","1,863",802,113,2
전남광주통합특별시,북구,두암3동,"11,398",203,545,923,944,"1,024","1,913","2,791","1,890",993,171,1
전남광주통합특별시,북구,삼각동,"12,698",657,"1,308","1,497","1,508","1,861","2,463","2,021",947,369,67,0
전남광주통합특별시,북구,일곡동,"26,584","1,321","3,548","3,427","2,798","3,824","5,661","3,694","1,402",755,151,3
전남광주통합특별시,북구,매곡동,"12,492",727,"1,379","1,384","1,404","1,783","2,300","1,957",990,463,104,1
전남광주통합특별시,북구,오치1동,"9,660",299,749,"1,197","1,108","1,175","1,808","1,838","1,000",414,71,1
전남광주통합특별시,북구,오치2동,"10,937",301,605,"1,158","1,224","1,214","1,846","2,368","1,409",665,144,3
전남광주통합특별시,북구,석곡동,"2,098",36,92,114,137,150,312,587,405,216,47,2
전남광주통합특별시,북구,건국동,"22,187","1,987","2,704","2,269","3,012","3,812","3,809","2,685","1,263",532,110,4
전남광주통합특별시,북구,양산동,"34,676","2,320","3,702","3,864","4,670","5,717","6,214","4,678","2,307","1,039",159,6
전남광주통합특별시,북구,신용동,"31,533","3,076","4,458","3,077","4,738","6,415","5,225","2,928","1,143",398,73,2
전남광주통합특별시,광산구,광산구 ,"382,763","25,004","46,342","48,397","49,290","62,546","71,860","47,142","20,921","9,547","1,675",39
전남광주통합특별시,광산구,송정1동,"9,605",345,850,"1,308",926,"1,280","1,864","1,530",975,460,64,3
전남광주통합특별시,광산구,송정2동,"5,767",240,290,675,784,686,927,925,785,398,55,2
전남광주통합특별시,광산구,도산동,"13,739",836,"1,290","1,632","1,706","2,033","2,545","1,944","1,153",529,69,2
전남광주통합특별시,광산구,신흥동,"3,951",174,331,415,401,494,689,689,488,228,41,1
전남광주통합특별시,광산구,어룡동,"37,046","3,411","4,140","3,993","6,186","6,562","5,801","4,128","1,913",775,129,8
전남광주통합특별시,광산구,우산동,"27,447","1,934","1,963","2,901","4,415","3,871","4,826","4,402","2,046",897,189,3
전남광주통합특별시,광산구,월곡1동,"8,952",374,769,"1,068","1,029","1,069","1,690","1,816",774,301,62,0
전남광주통합특별시,광산구,월곡2동,"13,687",617,"1,391","1,702","1,493","1,825","2,905","2,260","1,008",435,51,0
전남광주통합특별시,광산구,비아동,"7,037",369,758,728,669,"1,119","1,533","1,099",471,236,55,0
전남광주통합특별시,광산구,첨단1동,"26,648","1,584","2,852","3,781","3,899","3,588","5,306","3,985","1,055",489,106,3
전남광주통합특별시,광산구,첨단2동,"39,916","2,293","4,446","6,348","5,960","6,012","7,870","4,708","1,448",704,124,3
전남광주통합특별시,광산구,신가동,"18,174","1,351","2,577","2,374","2,041","3,182","3,827","1,718",749,317,37,1
전남광주통합특별시,광산구,운남동,"27,665","1,480","3,140","3,473","3,318","4,314","5,632","3,757","1,566",825,159,1
전남광주통합특별시,광산구,수완동,"71,925","5,408","13,000","9,121","7,522","14,439","13,461","5,735","2,358",774,106,1
전남광주통합특별시,광산구,하남동,"26,404","2,037","3,402","3,404","3,765","4,912","4,599","2,901",993,323,67,1
전남광주통합특별시,광산구,임곡동,"1,817",27,97,64,108,115,280,489,341,230,62,4
전남광주통합특별시,광산구,동곡동,"1,531",18,49,81,88,118,230,385,319,206,37,0
전남광주통합특별시,광산구,평동,"4,881",233,195,406,633,603,803,949,655,344,56,4
전남광주통합특별시,광산구,삼도동,"1,970",26,99,81,113,136,285,506,395,276,53,0
전남광주통합특별시,광산구,본량동,"1,770",19,61,72,84,141,294,423,307,296,72,1
전남광주통합특별시,광산구,신창동,"32,831","2,228","4,642","4,770","4,150","6,047","6,493","2,793","1,122",504,81,1
전남광주통합특별시,담양군,담양군 ,"43,880","1,611","2,761","3,014","3,134","4,259","7,359","9,916","6,663","4,287",851,25
전남광주통합특별시,담양군,담양읍,"15,090",953,"1,281","1,268","1,490","1,917","2,526","2,635","1,757","1,044",213,6
전남광주통합특별시,담양군,봉산면,"2,546",65,104,138,159,240,395,638,443,304,60,0
전남광주통합특별시,담양군,고서면,"2,778",52,125,136,163,197,431,755,548,314,56,1
전남광주통합특별시,담양군,가사문학면,"1,162",22,40,61,64,67,199,317,208,154,28,2
전남광주통합특별시,담양군,창평면,"3,328",59,170,205,173,279,548,841,609,381,63,0
전남광주통합특별시,담양군,대덕면,"1,817",36,85,117,92,120,292,546,302,191,36,0
전남광주통합특별시,담양군,무정면,"2,272",58,61,202,141,127,359,563,413,277,69,2
전남광주통합특별시,담양군,금성면,"2,405",47,90,140,120,205,394,574,441,317,76,1
전남광주통합특별시,담양군,용면,"1,699",39,68,71,85,141,271,436,348,208,28,4
전남광주통합특별시,담양군,월산면,"2,169",44,98,92,123,178,378,564,381,263,45,3
전남광주통합특별시,담양군,수북면,"4,654",132,325,345,285,423,876,"1,123",637,417,88,3
전남광주통합특별시,담양군,대전면,"3,960",104,314,239,239,365,690,924,576,417,89,3
전남광주통합특별시,곡성군,곡성군 ,"27,686",757,"1,604","1,791","1,812","2,370","4,596","6,466","4,340","3,102",819,29
전남광주통합특별시,곡성군,곡성읍,"8,064",342,672,622,721,931,"1,366","1,491","1,066",664,178,11
전남광주통합특별시,곡성군,오곡면,"1,753",40,93,82,80,134,281,417,342,234,49,1
전남광주통합특별시,곡성군,삼기면,"1,665",30,46,77,81,103,258,423,324,251,71,1
전남광주통합특별시,곡성군,석곡면,"2,177",42,78,114,90,146,348,565,385,304,103,2
전남광주통합특별시,곡성군,목사동면,"1,354",16,52,55,59,85,181,391,242,220,52,1
전남광주통합특별시,곡성군,죽곡면,"1,973",46,68,85,97,123,293,554,372,268,64,3
전남광주통합특별시,곡성군,고달면,"1,074",14,31,38,58,50,152,315,193,181,42,0
전남광주통합특별시,곡성군,옥과면,"4,117",121,323,379,330,424,722,869,543,325,79,2
전남광주통합특별시,곡성군,입면,"2,318",36,111,190,132,160,481,541,327,267,69,4
전남광주통합특별시,곡성군,겸면,"1,657",19,76,74,85,102,282,447,277,229,63,3
전남광주통합특별시,곡성군,오산면,"1,534",51,54,75,79,112,232,453,269,159,49,1
전남광주통합특별시,구례군,구례군 ,"24,627",692,"1,531","1,578","1,325","2,226","4,253","5,771","3,864","2,788",586,13
전남광주통합특별시,구례군,구례읍,"10,809",461,910,890,784,"1,262","1,920","2,157","1,364",900,155,6
전남광주통합특별시,구례군,문척면,"1,315",21,65,75,55,84,251,368,209,155,32,0
전남광주통합특별시,구례군,간전면,"1,411",22,66,63,49,86,246,368,245,223,41,2
전남광주통합특별시,구례군,토지면,"2,444",34,83,124,99,149,443,719,417,288,85,3
전남광주통합특별시,구례군,마산면,"2,357",37,136,146,88,216,383,563,438,276,74,0
전남광주통합특별시,구례군,광의면,"2,170",44,90,85,97,140,315,526,439,365,68,1
전남광주통합특별시,구례군,용방면,"1,292",21,47,65,43,110,205,299,252,197,52,1
전남광주통합특별시,구례군,산동면,"2,829",52,134,130,110,179,490,771,500,384,79,0
전남광주통합특별시,고흥군,고흥군 ,"59,011","1,729","3,038","2,912","3,097","4,814","8,836","13,532","11,488","7,715","1,799",51
전남광주통합특별시,고흥군,고흥읍,"12,310",760,"1,295","1,072","1,176","1,568","2,072","2,057","1,404",743,157,6
전남광주통합특별시,고흥군,도양읍,"9,109",358,577,548,551,925,"1,502","1,974","1,652",850,167,5
전남광주통합특별시,고흥군,도양읍소록출장소,484,21,28,9,31,38,36,47,115,128,28,3
전남광주통합특별시,고흥군,도양읍시산출장소,190,3,6,10,10,21,38,42,28,21,11,0
전남광주통합특별시,고흥군,풍양면,"2,855",29,69,75,87,210,374,679,691,499,137,5
전남광주통합특별시,고흥군,도덕면,"2,648",39,76,91,100,151,381,694,576,422,117,1
전남광주통합특별시,고흥군,금산면,"3,876",52,129,143,122,222,532,973,929,634,137,3
전남광주통합특별시,고흥군,도화면,"3,484",72,95,119,148,207,523,836,775,571,135,3
전남광주통합특별시,고흥군,포두면,"4,423",58,152,181,155,252,677,"1,114",969,706,153,6
전남광주통합특별시,고흥군,봉래면,"1,772",38,56,61,65,127,251,447,389,286,51,1
전남광주통합특별시,고흥군,점암면,"2,574",38,78,96,116,145,341,686,556,411,104,3
전남광주통합특별시,고흥군,과역면,"3,002",39,99,106,116,178,445,813,624,474,107,1
전남광주통합특별시,고흥군,남양면,"2,130",34,88,70,68,135,295,573,490,304,69,4
전남광주통합특별시,고흥군,동강면,"2,805",66,87,121,121,201,397,687,637,371,114,3
전남광주통합특별시,고흥군,대서면,"2,046",34,53,72,68,118,250,569,453,346,81,2
전남광주통합특별시,고흥군,두원면,"2,792",45,80,71,70,152,372,646,658,559,137,2
전남광주통합특별시,고흥군,영남면,"1,144",23,24,26,37,67,167,296,251,202,48,3
전남광주통합특별시,고흥군,동일면,"1,367",20,46,41,56,97,183,399,291,188,46,0
전남광주통합특별시,보성군,보성군 ,"38,162","1,139","2,208","2,268","2,083","3,305","6,010","8,557","6,773","4,714","1,085",20
전남광주통합특별시,보성군,보성읍,"8,819",452,775,783,761,"1,029","1,553","1,598","1,081",663,123,1
전남광주통합특별시,보성군,벌교읍,"11,077",301,734,677,511,"1,034","1,715","2,402","2,069","1,334",294,6
전남광주통합특별시,보성군,노동면,"1,120",16,47,47,47,70,168,278,218,174,54,1
전남광주통합특별시,보성군,미력면,"1,376",29,52,74,69,81,229,330,262,204,46,0
전남광주통합특별시,보성군,겸백면,"1,088",36,36,35,35,67,167,256,216,187,51,2
전남광주통합특별시,보성군,율어면,"1,122",17,51,50,42,74,175,278,207,195,33,0
전남광주통합특별시,보성군,복내면,"1,566",37,62,75,69,97,207,401,307,238,73,0
전남광주통합특별시,보성군,문덕면,948,20,47,47,34,62,166,246,160,132,33,1
전남광주통합특별시,보성군,조성면,"3,403",65,113,141,152,249,518,820,708,519,115,3
전남광주통합특별시,보성군,득량면,"2,559",45,88,113,98,189,367,634,543,378,101,3
전남광주통합특별시,보성군,득량면예당출장소,"1,117",29,65,58,75,86,178,257,209,135,24,1
전남광주통합특별시,보성군,회천면,"2,935",72,118,125,145,202,434,799,568,381,91,0
전남광주통합특별시,보성군,웅치면,"1,032",20,20,43,45,65,133,258,225,174,47,2
전남광주통합특별시,화순군,화순군 ,"59,860","2,402","4,530","5,309","4,837","6,135","10,615","12,189","7,592","5,207","1,022",22
전남광주통합특별시,화순군,화순읍,"38,812","2,031","3,832","4,380","3,832","4,785","7,438","6,427","3,585","2,144",351,7
전남광주통합특별시,화순군,화순읍민원출장소,0,0,0,0,0,0,0,0,0,0,0,0
전남광주통합특별시,화순군,한천면,914,20,22,43,43,66,157,241,184,114,24,0
전남광주통합특별시,화순군,한천면영외출장소,398,4,12,7,7,23,57,100,97,86,5,0
전남광주통합특별시,화순군,춘양면,"1,594",21,47,62,70,98,201,449,328,250,63,5
전남광주통합특별시,화순군,청풍면,942,4,25,37,24,43,140,277,173,168,51,0
전남광주통합특별시,화순군,이양면,"1,644",29,25,70,70,94,230,446,345,264,68,3
전남광주통합특별시,화순군,능주면,"2,779",73,153,163,157,253,427,697,485,297,73,1
전남광주통합특별시,화순군,도곡면,"2,678",64,102,127,145,206,428,702,506,308,87,3
전남광주통합특별시,화순군,도암면,"1,291",15,37,45,55,58,186,367,256,235,37,0
전남광주통합특별시,화순군,이서면,984,18,45,38,48,61,153,267,173,149,32,0
전남광주통합특별시,화순군,백아면,"1,504",19,54,46,60,65,214,420,319,258,49,0
전남광주통합특별시,화순군,동복면,"1,428",19,37,49,73,78,184,412,283,243,49,1
전남광주통합특별시,화순군,사평면,"2,007",38,56,94,113,116,292,589,357,302,49,1
전남광주통합특별시,화순군,동면,"2,885",47,83,148,140,189,508,795,501,389,84,1
전남광주통합특별시,장흥군,장흥군 ,"33,877","1,226","2,230","2,181","2,203","3,251","5,378","7,271","5,459","3,764",900,14
전남광주통합특별시,장흥군,장흥읍,"14,670",867,"1,492","1,321","1,406","1,887","2,471","2,484","1,629",890,218,5
전남광주통합특별시,장흥군,관산읍,"4,243",80,189,189,181,306,601,"1,043",895,608,149,2
전남광주통합특별시,장흥군,대덕읍,"2,845",59,128,131,118,206,461,695,558,412,77,0
전남광주통합특별시,장흥군,용산면,"2,036",49,72,85,89,151,306,497,408,320,58,1
전남광주통합특별시,장흥군,안양면,"2,553",54,88,108,121,220,385,641,517,314,104,1
전남광주통합특별시,장흥군,장동면,"1,087",21,21,42,58,60,145,288,222,179,49,2
전남광주통합특별시,장흥군,장평면,"1,871",33,58,94,70,114,293,460,337,329,83,0
전남광주통합특별시,장흥군,유치면,899,3,15,34,29,40,159,290,167,134,28,0
전남광주통합특별시,장흥군,부산면,"1,305",17,42,56,43,83,214,302,233,243,69,3
전남광주통합특별시,장흥군,회진면,"2,368",43,125,121,88,184,343,571,493,335,65,0
전남광주통합특별시,강진군,강진군 ,"31,603","1,373","2,026","2,048","2,148","2,925","4,838","6,869","5,046","3,576",735,19
전남광주통합특별시,강진군,강진읍,"12,344",725,"1,143","1,071","1,069","1,467","1,996","2,274","1,538",892,166,3
전남광주통합특별시,강진군,군동면,"4,734",319,326,346,454,461,705,959,625,435,100,4
전남광주통합특별시,강진군,칠량면,"1,983",44,78,93,77,128,292,500,398,305,67,1
전남광주통합특별시,강진군,대구면,990,18,37,39,36,66,147,245,207,167,24,4
전남광주통합특별시,강진군,도암면,"2,247",49,73,78,92,144,300,581,487,365,78,0
전남광주통합특별시,강진군,신전면,"1,580",37,74,58,50,104,239,406,314,243,53,2
전남광주통합특별시,강진군,성전면,"2,530",60,91,128,142,169,381,609,493,386,70,1
전남광주통합특별시,강진군,작천면,"1,629",42,62,62,73,96,219,405,329,279,60,2
전남광주통합특별시,강진군,병영면,"1,416",28,53,76,61,98,214,358,266,208,53,1
전남광주통합특별시,강진군,옴천면,564,12,36,25,11,37,82,131,98,107,24,1
전남광주통합특별시,강진군,마량면,"1,586",39,53,72,83,155,263,401,291,189,40,0
전남광주통합특별시,해남군,해남군 ,"61,883","2,385","4,216","4,068","3,993","6,178","10,099","13,454","9,892","6,400","1,173",25
전남광주통합특별시,해남군,해남읍,"23,433","1,540","2,586","2,266","2,267","3,128","4,190","3,818","2,287","1,165",182,4
전남광주통합특별시,해남군,삼산면,"2,629",45,88,147,132,181,438,686,541,311,59,1
전남광주통합특별시,해남군,화산면,"2,788",69,84,108,136,223,419,696,576,406,70,1
전남광주통합특별시,해남군,현산면,"2,499",41,89,99,84,166,356,667,527,400,67,3
전남광주통합특별시,해남군,송지면,"5,338",151,265,282,264,495,840,"1,335",923,663,117,3
전남광주통합특별시,해남군,북평면,"2,397",28,88,123,84,152,377,597,498,391,59,0
전남광주통합특별시,해남군,북일면,"1,774",30,57,70,65,112,259,442,394,282,62,1
전남광주통합특별시,해남군,옥천면,"2,715",51,119,151,120,190,469,632,505,395,78,5
전남광주통합특별시,해남군,계곡면,"2,004",52,89,63,69,169,260,489,398,325,89,1
전남광주통합특별시,해남군,마산면,"2,209",46,105,102,115,175,339,516,413,326,72,0
전남광주통합특별시,해남군,황산면,"4,134",81,186,186,173,338,589,"1,115",883,490,92,1
전남광주통합특별시,해남군,산이면,"3,347",96,155,174,168,289,516,808,610,442,87,2
전남광주통합특별시,해남군,문내면,"3,485",95,178,143,163,267,526,881,710,445,75,2
전남광주통합특별시,해남군,화원면,"3,131",60,127,154,153,293,521,772,627,359,64,1
전남광주통합특별시,영암군,영암군 ,"49,984","1,917","3,734","3,935","3,719","6,095","9,012","10,006","6,458","4,205",881,22
전남광주통합특별시,영암군,영암읍,"7,630",309,711,663,569,871,"1,268","1,512","1,012",581,128,6
전남광주통합특별시,영암군,삼호읍,"15,077",962,"1,747","1,468","1,483","2,588","2,977","2,224","1,074",477,75,2
전남광주통합특별시,영암군,삼호읍서부출장소,"5,777",241,499,705,600,983,"1,426",867,283,137,36,0
전남광주통합특별시,영암군,덕진면,"1,631",29,71,77,82,132,242,400,297,236,63,2
전남광주통합특별시,영암군,금정면,"1,922",30,48,70,82,129,332,510,372,282,63,4
전남광주통합특별시,영암군,신북면,"3,306",66,112,169,158,283,498,854,670,401,94,1
전남광주통합특별시,영암군,시종면,"3,153",81,106,142,167,264,433,795,663,418,81,3
전남광주통합특별시,영암군,도포면,"2,001",26,67,108,109,127,328,531,359,290,54,2
전남광주통합특별시,영암군,군서면,"2,956",51,104,174,143,218,465,755,504,438,103,1
전남광주통합특별시,영암군,서호면,"1,752",26,68,78,68,130,261,415,348,297,61,0
전남광주통합특별시,영암군,학산면,"2,746",62,127,185,152,212,467,621,491,356,72,1
전남광주통합특별시,영암군,미암면,"2,033",34,74,96,106,158,315,522,385,292,51,0
전남광주통합특별시,무안군,무안군 ,"95,537","7,190","11,009","9,027","11,276","15,073","14,348","13,344","8,596","4,796",857,21
전남광주통합특별시,무안군,무안읍,"10,458",522,"1,008","1,120",822,"1,271","1,870","1,868","1,259",617,99,2
전남광주통합특별시,무안군,일로읍,"25,631","3,741","3,812","1,402","4,235","5,469","2,764","2,075","1,290",705,133,5
전남광주통합특별시,무안군,삼향읍,"4,883",97,255,299,302,389,863,"1,286",849,449,93,1
전남광주통합특별시,무안군,삼향읍남악출장소,"32,363","2,521","5,063","4,389","4,875","6,280","5,302","2,478","1,032",367,54,2
전남광주통합특별시,무안군,몽탄면,"2,717",27,89,139,103,166,418,755,520,414,84,2
전남광주통합특별시,무안군,청계면,"6,326",86,322,"1,038",355,532,992,"1,369",968,549,114,1
전남광주통합특별시,무안군,현경면,"4,207",62,134,198,176,303,683,"1,129",870,554,95,3
전남광주통합특별시,무안군,망운면,"1,843",39,56,88,98,151,300,456,403,215,36,1
전남광주통합특별시,무안군,해제면,"4,359",66,150,191,171,302,709,"1,149",903,616,100,2
전남광주통합특별시,무안군,운남면,"2,750",29,120,163,139,210,447,779,502,310,49,2
전남광주통합특별시,함평군,함평군 ,"29,753",920,"1,703","1,822","1,886","2,620","4,842","6,691","4,952","3,582",718,17
전남광주통합특별시,함평군,함평읍,"8,116",393,669,692,661,932,"1,370","1,471","1,055",747,122,4
전남광주통합특별시,함평군,손불면,"3,050",84,131,136,133,232,507,690,596,453,87,1
전남광주통합특별시,함평군,신광면,"1,579",38,50,72,93,110,219,415,304,238,39,1
전남광주통합특별시,함평군,학교면,"3,322",58,153,168,174,247,507,795,624,476,114,6
전남광주통합특별시,함평군,엄다면,"1,721",44,63,71,86,129,262,433,313,256,63,1
전남광주통합특별시,함평군,대동면,"3,060",75,215,183,187,233,506,687,517,380,76,1
전남광주통합특별시,함평군,나산면,"2,585",47,111,124,145,199,385,699,502,300,72,1
전남광주통합특별시,함평군,해보면,"2,923",86,136,180,213,250,511,745,431,299,71,1
전남광주통합특별시,함평군,월야면,"3,397",95,175,196,194,288,575,756,610,433,74,1
전남광주통합특별시,영광군,영광군 ,"53,719","3,294","3,881","4,372","5,117","5,966","8,575","9,885","7,212","4,582",815,20
전남광주통합특별시,영광군,영광읍,"23,541","1,884","2,357","2,325","2,661","3,198","3,909","3,573","2,277","1,144",211,2
전남광주통합특별시,영광군,백수읍,"4,433",137,201,271,258,310,713,967,850,622,100,4
전남광주통합특별시,영광군,홍농읍,"7,099",596,503,729,"1,012",863,"1,138","1,097",691,421,47,2
전남광주통합특별시,영광군,대마면,"1,614",55,66,95,137,124,243,381,273,200,38,2
전남광주통합특별시,영광군,묘량면,"1,722",86,76,88,114,139,218,394,307,242,57,1
전남광주통합특별시,영광군,불갑면,"1,456",60,89,75,86,122,218,348,270,159,27,2
전남광주통합특별시,영광군,군서면,"2,262",81,136,143,137,193,389,457,378,299,49,0
전남광주통합특별시,영광군,군남면,"2,273",77,78,86,108,171,306,514,423,411,98,1
전남광주통합특별시,영광군,염산면,"3,806",99,116,171,204,290,547,967,830,500,80,2
전남광주통합특별시,영광군,법성면,"4,830",192,240,351,365,461,755,"1,020",788,552,102,4
전남광주통합특별시,영광군,낙월면,462,20,12,32,28,65,98,106,71,25,5,0
전남광주통합특별시,영광군,낙월면안마출장소,221,7,7,6,7,30,41,61,54,7,1,0
전남광주통합특별시,장성군,장성군 ,"43,079","1,886","3,006","3,314","3,445","4,477","7,220","8,823","6,148","3,934",810,16
전남광주통합특별시,장성군,장성읍,"15,030",817,"1,464","1,273","1,297","1,919","2,578","2,605","1,810","1,069",196,2
전남광주통합특별시,장성군,진원면,"3,558",158,317,242,222,374,612,725,487,333,86,2
전남광주통합특별시,장성군,남면,"3,603",124,186,244,294,368,590,828,576,324,67,2
전남광주통합특별시,장성군,동화면,"1,809",58,44,94,116,138,296,483,318,204,57,1
전남광주통합특별시,장성군,삼서면,"2,934",110,137,175,176,247,525,718,465,322,57,2
전남광주통합특별시,장성군,삼계면,"5,206",333,387,659,649,576,836,833,480,384,68,1
전남광주통합특별시,장성군,황룡면,"3,704",114,175,259,260,326,705,885,583,320,76,1
전남광주통합특별시,장성군,서삼면,"1,467",57,71,97,94,130,216,335,277,157,32,1
전남광주통합특별시,장성군,북일면,"1,301",34,41,62,86,93,150,351,258,193,32,1
전남광주통합특별시,장성군,북이면,"2,564",61,109,129,142,166,410,566,504,385,90,2
전남광주통합특별시,장성군,북하면,"1,903",20,75,80,109,140,302,494,390,243,49,1
전남광주통합특별시,완도군,완도군 ,"44,071","1,858","3,137","2,623","2,680","5,011","6,963","9,038","7,090","4,809",843,19
전남광주통합특별시,완도군,완도읍,"16,662","1,000","1,608","1,296","1,405","2,258","2,864","3,074","2,008","1,008",136,5
전남광주통합특별시,완도군,금일읍,"3,298",144,183,149,194,365,484,688,614,415,60,2
전남광주통합특별시,완도군,노화읍,"3,670",147,319,219,178,471,577,702,532,429,96,0
전남광주통합특별시,완도군,노화읍넙도출장소,685,30,28,43,26,96,103,150,140,61,8,0
전남광주통합특별시,완도군,군외면,"2,838",52,70,128,121,248,396,682,638,429,70,4
전남광주통합특별시,완도군,신지면,"2,992",67,145,143,126,285,469,710,558,417,72,0
전남광주통합특별시,완도군,고금면,"3,668",90,200,171,157,273,560,737,726,647,104,3
전남광주통합특별시,완도군,약산면,"2,127",53,103,78,93,151,307,507,459,316,58,2
전남광주통합특별시,완도군,청산면,"1,823",36,54,80,85,165,264,443,367,261,67,1
전남광주통합특별시,완도군,청산면모도출장소,217,4,5,9,4,13,41,57,39,38,7,0
전남광주통합특별시,완도군,소안면,"2,215",67,135,97,108,232,326,457,375,348,69,1
전남광주통합특별시,완도군,금당면,790,23,34,46,30,62,121,189,147,113,25,0
전남광주통합특별시,완도군,보길면,"2,369",124,228,123,117,315,339,482,342,246,52,1
전남광주통합특별시,완도군,생일면,717,21,25,41,36,77,112,160,145,81,19,0
전남광주통합특별시,진도군,진도군 ,"27,773","1,056","1,902","1,815","1,772","2,739","4,426","5,983","4,332","3,163",575,10
전남광주통합특별시,진도군,진도읍,"10,132",629,999,944,965,"1,322","1,613","1,787","1,090",663,118,2
전남광주통합특별시,진도군,군내면,"2,726",73,156,141,125,234,427,676,474,350,69,1
전남광주통합특별시,진도군,고군면,"3,202",90,218,179,153,317,471,752,570,370,80,2
전남광주통합특별시,진도군,의신면,"3,194",79,122,160,156,259,518,798,588,417,95,2
전남광주통합특별시,진도군,임회면,"3,092",65,141,156,136,206,506,738,591,463,89,1
전남광주통합특별시,진도군,지산면,"2,784",58,117,110,115,174,401,661,572,501,73,2
전남광주통합특별시,진도군,조도면,"2,028",44,110,99,93,163,372,448,349,315,35,0
전남광주통합특별시,진도군,조도면가사출장소,231,10,4,9,9,23,41,52,33,38,12,0
전남광주통합특별시,진도군,조도면거차출장소,384,8,35,17,20,41,77,71,65,46,4,0
전남광주통합특별시,신안군,신안군 ,"42,384","1,400","2,702","2,808","2,550","4,345","7,255","9,748","6,543","4,251",764,18
전남광주통합특별시,신안군,지도읍,"4,820",149,291,318,319,504,747,"1,126",745,529,91,1
전남광주통합특별시,신안군,지도읍선도출장소,255,8,8,9,13,18,52,70,38,31,8,0
전남광주통합특별시,신안군,압해읍,"6,608",216,462,479,435,713,"1,111","1,633",943,529,86,1
전남광주통합특별시,신안군,압해읍매화출장소,284,10,17,4,13,26,39,78,54,39,4,0
전남광주통합특별시,신안군,압해읍고이도출장소,269,10,19,16,14,32,39,59,51,25,4,0
전남광주통합특별시,신안군,증도면,"1,588",32,69,91,73,156,318,369,237,211,31,1
전남광주통합특별시,신안군,증도면병풍출장소,313,8,7,22,21,26,54,82,52,37,4,0
전남광주통합특별시,신안군,임자면,"3,470",128,259,277,192,380,648,714,517,315,38,2
전남광주통합특별시,신안군,자은면,"2,731",93,161,181,162,238,491,683,406,270,46,0
전남광주통합특별시,신안군,비금면,"3,715",110,229,234,214,382,661,854,586,374,69,2
전남광주통합특별시,신안군,비금면수치도출장소,143,0,11,10,6,10,32,26,21,23,4,0
전남광주통합특별시,신안군,도초면,"2,448",77,205,184,122,227,397,521,360,302,52,1
전남광주통합특별시,신안군,도초면우이도출장소,234,9,11,12,15,19,43,68,38,14,5,0
전남광주통합특별시,신안군,흑산면,"2,168",67,110,167,164,238,419,436,338,190,36,3
전남광주통합특별시,신안군,흑산면가거도출장소,352,6,11,28,24,51,95,77,35,21,4,0
전남광주통합특별시,신안군,흑산면태도출장소,210,9,21,15,11,24,39,43,29,15,4,0
전남광주통합특별시,신안군,흑산면홍도출장소,468,22,35,41,37,54,111,88,41,33,6,0
전남광주통합특별시,신안군,흑산면대둔도출장소,294,6,20,13,12,36,62,65,56,18,5,1
전남광주통합특별시,신안군,하의면,"1,693",50,101,96,88,154,293,379,311,183,38,0
전남광주통합특별시,신안군,신의면,"1,593",47,137,110,113,198,280,325,216,144,22,1
전남광주통합특별시,신안군,장산면,"1,666",50,106,70,87,175,267,381,288,211,30,1
전남광주통합특별시,신안군,안좌면,"3,841",178,240,280,259,403,569,876,568,376,91,1
전남광주통합특별시,신안군,팔금면,"1,028",29,47,58,39,88,154,227,223,136,25,2
전남광주통합특별시,신안군,암태면,"2,193",86,125,93,117,193,334,568,390,225,61,1
부산광역시,,,"3,229,467","164,051","265,807","327,558","388,883","455,348","521,919","549,466","378,408","155,371","22,184",472
부산광역시,중구,,"36,126",579,"1,478","4,576","3,993","3,786","5,773","7,114","5,796","2,657",363,11
부산광역시,중구,중앙동,"3,139",30,52,846,828,332,359,329,248,98,17,0
부산광역시,중구,동광동,"2,245",38,80,159,171,228,355,506,452,223,30,3
부산광역시,중구,대청동,"5,432",68,231,716,556,588,872,"1,104",825,404,65,3
부산광역시,중구,보수동,"9,697",177,454,"1,350","1,006",982,"1,545","1,907","1,500",677,96,3
부산광역시,중구,부평동,"3,938",50,148,362,327,427,646,864,740,331,43,0
부산광역시,중구,광복동,828,20,40,45,64,104,126,197,156,66,10,0
부산광역시,중구,남포동,732,2,14,22,41,53,133,241,155,61,10,0
부산광역시,중구,영주제1동,"4,189",83,161,629,578,468,690,691,604,251,33,1
부산광역시,중구,영주제2동,"5,926",111,298,447,422,604,"1,047","1,275","1,116",546,59,1
부산광역시,서구,,"100,964","3,889","7,057","10,328","10,065","12,402","16,199","18,718","14,542","6,744",994,26
부산광역시,서구,동대신제1동,"4,979",233,328,461,522,644,796,882,711,338,62,2
부산광역시,서구,동대신제2동,"6,102",108,368,510,430,625,"1,080","1,233","1,100",560,86,2
부산광역시,서구,동대신제3동,"6,914",213,492,969,658,828,"1,127","1,128",940,482,75,2
부산광역시,서구,서대신제1동,"14,431",908,"1,361","1,378","1,736","2,273","2,210","2,084","1,602",772,104,3
부산광역시,서구,서대신제3동,"7,118",316,732,678,641,976,"1,277","1,183",840,400,73,2
부산광역시,서구,서대신제4동,"6,789",313,743,617,613,956,"1,133","1,221",789,345,56,3
부산광역시,서구,부민동,"7,282",246,601,"1,420",809,862,"1,036","1,084",815,348,57,4
부산광역시,서구,아미동,"5,963",103,139,643,673,460,881,"1,221","1,173",576,92,2
부산광역시,서구,초장동,"3,431",39,125,220,220,328,533,780,733,398,55,0
부산광역시,서구,충무동,"9,223",287,491,"1,030","1,003","1,047","1,487","1,804","1,362",636,75,1
부산광역시,서구,남부민제1동,"4,088",66,124,261,301,406,637,"1,001",843,393,56,0
부산광역시,서구,남부민제2동,"7,130",122,305,431,503,671,"1,206","1,630","1,473",696,91,2
부산광역시,서구,암남동,"17,514",935,"1,248","1,710","1,956","2,326","2,796","3,467","2,161",800,112,3
부산광역시,동구,,"83,115","3,337","4,467","7,671","10,599","10,369","13,257","14,898","11,885","5,740",874,18
부산광역시,동구,초량제1동,"4,784",72,233,629,627,552,794,846,682,315,33,1
부산광역시,동구,초량제2동,"4,862",64,202,387,388,527,831,"1,024",942,433,63,1
부산광역시,동구,초량제3동,"13,033",981,991,"1,591","2,400","2,236","1,876","1,607",904,374,72,1
부산광역시,동구,초량제6동,"4,758",73,248,334,348,468,819,984,930,466,87,1
부산광역시,동구,수정제1동,"3,949",104,287,395,406,510,688,628,601,293,37,0
부산광역시,동구,수정제2동,"8,486",264,415,689,929,925,"1,374","1,656","1,468",662,102,2
부산광역시,동구,수정제4동,"3,202",50,110,224,198,292,546,671,650,395,64,2
부산광역시,동구,수정제5동,"4,368",43,220,284,304,419,746,924,883,478,65,2
부산광역시,동구,좌천동,"10,537",339,500,934,"1,174","1,200","1,705","2,077","1,646",839,120,3
부산광역시,동구,범일제1동,"10,068",190,419,808,941,993,"1,603","2,286","1,791",900,135,2
부산광역시,동구,범일제2동,"6,085",190,300,675,949,800,"1,043","1,111",691,280,46,0
부산광역시,동구,범일제5동,"8,983",967,542,721,"1,935","1,447","1,232","1,084",697,305,50,3
부산광역시,영도구,,"100,170","3,358","6,198","8,385","8,680","11,699","16,412","20,153","16,689","7,593",990,13
부산광역시,영도구,남항동,"9,722",210,448,764,822,"1,091","1,580","2,095","1,764",833,114,1
부산광역시,영도구,영선제1동,"3,510",101,210,264,262,349,550,784,656,295,38,1
부산광역시,영도구,영선제2동,"6,878",179,431,485,531,709,"1,128","1,460","1,257",629,69,0
부산광역시,영도구,신선동,"6,336",94,242,385,375,577,"1,055","1,424","1,311",773,100,0
부산광역시,영도구,봉래제1동,"6,314",211,307,546,771,679,898,"1,266","1,090",468,77,1
부산광역시,영도구,봉래제2동,"6,866",371,469,484,675,919,"1,135","1,210","1,020",528,55,0
부산광역시,영도구,청학제1동,"4,991",159,333,332,405,610,833,965,876,429,49,0
부산광역시,영도구,청학제2동,"15,382",535,"1,116","1,169","1,340","1,912","2,630","3,070","2,459","1,011",136,4
부산광역시,영도구,동삼제1동,"26,912","1,061","1,997","2,523","2,418","3,377","4,547","5,208","3,923","1,633",220,5
부산광역시,영도구,동삼제2동,"5,222",308,360,955,536,715,746,755,583,239,25,0
부산광역시,영도구,동삼제3동,"8,037",129,285,478,545,761,"1,310","1,916","1,750",755,107,1
부산광역시,부산진구, ,"364,184","17,971","24,589","45,317","54,351","48,848","55,317","58,352","39,969","17,064","2,359",47
부산광역시,부산진구,부전제1동,"13,909",482,395,"3,320","2,965","1,505","1,748","1,809","1,163",462,60,0
부산광역시,부산진구,부전제2동,"12,393",657,615,"2,587","2,696","1,718","1,586","1,468",763,265,36,2
부산광역시,부산진구,연지동,"25,237","1,744","2,269","1,934","2,966","3,852","4,098","4,101","2,865","1,220",184,4
부산광역시,부산진구,초읍동,"21,313","1,046","1,466","1,569","2,274","2,758","3,461","3,810","3,214","1,503",209,3
부산광역시,부산진구,양정제1동,"18,575",689,"1,188","2,157","2,731","2,248","3,061","3,171","2,135","1,032",163,0
부산광역시,부산진구,양정제2동,"21,128","1,685","1,266","3,465","4,756","3,251","2,609","2,013","1,384",622,76,1
부산광역시,부산진구,전포제1동,"20,311",982,"1,194","4,077","4,396","2,753","2,586","2,103","1,426",693,97,4
부산광역시,부산진구,전포제2동,"22,789",934,"1,199","3,128","3,798","2,966","3,179","3,438","2,708","1,274",162,3
부산광역시,부산진구,부암제1동,"23,910","1,556","1,886","2,277","3,801","3,632","3,753","3,594","2,305",970,129,7
부산광역시,부산진구,부암제3동,"23,642","1,673","2,206","2,087","3,120","3,643","3,945","3,853","2,131",862,117,5
부산광역시,부산진구,당감제1동,"19,861",542,"1,371","1,850","1,868","2,298","3,611","4,127","2,807","1,185",196,6
부산광역시,부산진구,당감제2동,"11,437",745,835,"1,069","1,842","1,674","1,622","1,749","1,310",535,56,0
부산광역시,부산진구,당감제4동,"9,690",282,712,768,925,"1,219","1,809","2,035","1,305",566,67,2
부산광역시,부산진구,가야제1동,"15,893",368,"1,105","2,309","1,572","1,869","2,527","3,025","2,144",881,92,1
부산광역시,부산진구,가야제2동,"17,499",901,"1,381","1,780","1,874","2,349","2,716","3,129","2,326",934,109,0
부산광역시,부산진구,개금제1동,"18,151",915,"1,315","3,154","2,805","2,521","2,574","2,451","1,642",689,85,0
부산광역시,부산진구,개금제2동,"9,477",307,676,"1,114",921,"1,023","1,587","1,879","1,306",587,74,3
부산광역시,부산진구,개금제3동,"25,184",904,"1,963","2,304","2,585","3,096","4,360","5,278","3,280","1,194",217,3
부산광역시,부산진구,범천제1동,"12,340",380,478,"2,346","2,585","1,533","1,625","1,656","1,131",531,72,3
부산광역시,부산진구,범천제2동,"21,445","1,179","1,069","2,022","3,871","2,940","2,860","3,663","2,624","1,059",158,0
부산광역시,동래구,,"270,512","16,508","26,412","24,757","31,559","41,924","43,663","42,060","30,006","11,869","1,724",30
부산광역시,동래구,수민동,"28,865","1,623","2,556","2,506","3,425","4,192","4,580","4,781","3,575","1,422",200,5
부산광역시,동래구,복산동,"7,716",181,438,532,653,760,"1,290","1,684","1,386",677,114,1
부산광역시,동래구,명륜동,"24,876","2,022","3,607","2,089","2,549","4,765","4,295","2,843","1,805",762,139,0
부산광역시,동래구,온천제1동,"33,980","2,587","2,511","4,031","5,763","5,548","5,232","4,163","2,690","1,261",191,3
부산광역시,동래구,온천제2동,"23,772","2,254","2,620","1,786","2,915","4,192","3,455","3,114","2,256",996,179,5
부산광역시,동래구,온천제3동,"35,383","1,657","2,565","4,071","4,607","4,648","5,888","5,978","4,205","1,558",203,3
부산광역시,동래구,사직제1동,"11,592",796,"1,273","1,027","1,311","1,943","1,820","1,563","1,213",574,69,3
부산광역시,동래구,사직제2동,"24,094","1,687","3,653","2,236","2,174","4,336","4,342","3,130","1,826",621,89,0
부산광역시,동래구,사직제3동,"16,361",926,"2,098","1,276","1,513","3,029","2,466","2,358","1,821",779,94,1
부산광역시,동래구,안락제1동,"12,845",428,849,"1,040","1,275","1,514","2,077","2,670","2,052",831,108,1
부산광역시,동래구,안락제2동,"25,144","1,250","2,395","2,153","2,657","3,568","4,237","4,501","3,157","1,073",152,1
부산광역시,동래구,명장제1동,"12,868",611,"1,008",977,"1,327","1,806","1,971","2,469","1,934",667,94,4
부산광역시,동래구,명장제2동,"13,016",486,839,"1,033","1,390","1,623","2,010","2,806","2,086",648,92,3
부산광역시,남구,,"254,960","12,471","22,308","30,365","28,539","35,079","41,569","39,952","29,798","13,061","1,791",27
부산광역시,남구,대연제1동,"14,997",205,963,"3,778","1,586","1,478","2,069","2,020","1,832",952,113,1
부산광역시,남구,대연제3동,"36,689","2,230","3,897","7,446","4,409","5,613","5,307","3,995","2,520","1,103",165,4
부산광역시,남구,대연제4동,"13,458","1,033","1,055",982,"1,974","2,015","1,869","2,012","1,626",779,113,0
부산광역시,남구,대연제5동,"15,632",543,"1,254","2,644","1,786","1,983","2,422","2,285","1,774",835,104,2
부산광역시,남구,대연제6동,"15,565","1,317","1,923","1,398","1,990","2,716","2,381","1,886","1,347",529,75,3
부산광역시,남구,용호제1동,"41,472","2,162","4,634","3,583","3,631","5,996","7,686","6,840","4,597","2,030",307,6
부산광역시,남구,용호제2동,"18,829","1,139","1,869","1,519","1,894","2,900","3,092","3,131","2,322",819,142,2
부산광역시,남구,용호제3동,"9,846",208,604,850,854,"1,073","1,609","2,023","1,795",747,82,1
부산광역시,남구,용호제4동,"7,440",231,502,654,713,961,"1,314","1,380","1,179",430,74,2
부산광역시,남구,용당동,"7,469",285,629,808,658,865,"1,425","1,340",992,405,60,2
부산광역시,남구,감만제1동,"7,359",239,543,645,750,942,"1,345","1,441","1,035",385,33,1
부산광역시,남구,감만제2동,"5,950",107,325,429,431,638,"1,025","1,242","1,078",590,85,0
부산광역시,남구,우암동,"17,364",971,"1,121","1,480","2,428","2,315","2,753","2,910","2,309",939,138,0
부산광역시,남구,문현제1동,"10,056",284,829,947,792,"1,220","1,878","1,969","1,456",618,63,0
부산광역시,남구,문현제2동,"7,986",284,366,951,"1,438","1,027","1,113","1,243",945,545,74,0
부산광역시,남구,문현제3동,"15,706",881,"1,297","1,402","1,938","2,253","2,773","2,509","1,786",770,95,2
부산광역시,남구,문현제4동,"9,142",352,497,849,"1,267","1,084","1,508","1,726","1,205",585,68,1
부산광역시,북구,,"260,069","12,640","20,081","23,575","31,106","33,250","44,144","52,004","30,375","11,270","1,586",38
부산광역시,북구,구포제1동,"14,415",629,682,"1,182","1,928","1,759","2,280","3,199","1,891",765,97,3
부산광역시,북구,구포제2동,"22,225",709,"1,462","2,060","2,589","2,705","3,899","4,908","2,811",960,118,4
부산광역시,북구,구포제3동,"16,531",340,"1,030","1,574","1,511","1,836","3,197","4,004","2,243",713,82,1
부산광역시,북구,금곡동,"33,374","1,080","2,300","2,685","3,074","3,606","5,877","7,480","4,620","2,258",388,6
부산광역시,북구,화명제1동,"38,467","2,771","4,090","3,819","4,945","5,482","6,707","6,931","2,811",799,109,3
부산광역시,북구,화명제2동,"16,429",939,"1,323","1,565","2,180","1,992","2,842","3,219","1,619",657,88,5
부산광역시,북구,화명제3동,"27,527","1,621","3,165","2,968","3,155","3,934","5,278","4,034","2,217","1,000",153,2
부산광역시,북구,덕천제1동,"13,910",690,606,"1,259","2,221","1,615","2,058","2,693","1,933",735,98,2
부산광역시,북구,덕천제2동,"10,472",177,440,"1,089","1,291","1,158","1,710","2,353","1,546",611,93,4
부산광역시,북구,덕천제3동,"9,157",189,510,838,934,"1,042","1,511","1,946","1,495",601,90,1
부산광역시,북구,만덕제1동,"15,683","1,276","1,029","1,094","2,513","2,428","2,078","2,876","1,791",547,51,0
부산광역시,북구,만덕제2동,"25,202","1,593","2,208","2,071","3,060","3,575","3,996","4,631","3,005",926,133,4
부산광역시,북구,만덕제3동,"16,677",626,"1,236","1,371","1,705","2,118","2,711","3,730","2,393",698,86,3
부산광역시,해운대구, ,"369,727","19,519","34,569","34,073","41,152","54,672","64,961","61,688","39,830","16,660","2,550",53
부산광역시,해운대구,우제1동,"23,492","1,260","1,944","2,350","3,026","3,603","4,025","3,625","2,529",989,139,2
부산광역시,해운대구,우제2동,"29,584","2,141","3,222","2,550","3,330","4,791","5,214","4,331","2,660","1,149",192,4
부산광역시,해운대구,우제3동,"27,939","2,141","3,331","2,139","2,764","4,840","4,680","4,208","2,603","1,058",167,8
부산광역시,해운대구,중제1동,"27,346","1,722","2,621","2,783","3,385","4,399","4,955","3,971","2,305","1,065",133,7
부산광역시,해운대구,중제2동,"15,244",941,"1,272","1,190","1,852","2,479","2,657","2,645","1,556",562,85,5
부산광역시,해운대구,좌제1동,"16,884",777,"1,748","2,086","2,091","2,425","3,202","2,372","1,268",782,132,1
부산광역시,해운대구,좌제2동,"29,750","1,346","2,465","3,489","4,281","4,162","5,134","4,875","2,539","1,237",218,4
부산광역시,해운대구,좌제3동,"14,792",734,"1,400","1,376","1,562","1,905","2,656","2,596","1,577",819,166,1
부산광역시,해운대구,좌제4동,"21,475","1,212","2,529","2,158","2,393","3,137","3,993","3,309","1,716",874,152,2
부산광역시,해운대구,송정동,"8,988",253,484,667,979,"1,140","1,472","1,919","1,403",572,97,2
부산광역시,해운대구,반여제1동,"34,584","2,203","3,660","3,354","3,875","5,115","6,471","5,397","3,136","1,167",204,2
부산광역시,해운대구,반여제2동,"10,687",263,456,744,"1,122","1,234","1,862","2,333","1,793",777,102,1
부산광역시,해운대구,반여제3동,"6,928",82,251,520,571,680,"1,214","1,678","1,296",563,72,1
부산광역시,해운대구,반여제4동,"14,175",716,"1,386","1,236","1,536","2,083","2,497","2,644","1,550",458,68,1
부산광역시,해운대구,반송제1동,"11,119",148,422,834,797,"1,075","1,945","2,464","2,191","1,101",138,4
부산광역시,해운대구,반송제2동,"19,633",398,972,"1,269","1,377","2,003","3,299","4,558","3,880","1,651",222,4
부산광역시,해운대구,재송제1동,"35,882","2,626","4,924","3,376","3,897","6,799","5,941","4,353","2,907",930,128,1
부산광역시,해운대구,재송제2동,"21,225",556,"1,482","1,952","2,314","2,802","3,744","4,410","2,921",906,135,3
부산광역시,사하구,,"281,184","11,432","22,409","27,865","29,520","37,897","47,903","53,354","35,578","13,375","1,801",50
부산광역시,사하구,괴정제1동,"16,241",478,"1,221","1,452","1,378","2,067","2,736","3,162","2,422","1,145",176,4
부산광역시,사하구,괴정제2동,"14,228",604,"1,195","1,219","1,454","1,954","2,328","2,512","2,115",754,91,2
부산광역시,사하구,괴정제3동,"11,077",244,631,"1,008","1,014","1,280","1,816","2,335","1,879",763,102,5
부산광역시,사하구,괴정제4동,"11,579",855,"1,217",874,"1,264","1,975","1,770","1,822","1,316",437,49,0
부산광역시,사하구,당리동,"22,886",705,"1,950","2,027","2,141","3,043","3,889","4,583","3,206","1,156",184,2
부산광역시,사하구,하단제1동,"20,512",636,"1,411","2,842","2,685","2,694","3,244","3,657","2,360",875,105,3
부산광역시,사하구,하단제2동,"25,167",800,"1,838","5,105","3,216","2,948","3,847","3,880","2,449",958,124,2
부산광역시,사하구,신평제1동,"14,596",591,961,"1,054","1,418","1,965","2,577","3,123","2,044",775,83,5
부산광역시,사하구,신평제2동,"16,523",885,"1,278","1,525","2,228","2,302","2,865","3,176","1,680",488,94,2
부산광역시,사하구,장림제1동,"13,320","1,021","1,200","1,055","1,822","2,368","2,211","1,935","1,231",427,49,1
부산광역시,사하구,장림제2동,"24,331",879,"2,122","2,301","2,601","3,462","4,339","4,716","2,879",924,103,5
부산광역시,사하구,다대제1동,"34,181","1,382","3,243","2,974","2,985","4,653","6,497","6,617","4,025","1,566",235,4
부산광역시,사하구,다대제2동,"24,233",881,"1,906","2,034","2,040","2,898","4,472","5,234","3,334","1,240",190,4
부산광역시,사하구,구평동,"12,032","1,031","1,036",943,"1,766","2,028","1,889","1,891","1,082",317,49,0
부산광역시,사하구,감천제1동,"15,596",391,"1,067","1,203","1,215","1,828","2,640","3,604","2,569",971,103,5
부산광역시,사하구,감천제2동,"4,682",49,133,249,293,432,783,"1,107",987,579,64,6
부산광역시,금정구,,"205,341","7,595","15,313","25,364","20,506","24,855","32,898","38,434","27,061","11,508","1,766",41
부산광역시,금정구,서제1동,"3,830",27,85,224,289,390,655,"1,000",761,344,54,1
부산광역시,금정구,서제2동,"7,456",123,370,488,645,801,"1,212","1,942","1,338",477,59,1
부산광역시,금정구,서제3동,"9,497",166,365,641,781,943,"1,546","2,455","1,754",772,72,2
부산광역시,금정구,금사회동동,"6,540",112,254,397,565,669,"1,018","1,716","1,296",467,45,1
부산광역시,금정구,부곡제1동,"6,797",130,336,436,519,734,"1,083","1,504","1,383",568,103,1
부산광역시,금정구,부곡제2동,"16,397",582,"1,333","2,138","1,731","2,077","2,822","2,812","1,930",846,124,2
부산광역시,금정구,부곡제3동,"14,264",590,"1,186","1,622","1,568","1,902","2,338","2,492","1,754",668,141,3
부산광역시,금정구,부곡제4동,"10,881",286,578,955,"1,036","1,217","1,824","2,315","1,889",699,79,3
부산광역시,금정구,장전제1동,"18,141",531,"1,357","6,581","1,813","1,754","1,987","1,972","1,406",638,99,3
부산광역시,금정구,장전제2동,"26,186","1,958","2,677","2,999","3,183","4,343","3,813","3,407","2,435","1,181",187,3
부산광역시,금정구,선두구동,"1,920",23,63,116,130,150,313,554,359,175,33,4
부산광역시,금정구,청룡노포동,"8,807",289,590,720,747,849,"1,431","1,884","1,481",696,119,1
부산광역시,금정구,남산동,"25,578",526,"1,536","3,285","2,413","2,605","4,405","5,260","3,628","1,669",247,4
부산광역시,금정구,구서제1동,"18,226",849,"1,733","1,723","2,003","2,541","3,227","3,221","1,985",818,123,3
부산광역시,금정구,구서제2동,"29,960","1,387","2,765","2,976","3,040","3,782","5,092","5,688","3,515","1,442",265,8
부산광역시,금정구,금성동,861,16,85,63,43,98,132,212,147,48,16,1
부산광역시,강서구,,"154,782","16,663","18,905","10,685","24,365","32,323","19,404","17,846","10,514","3,503",564,10
부산광역시,강서구,대저1동,"5,275",80,178,284,427,473,757,"1,366","1,164",479,65,2
부산광역시,강서구,대저2동,"5,821",267,343,597,723,646,753,"1,211",850,363,66,2
부산광역시,강서구,강동동,"22,066","4,393","2,003",914,"4,980","4,497","1,946","1,854","1,013",396,70,0
부산광역시,강서구,명지1동,"54,366","6,998","7,450","3,722","10,086","12,933","5,657","4,399","2,392",622,105,2
부산광역시,강서구,명지2동,"29,356","2,719","5,350","2,320","3,056","6,735","4,450","2,807","1,479",381,59,0
부산광역시,강서구,가락동,"1,961",13,41,66,121,148,291,539,471,232,39,0
부산광역시,강서구,녹산동,"17,013","1,224","1,576","1,312","2,816","3,461","2,459","2,314","1,300",474,76,1
부산광역시,강서구,가덕도동,"3,997",76,119,211,337,420,691,"1,144",697,256,45,1
부산광역시,강서구,신호동,"14,927",893,"1,845","1,259","1,819","3,010","2,400","2,212","1,148",300,39,2
부산광역시,연제구,,"211,603","12,006","17,211","20,913","28,604","30,814","33,468","33,396","24,028","9,808","1,327",28
부산광역시,연제구,거제제1동,"27,564","1,593","3,221","2,789","2,751","4,294","4,915","3,716","2,799","1,333",146,7
부산광역시,연제구,거제제2동,"25,015","2,675","3,461","2,026","3,166","5,047","3,965","2,471","1,554",570,78,2
부산광역시,연제구,거제제3동,"8,812",248,477,883,891,922,"1,467","1,667","1,377",766,113,1
부산광역시,연제구,거제제4동,"9,176",375,811,836,837,"1,195","1,586","1,794","1,180",485,76,1
부산광역시,연제구,연산제1동,"15,242",828,"1,187","1,326","1,939","2,219","2,369","2,707","1,898",681,85,3
부산광역시,연제구,연산제2동,"22,975","1,714","1,433","2,370","4,738","3,282","3,101","2,997","2,228",984,126,2
부산광역시,연제구,연산제3동,"9,932",699,535,735,"1,445","1,403","1,519","1,672","1,318",537,66,3
부산광역시,연제구,연산제4동,"17,361",588,"1,038","1,979","2,401","2,262","2,591","3,167","2,302",920,111,2
부산광역시,연제구,연산제5동,"17,003",510,612,"3,116","3,593","2,184","2,369","2,271","1,603",659,86,0
부산광역시,연제구,연산제6동,"14,921",681,886,"1,241","1,876","1,918","2,192","2,721","2,255","1,012",138,1
부산광역시,연제구,연산제8동,"12,623",786,"1,057",937,"1,486","1,862","2,015","2,312","1,595",506,66,1
부산광역시,연제구,연산제9동,"30,979","1,309","2,493","2,675","3,481","4,226","5,379","5,901","3,919","1,355",236,5
부산광역시,수영구,,"169,336","7,269","11,500","18,846","23,311","22,956","26,074","27,320","21,432","9,247","1,353",28
부산광역시,수영구,남천제1동,"16,223",953,"1,479","1,633","2,218","2,432","2,620","2,328","1,651",779,128,2
부산광역시,수영구,남천제2동,"13,249",772,"1,264","1,145","1,383","1,939","2,384","2,254","1,422",572,109,5
부산광역시,수영구,수영동,"13,343",381,563,"1,293","1,577","1,462","1,966","2,512","2,358","1,087",143,1
부산광역시,수영구,망미제1동,"24,771",958,"1,876","1,954","2,581","3,250","3,713","4,601","3,893","1,643",293,9
부산광역시,수영구,망미제2동,"9,460",352,626,781,"1,071","1,236","1,606","1,749","1,398",578,63,0
부산광역시,수영구,광안제1동,"24,211",617,"1,329","4,192","4,179","2,964","3,310","3,424","2,847","1,188",158,3
부산광역시,수영구,광안제2동,"17,626",650,"1,172","2,323","2,812","2,503","2,631","2,510","1,932",974,119,0
부산광역시,수영구,광안제3동,"8,924",133,333,"1,599","1,567","1,024","1,173","1,378","1,143",505,68,1
부산광역시,수영구,광안제4동,"14,681",855,"1,065","1,440","2,150","2,231","2,310","2,126","1,619",766,115,4
부산광역시,수영구,민락동,"26,848","1,598","1,793","2,486","3,773","3,915","4,361","4,438","3,169","1,155",157,3
부산광역시,사상구,,"191,912","6,975","13,111","20,396","22,343","23,494","32,454","40,131","23,888","8,078","1,021",21
부산광역시,사상구,삼락동,"4,703",118,215,312,407,442,836,"1,232",782,319,40,0
부산광역시,사상구,모라제1동,"24,987",851,"1,723","2,194","2,792","2,978","4,269","5,498","3,412","1,123",143,4
부산광역시,사상구,모라제3동,"8,454",91,250,396,499,733,"1,417","2,168","1,946",834,116,4
부산광역시,사상구,덕포제1동,"11,384",791,824,950,"1,586","1,576","1,782","2,126","1,221",477,50,1
부산광역시,사상구,덕포제2동,"11,459",371,830,"1,028","1,189","1,358","1,957","2,643","1,579",452,51,1
부산광역시,사상구,괘법동,"24,141",785,985,"4,132","4,228","2,712","3,488","4,636","2,409",683,80,3
부산광역시,사상구,감전동,"11,158",243,457,906,"1,281","1,208","1,901","2,758","1,704",620,78,2
부산광역시,사상구,주례제1동,"15,890",919,"1,124","1,440","2,046","2,091","2,717","3,194","1,718",565,75,1
부산광역시,사상구,주례제2동,"20,482",618,"1,684","3,433","2,389","2,537","3,168","3,664","2,133",773,80,3
부산광역시,사상구,주례제3동,"11,467",356,820,"1,262","1,208","1,317","1,955","2,386","1,524",545,93,1
부산광역시,사상구,학장동,"24,912",831,"1,913","2,188","2,301","3,319","4,583","5,301","3,303","1,053",119,1
부산광역시,사상구,엄궁동,"22,875","1,001","2,286","2,155","2,417","3,223","4,381","4,525","2,157",634,96,0
부산광역시,기장군,,"175,482","11,839","20,199","14,442","20,190","30,980","28,423","24,046","17,017","7,194","1,121",31
부산광역시,기장군,기장읍,"50,783","2,170","3,635","4,544","5,550","6,704","9,030","9,239","6,446","2,993",456,16
부산광역시,기장군,장안읍,"8,402",350,370,678,980,932,"1,354","1,785","1,217",611,122,3
부산광역시,기장군,정관읍,"77,316","6,003","12,726","6,220","7,932","17,060","12,530","7,088","5,405","2,054",293,5
부산광역시,기장군,일광읍,"31,931","3,184","3,073","2,613","5,241","5,642","4,322","4,272","2,498",923,157,6
부산광역시,기장군,철마면,"7,050",132,395,387,487,642,"1,187","1,662","1,451",613,93,1
대구광역시,,,"2,346,277","129,822","212,659","245,139","286,340","330,746","407,420","382,342","232,470","102,164","16,871",304
대구광역시,중구,,"101,894","8,218","7,650","13,499","18,663","15,045","14,273","11,327","8,184","4,288",730,17
대구광역시,중구,동인동,"11,000",623,663,"1,634","2,344","1,442","1,591","1,249",876,473,102,3
대구광역시,중구,삼덕동,"7,449",383,543,"1,823","1,461","1,059",886,610,428,214,42,0
대구광역시,중구,성내1동,"5,538",124,245,"1,692","1,076",581,618,525,397,231,46,3
대구광역시,중구,성내2동,"9,263",684,547,"1,844","1,820","1,284","1,222",908,611,300,43,0
대구광역시,중구,성내3동,"13,680","2,144","1,085","1,068","3,469","2,534","1,338","1,060",646,303,32,1
대구광역시,중구,대신동,"7,230",564,552,585,"1,128","1,085","1,098","1,077",734,357,48,2
대구광역시,중구,남산1동,"5,059",308,352,804,784,718,750,613,440,257,32,1
대구광역시,중구,남산2동,"7,424",734,596,785,"1,440","1,157","1,028",759,585,279,60,1
대구광역시,중구,남산3동,"5,800",280,483,462,656,856,947,927,726,384,79,0
대구광역시,중구,남산4동,"15,856","1,327","1,342","1,385","2,423","2,363","2,487","1,983","1,625",788,127,6
대구광역시,중구,대봉1동,"7,652",516,771,824,981,"1,113","1,271",947,648,485,96,0
대구광역시,중구,대봉2동,"5,943",531,471,593,"1,081",853,"1,037",669,468,217,23,0
대구광역시,동구,,"338,699","18,587","26,026","32,765","44,555","46,056","55,518","56,503","38,555","17,360","2,725",49
대구광역시,동구,신암1동,"10,786",837,628,"1,058","1,562","1,432","1,627","1,586","1,238",723,93,2
대구광역시,동구,신암2동,"11,425",911,979,828,"1,686","1,720","1,811","1,584","1,186",622,97,1
대구광역시,동구,신암3동,"11,174","1,168",723,950,"2,245","1,571","1,547","1,394","1,040",471,64,1
대구광역시,동구,신암4동,"18,410","1,200",889,"2,215","3,631","2,163","2,894","2,863","1,737",722,93,3
대구광역시,동구,신암5동,"7,319",385,399,622,"1,008",888,"1,124","1,367",999,462,64,1
대구광역시,동구,신천1.2동,"10,985",266,619,"1,001","1,198","1,219","1,824","2,126","1,666",938,128,0
대구광역시,동구,신천3동,"14,952","1,093","1,301","1,557","2,526","2,251","2,489","1,935","1,144",552,103,1
대구광역시,동구,신천4동,"13,095",912,751,"1,798","2,756","1,822","1,915","1,572","1,028",464,76,1
대구광역시,동구,효목1동,"11,467",218,522,"1,052","1,027","1,165","1,929","2,485","1,992",954,121,2
대구광역시,동구,효목2동,"14,206",680,934,"1,431","1,893","1,811","2,265","2,521","1,769",759,141,2
대구광역시,동구,도평동,"3,374",66,142,466,313,281,519,745,521,271,50,0
대구광역시,동구,불로.봉무동,"19,392","1,187","2,205","1,742","1,945","3,101","3,408","3,034","1,911",744,113,2
대구광역시,동구,지저동,"12,295",309,618,"1,074","1,199","1,250","2,045","2,934","1,967",796,101,2
대구광역시,동구,동촌동,"13,783",436,746,"1,317","1,542","1,583","2,297","2,879","1,936",922,122,3
대구광역시,동구,방촌동,"16,700",460,"1,012","1,499","1,592","1,703","2,859","3,700","2,479","1,166",225,5
대구광역시,동구,해안동,"12,875",356,703,"1,151","1,308","1,353","2,137","2,774","2,034",914,141,4
대구광역시,동구,안심1동,"37,124","1,784","3,431","3,631","3,926","5,281","6,054","6,537","4,384","1,798",291,7
대구광역시,동구,안심2동,"16,987","1,192","1,047","1,656","2,742","2,221","2,997","2,772","1,648",607,102,3
대구광역시,동구,안심3동,"19,884","1,322","2,475","2,054","2,565","3,330","3,455","2,195","1,620",754,112,2
대구광역시,동구,안심4동,"26,286","1,307","2,656","2,929","3,000","3,850","4,856","4,038","2,446","1,042",160,2
대구광역시,동구,혁신동,"16,509","1,516","2,020","1,362","2,849","3,628","2,042","1,639","1,053",348,51,1
대구광역시,동구,공산동,"19,671",982,"1,226","1,372","2,042","2,433","3,424","3,823","2,757","1,331",277,4
대구광역시,서구,,"163,319","6,788","9,719","14,057","19,672","19,367","27,953","33,465","21,833","9,146","1,298",21
대구광역시,서구,내당1동,"14,720","1,041","1,013","1,542","2,390","2,048","2,412","2,388","1,277",528,80,1
대구광역시,서구,내당2.3동,"8,107",155,322,702,737,785,"1,500","1,815","1,377",636,77,1
대구광역시,서구,내당4동,"14,114",283,824,"1,502","1,603","1,554","2,412","2,926","2,034",828,144,4
대구광역시,서구,비산1동,"7,702",130,373,612,632,763,"1,478","1,801","1,294",548,71,0
대구광역시,서구,비산2.3동,"7,527",113,292,518,577,658,"1,281","1,856","1,363",759,108,2
대구광역시,서구,비산4동,"8,120",137,405,664,754,844,"1,463","1,925","1,283",570,75,0
대구광역시,서구,비산5동,"4,726",85,175,310,354,452,806,"1,155",898,429,62,0
대구광역시,서구,비산6동,"6,292",107,252,518,522,591,"1,211","1,587",991,444,67,2
대구광역시,서구,비산7동,"9,324",308,453,837,"1,034",967,"1,764","2,023","1,315",563,58,2
대구광역시,서구,평리1동,"6,112",104,305,499,520,614,"1,086","1,463",987,470,62,2
대구광역시,서구,평리2동,"6,827",234,582,545,621,905,"1,215","1,412",932,346,34,1
대구광역시,서구,평리3동,"12,071",740,765,905,"1,651","1,671","1,902","2,338","1,434",588,76,1
대구광역시,서구,평리4동,"15,008",494,"1,062","1,333","1,626","1,901","2,610","3,222","1,954",699,106,1
대구광역시,서구,평리5동,"10,510","1,536",750,753,"2,585","1,719","1,207","1,106",612,217,23,2
대구광역시,서구,평리6동,"5,393",359,274,427,986,642,884,"1,021",578,191,31,0
대구광역시,서구,상중이동,"16,829",504,"1,382","1,531","1,605","2,055","3,003","3,598","2,233",765,152,1
대구광역시,서구,원대동,"9,937",458,490,859,"1,475","1,198","1,719","1,829","1,271",565,72,1
대구광역시,남구,,"141,722","5,547","8,457","16,328","18,685","17,305","23,360","24,085","17,746","8,677","1,509",23
대구광역시,남구,이천동,"14,228",908,"1,032","1,186","2,031","2,006","2,414","1,982","1,540",951,174,4
대구광역시,남구,봉덕1동,"7,645",156,334,792,845,853,"1,384","1,491","1,074",594,120,2
대구광역시,남구,봉덕2동,"12,827",921,"1,045",890,"1,641","1,837","2,012","2,034","1,525",746,173,3
대구광역시,남구,봉덕3동,"13,976",421,"1,033","1,341","1,336","1,729","2,441","2,548","1,926","1,011",188,2
대구광역시,남구,대명1동,"9,228",195,610,"1,118","1,032","1,076","1,548","1,749","1,270",547,80,3
대구광역시,남구,대명2동,"15,249",839,979,"2,486","2,856","1,948","2,174","1,864","1,344",652,106,1
대구광역시,남구,대명3동,"12,297",390,587,"1,653","1,978","1,356","1,947","2,066","1,530",681,107,2
대구광역시,남구,대명4동,"8,980",185,439,"1,056",822,894,"1,469","1,964","1,420",636,93,2
대구광역시,남구,대명5동,"8,992",534,532,"1,557","1,514","1,089","1,466","1,122",746,364,68,0
대구광역시,남구,대명6동,"10,271",438,570,"1,166","1,375","1,316","1,784","1,737","1,259",516,109,1
대구광역시,남구,대명9동,"13,111",292,704,"1,590","1,631","1,602","2,323","2,366","1,686",798,119,0
대구광역시,남구,대명10동,"7,805",132,320,912,891,847,"1,238","1,549","1,213",622,79,2
대구광역시,남구,대명11동,"7,113",136,272,581,733,752,"1,160","1,613","1,213",559,93,1
대구광역시,북구,,"406,214","20,719","37,419","49,362","47,564","55,263","75,415","65,279","36,370","16,253","2,514",56
대구광역시,북구,고성동,"14,592","2,100","1,245","1,087","3,853","2,663","1,569","1,053",688,276,58,0
대구광역시,북구,칠성동,"23,907","1,584","2,389","2,622","3,727","3,830","3,839","2,904","1,896",943,165,8
대구광역시,북구,침산1동,"3,424",86,154,256,306,341,576,883,570,212,38,2
대구광역시,북구,침산2동,"17,825","1,368","2,263","1,705","2,366","3,087","2,968","2,114","1,263",598,89,4
대구광역시,북구,침산3동,"17,655",980,"1,878","1,697","1,731","2,524","3,318","2,792","1,733",869,132,1
대구광역시,북구,산격1동,"7,354",85,275,435,560,622,"1,243","1,838","1,470",725,100,1
대구광역시,북구,산격2동,"9,351",270,665,993,952,"1,005","1,694","2,011","1,165",524,69,3
대구광역시,북구,산격3동,"8,380",128,427,"2,702",938,704,978,"1,145",906,390,61,1
대구광역시,북구,산격4동,"6,931",115,343,799,744,727,"1,165","1,443","1,064",471,60,0
대구광역시,북구,대현동,"15,532",439,"1,042","2,759","1,430","1,762","2,469","2,578","1,875","1,022",155,1
대구광역시,북구,복현1동,"7,117",90,297,"2,678",883,594,897,906,549,195,28,0
대구광역시,북구,복현2동,"28,702","1,651","2,985","3,600","3,742","4,057","4,831","4,510","2,322",858,142,4
대구광역시,북구,검단동,"5,381",106,277,378,540,636,859,"1,237",890,394,63,1
대구광역시,북구,무태조야동,"32,466","1,870","3,238","3,237","3,083","4,991","7,051","4,900","2,840","1,099",155,2
대구광역시,북구,관문동,"31,924","2,385","3,401","2,601","3,703","5,553","5,554","5,017","2,615",953,137,5
대구광역시,북구,태전1동,"21,082",682,"1,587","3,371","2,315","2,350","3,861","3,817","2,007",920,170,2
대구광역시,북구,태전2동,"21,552",842,"1,845","2,579","2,293","2,611","4,107","4,013","2,209",920,127,6
대구광역시,북구,구암동,"30,182","1,172","3,426","3,768","2,703","3,990","6,943","4,992","1,991","1,035",157,5
대구광역시,북구,관음동,"13,683",360,967,"1,421","1,279","1,432","2,813","3,048","1,567",683,111,2
대구광역시,북구,읍내동,"24,548","1,072","1,955","2,875","2,862","2,777","4,862","4,739","2,210","1,011",182,3
대구광역시,북구,동천동,"24,591","1,176","2,933","3,225","2,404","3,346","5,923","3,322","1,346",802,112,2
대구광역시,북구,노원동,"10,938",442,567,855,"1,391","1,270","1,881","2,381","1,556",538,56,1
대구광역시,북구,국우동,"29,097","1,716","3,260","3,719","3,759","4,391","6,014","3,636","1,638",815,147,2
대구광역시,수성구,,"407,570","24,001","46,919","41,050","42,952","62,452","73,448","59,711","36,847","17,008","3,118",64
대구광역시,수성구,범어1동,"22,730","2,336","3,179","1,983","2,747","4,322","3,761","2,311","1,327",657,106,1
대구광역시,수성구,범어2동,"15,392","1,067","1,725","1,912","2,008","2,506","2,477","1,883","1,133",579,99,3
대구광역시,수성구,범어3동,"17,014","1,705","2,270","1,684","2,426","3,166","2,837","1,633",839,381,73,0
대구광역시,수성구,범어4동,"18,388","1,284","4,175","1,538","1,007","4,323","3,177","1,461",946,403,74,0
대구광역시,수성구,만촌1동,"20,173","1,209","1,995","1,949","2,016","2,736","3,622","3,231","2,179","1,038",195,3
대구광역시,수성구,만촌2동,"13,052",677,"1,702","1,550","1,321","2,115","2,313","1,737","1,074",467,93,3
대구광역시,수성구,만촌3동,"20,532","1,388","4,004","1,899","1,518","4,436","3,713","1,878","1,106",515,74,1
대구광역시,수성구,수성1가동,"16,922",910,"1,948","1,601","1,571","2,473","3,083","2,356","1,770","1,010",194,6
대구광역시,수성구,수성2.3가동,"10,138",638,"1,384","1,004",751,"1,595","1,915","1,360",958,462,71,0
대구광역시,수성구,수성4가동,"12,800",431,"1,027","1,388","1,186","1,456","2,585","2,358","1,459",753,151,6
대구광역시,수성구,황금1동,"20,792","1,567","3,170","1,950","1,675","3,591","3,754","2,732","1,570",632,148,3
대구광역시,수성구,황금2동,"11,754",691,967,"1,312","1,699","1,746","1,978","1,581","1,177",529,73,1
대구광역시,수성구,중동,"14,395","1,152","1,208","1,386","2,063","2,400","2,423","1,892","1,217",560,94,0
대구광역시,수성구,상동,"13,954",485,998,"1,379","1,457","1,729","2,453","2,607","1,834",850,160,2
대구광역시,수성구,파동,"17,209","1,184","1,270","1,385","2,411","2,619","2,891","2,689","1,843",771,141,5
대구광역시,수성구,두산동,"14,799",855,"1,251","1,796","2,197","2,267","2,609","2,155","1,161",428,76,4
대구광역시,수성구,지산1동,"18,605",398,"1,244","1,984","1,898","1,996","3,458","3,665","2,518","1,229",209,6
대구광역시,수성구,지산2동,"18,120",730,"1,515","1,731","1,921","2,210","3,333","3,374","2,161",944,197,4
대구광역시,수성구,범물1동,"9,655",155,437,645,668,852,"1,479","2,282","1,992",966,176,3
대구광역시,수성구,범물2동,"15,530",723,"1,625","1,451","1,521","2,152","2,835","2,852","1,683",576,111,1
대구광역시,수성구,고산1동,"31,015","1,708","4,184","3,382","3,032","4,662","5,991","4,624","2,232","1,021",177,2
대구광역시,수성구,고산2동,"25,478","1,529","2,655","2,773","2,967","3,426","4,781","3,989","2,198",979,176,5
대구광역시,수성구,고산3동,"29,123","1,179","2,986","3,368","2,892","3,674","5,980","5,061","2,470","1,258",250,5
대구광역시,달서구,,"512,577","26,193","48,290","56,197","61,082","70,507","92,996","87,366","47,884","18,966","3,049",47
대구광역시,달서구,성당동,"19,860",697,"1,762","1,658","2,022","2,655","3,395","3,828","2,631","1,037",170,5
대구광역시,달서구,두류1.2동,"15,672",663,770,"2,016","2,571","1,853","2,429","2,660","1,759",851,99,1
대구광역시,달서구,두류3동,"8,926",331,568,986,"1,212","1,057","1,488","1,581","1,101",527,74,1
대구광역시,달서구,감삼동,"31,140","2,374","2,943","3,477","4,977","4,736","5,098","4,388","2,275",791,80,1
대구광역시,달서구,죽전동,"14,360",701,814,"1,801","2,376","1,764","2,359","2,535","1,420",513,75,2
대구광역시,달서구,장기동,"15,315",730,"1,288","1,705","1,945","2,030","2,905","2,615","1,449",575,72,1
대구광역시,달서구,용산1동,"27,731","1,054","2,518","3,412","3,196","3,302","6,014","5,074","2,157",886,116,2
대구광역시,달서구,용산2동,"24,557",771,"2,028","2,797","2,556","2,947","5,384","5,147","1,978",827,120,2
대구광역시,달서구,이곡1동,"19,612",651,"1,532","2,594","2,297","2,209","4,310","3,800","1,494",620,103,2
대구광역시,달서구,이곡2동,"14,032",419,906,"1,545","1,599","1,636","2,763","3,177","1,423",499,64,1
대구광역시,달서구,신당동,"27,830",678,"1,943","6,216","2,967","2,579","5,022","4,729","2,450","1,075",170,1
대구광역시,달서구,본리동,"23,007","1,724","2,373","2,024","3,406","3,745","3,950","3,483","1,668",537,95,2
대구광역시,달서구,월성1동,"39,351","3,251","7,344","3,839","3,675","8,079","7,502","3,219","1,723",592,126,1
대구광역시,달서구,월성2동,"13,411",246,772,"1,045",946,"1,347","2,475","2,842","2,463","1,109",165,1
대구광역시,달서구,진천동,"49,166","2,828","4,753","5,047","5,898","6,983","8,904","8,249","4,445","1,733",323,3
대구광역시,달서구,유천동,"32,805","4,207","5,763","2,338","4,743","7,426","4,692","2,299","1,012",293,31,1
대구광역시,달서구,상인1동,"31,859","1,552","3,510","3,408","3,172","4,087","6,094","5,597","3,089","1,141",208,1
대구광역시,달서구,상인2동,"16,964",653,"1,109","2,108","2,498","1,966","2,770","3,345","1,753",661,99,2
대구광역시,달서구,상인3동,"9,436",124,344,558,666,873,"1,475","2,522","1,946",778,146,4
대구광역시,달서구,도원동,"30,780","1,005","2,539","2,945","2,871","3,600","5,740","6,970","3,553","1,307",244,6
대구광역시,달서구,송현1동,"15,862",379,808,"1,703","1,720","1,815","2,860","3,299","2,199",930,145,4
대구광역시,달서구,송현2동,"17,635",657,959,"1,632","2,076","2,066","2,909","3,565","2,467","1,101",201,2
대구광역시,달서구,본동,"13,266",498,944,"1,343","1,693","1,752","2,458","2,442","1,429",583,123,1
대구광역시,달성군,,"251,789","19,331","27,383","20,999","32,044","43,154","40,995","38,299","20,354","7,835","1,369",26
대구광역시,달성군,화원읍,"45,281","2,149","3,635","4,443","4,887","5,353","8,734","9,241","4,765","1,795",275,4
대구광역시,달성군,논공읍,"4,117",162,183,221,384,478,735,985,618,301,49,1
대구광역시,달성군,논공읍공단출장소,"10,638",350,842,"1,001",963,"1,375","2,615","2,132",892,398,69,1
대구광역시,달성군,다사읍,"51,458","3,928","6,830","4,546","6,330","9,090","8,577","7,042","3,685","1,243",180,7
대구광역시,달성군,다사읍서재출장소,"37,423","4,005","4,634","2,884","5,543","8,052","5,716","4,216","1,758",545,69,1
대구광역시,달성군,유가읍,"31,265","3,522","4,938","2,417","4,482","7,109","4,288","2,675","1,302",450,82,0
대구광역시,달성군,옥포읍,"22,134","1,478","1,970","1,397","2,369","3,483","3,528","4,350","2,525",901,132,1
대구광역시,달성군,현풍읍,"20,879","1,380","1,937","2,225","3,242","3,566","2,880","2,969","1,812",727,140,1
대구광역시,달성군,가창면,"6,686",149,431,386,365,623,"1,005","1,608","1,300",626,186,7
대구광역시,달성군,하빈면,"3,081",35,84,125,182,189,493,978,567,342,84,2
대구광역시,달성군,구지면,"18,827","2,173","1,899","1,354","3,297","3,836","2,424","2,103","1,130",507,103,1
대구광역시,군위군,,"22,493",438,796,882,"1,123","1,597","3,462","6,307","4,697","2,631",559,1
대구광역시,군위군,군위읍,"7,871",268,524,504,556,815,"1,408","1,774","1,221",650,151,0
대구광역시,군위군,소보면,"2,205",27,31,41,91,134,301,673,507,335,65,0
대구광역시,군위군,효령면,"3,641",54,92,118,175,201,528,"1,118",847,425,83,0
대구광역시,군위군,부계면,"2,111",25,48,67,97,105,341,650,457,262,59,0
대구광역시,군위군,우보면,"1,925",20,25,57,62,91,268,614,459,270,59,0
대구광역시,군위군,의흥면,"2,218",23,38,54,74,130,275,654,569,332,69,0
대구광역시,군위군,산성면,"1,195",17,19,19,34,43,172,378,293,176,43,1
대구광역시,군위군,삼국유사면,"1,327",4,19,22,34,78,169,446,344,181,30,0
인천광역시,,,"3,066,185","186,122","276,173","329,378","434,728","473,842","513,877","481,001","246,773","104,356","19,382",553
인천광역시,중구영종출장소,출장소 ,0,0,0,0,0,0,0,0,0,0,0,0
인천광역시,중구용유출장소,출장소 ,0,0,0,0,0,0,0,0,0,0,0,0
인천광역시,제물포구, ,"99,217","3,547","6,520","9,231","11,033","13,047","16,876","18,120","13,273","6,426","1,113",31
인천광역시,제물포구,신포동,"4,405",109,302,363,421,531,814,761,625,381,93,5
인천광역시,제물포구,연안동,"4,904",110,217,380,425,539,891,"1,161",762,353,66,0
인천광역시,제물포구,신흥동,"14,099",647,"1,035","1,620","1,870","1,975","2,332","2,323","1,513",676,105,3
인천광역시,제물포구,도원동,"3,344",43,142,268,259,329,584,757,624,301,32,5
인천광역시,제물포구,율목동,"3,027",67,124,266,341,369,488,629,484,219,39,1
인천광역시,제물포구,동인천동,"5,161",98,214,406,465,596,864,"1,123",816,456,119,4
인천광역시,제물포구,개항동,"6,402",105,276,658,637,709,"1,090","1,373","1,012",464,77,1
인천광역시,제물포구,만석동,"6,011",162,479,497,514,853,"1,097","1,176",802,356,75,0
인천광역시,제물포구,화수1.화평동,"5,092",97,321,451,394,542,880,"1,077",851,408,69,2
인천광역시,제물포구,화수2동,"6,501",98,419,547,545,749,"1,079","1,280","1,076",620,83,5
인천광역시,제물포구,송현1.2동,"9,298",360,698,957,985,"1,338","1,602","1,581","1,187",510,78,2
인천광역시,제물포구,송현3동,"2,540",38,104,177,214,256,477,553,448,245,28,0
인천광역시,제물포구,송림1동,"6,631",521,452,718,"1,352","1,005",958,825,516,241,42,1
인천광역시,제물포구,송림2동,"1,139",10,71,64,68,96,181,256,229,136,26,2
인천광역시,제물포구,송림3·5동,"5,018",169,434,493,423,693,979,840,636,304,47,0
인천광역시,제물포구,송림4동,"5,869",432,483,554,929,"1,019",948,850,476,158,20,0
인천광역시,제물포구,송림6동,"7,694",440,672,654,"1,040","1,253","1,281","1,092",828,372,62,0
인천광역시,제물포구,금창동,"2,082",41,77,158,151,195,331,463,388,226,52,0
인천광역시,영종구,,"138,659","11,630","13,978","18,124","25,196","24,782","20,717","13,875","7,164","2,759",420,14
인천광역시,영종구,영종동,"31,155","2,248","2,312","3,215","5,426","5,146","5,340","4,538","2,021",761,139,9
인천광역시,영종구,영종1동,"35,805","4,072","4,686","3,025","6,392","7,884","4,694","2,857","1,608",521,63,3
인천광역시,영종구,영종2동,"27,545","3,400","3,760","2,366","4,890","5,971","3,688","2,022","1,068",321,58,1
인천광역시,영종구,운서1동,"17,525",713,"2,002","2,924","2,260","2,644","3,619","1,784",969,541,69,0
인천광역시,영종구,운서2동,"23,300","1,168","1,150","6,452","6,036","2,858","2,788","1,671",801,337,38,1
인천광역시,영종구,용유동,"3,329",29,68,142,192,279,588,"1,003",697,278,53,0
인천광역시,미추홀구, ,"419,123","22,863","32,366","48,065","59,012","62,471","68,739","65,270","39,484","17,795","2,977",81
인천광역시,미추홀구,숭의2동,"13,417",675,963,"1,330","1,759","1,922","2,234","2,278","1,447",699,105,5
인천광역시,미추홀구,숭의1.3동,"17,506","1,136","1,191","1,965","2,952","2,664","2,822","2,602","1,334",690,145,5
인천광역시,미추홀구,숭의4동,"17,288","1,023","1,316","1,636","2,457","2,578","2,809","2,747","1,758",808,154,2
인천광역시,미추홀구,용현1.4동,"17,171",345,"1,083","4,829","1,499","1,485","2,226","2,604","1,981",982,132,5
인천광역시,미추홀구,용현2동,"22,548","2,145","1,682","2,265","3,988","3,568","3,149","2,785","1,971",855,138,2
인천광역시,미추홀구,용현3동,"6,519",156,237,755,772,694,"1,077","1,287",955,502,83,1
인천광역시,미추홀구,용현5동,"44,022","2,268","4,571","5,542","5,184","6,834","7,768","6,505","3,546","1,537",262,5
인천광역시,미추홀구,학익1동,"41,456","3,155","4,286","4,818","5,811","6,650","7,107","5,407","2,830","1,197",187,8
인천광역시,미추홀구,학익2동,"17,534",593,"1,330","1,873","2,056","2,271","3,144","3,165","1,917",990,193,2
인천광역시,미추홀구,도화1동,"20,271",997,"1,425","2,086","2,897","2,987","3,359","3,294","2,032",996,194,4
인천광역시,미추홀구,도화2.3동,"28,759","2,195","2,515","2,773","4,339","5,106","4,203","4,237","2,323",919,147,2
인천광역시,미추홀구,주안1동,"19,903",749,973,"3,031","4,075","3,286","3,173","2,729","1,284",519,82,2
인천광역시,미추홀구,주안2동,"23,286","1,632","1,486","2,057","3,942","3,484","3,504","3,669","2,311","1,033",161,7
인천광역시,미추홀구,주안3동,"12,045",728,849,"1,112","1,866","1,832","1,892","1,801","1,307",571,85,2
인천광역시,미추홀구,주안4동,"19,648","1,355","1,265","1,753","3,008","2,976","2,907","3,124","2,166",951,139,4
인천광역시,미추홀구,주안5동,"18,917",812,"1,053","2,082","2,918","2,652","3,074","3,286","1,963",912,158,7
인천광역시,미추홀구,주안6동,"20,887","1,045","1,838","2,233","2,882","3,355","3,410","3,129","1,989",829,175,2
인천광역시,미추홀구,주안7동,"12,020",441,733,"1,095","1,309","1,493","2,126","2,342","1,613",754,110,4
인천광역시,미추홀구,주안8동,"18,365",555,"1,404","1,910","1,970","2,380","3,419","3,602","2,034",950,137,4
인천광역시,미추홀구,관교동,"13,744",434,"1,133","1,383","1,540","1,864","2,362","2,582","1,663",656,122,5
인천광역시,미추홀구,문학동,"13,817",424,"1,033","1,537","1,788","2,390","2,974","2,095","1,060",445,68,3
인천광역시,연수구,,"410,369","32,068","47,558","43,933","57,025","71,121","68,160","55,626","23,481","9,399","1,931",67
인천광역시,연수구,옥련1동,"17,146",649,"1,520","1,819","1,896","2,245","3,208","3,167","1,625",831,179,7
인천광역시,연수구,옥련2동,"19,543","1,086","1,871","2,061","2,422","2,745","3,495","3,418","1,612",708,120,5
인천광역시,연수구,선학동,"17,404",788,"1,038","1,820","2,247","2,342","2,872","3,600","1,817",730,147,3
인천광역시,연수구,연수1동,"15,975",398,987,"2,081","1,996","2,014","3,126","3,130","1,514",616,111,2
인천광역시,연수구,연수2동,"19,014",769,"1,367","2,346","2,964","2,418","3,140","3,460","1,626",745,172,7
인천광역시,연수구,연수3동,"14,194",421,922,"1,556","1,881","1,606","2,360","2,965","1,523",765,188,7
인천광역시,연수구,청학동,"21,590",575,"1,319","2,152","2,604","2,591","4,063","4,722","2,309","1,005",244,6
인천광역시,연수구,동춘1동,"25,243","2,002","2,583","2,511","3,455","4,039","4,370","4,113","1,545",513,104,8
인천광역시,연수구,동춘2동,"16,306",780,"1,442","1,898","2,326","2,132","2,940","2,959","1,201",523,102,3
인천광역시,연수구,동춘3동,"17,263",870,"2,489","1,975","1,599","2,587","3,306","2,633","1,163",534,103,4
인천광역시,연수구,송도1동,"36,089","2,096","4,841","5,776","4,132","5,494","6,353","4,679","1,880",702,131,5
인천광역시,연수구,송도2동,"37,506","3,531","7,195","3,241","3,695","8,358","6,455","3,365","1,150",431,84,1
인천광역시,연수구,송도3동,"49,964","5,041","6,698","5,983","8,434","9,718","7,398","4,444","1,614",538,93,3
인천광역시,연수구,송도4동,"56,283","7,160","7,623","4,918","8,730","12,696","8,553","4,658","1,444",422,75,4
인천광역시,연수구,송도5동,"46,849","5,902","5,663","3,796","8,644","10,136","6,521","4,313","1,458",336,78,2
인천광역시,남동구,,"478,603","22,294","43,836","52,655","60,705","71,525","83,776","80,200","42,834","17,626","3,066",86
인천광역시,남동구,구월1동,"30,042","1,662","3,064","3,149","4,193","4,919","4,840","4,758","2,345",925,183,4
인천광역시,남동구,구월2동,"36,439","2,515","4,432","3,594","4,560","6,072","6,145","5,214","2,796",964,142,5
인천광역시,남동구,구월3동,"28,050",826,"1,552","5,664","5,309","4,220","4,233","3,586","1,803",742,113,2
인천광역시,남동구,구월4동,"12,593",249,624,"1,336","1,395","1,532","2,313","2,739","1,565",712,124,4
인천광역시,남동구,간석1동,"18,400",695,"1,152","1,967","3,070","2,469","3,052","3,150","1,830",855,158,2
인천광역시,남동구,간석2동,"20,327",922,"1,895","2,200","2,449","2,944","3,519","3,400","2,012",865,120,1
인천광역시,남동구,간석3동,"24,695",917,"1,685","2,545","3,086","3,308","4,515","4,734","2,689","1,051",159,6
인천광역시,남동구,간석4동,"27,650","1,114","1,986","3,345","3,840","3,820","4,840","4,831","2,594","1,078",198,4
인천광역시,남동구,만수1동,"14,986",386,712,"1,387","1,865","1,784","2,659","3,192","1,889",926,180,6
인천광역시,남동구,만수2동,"21,925",918,"2,043","2,294","2,384","3,147","4,099","3,983","2,158",767,130,2
인천광역시,남동구,만수3동,"15,539",695,"1,372","1,612","1,850","2,156","2,772","2,907","1,501",582,90,2
인천광역시,남동구,만수4동,"17,975",673,"1,338","1,785","2,324","2,269","3,197","3,495","1,963",784,142,5
인천광역시,남동구,만수5동,"13,850",392,704,"1,426","1,695","1,574","2,394","2,960","1,821",767,113,4
인천광역시,남동구,만수6동,"21,581",616,"1,716","2,198","2,285","2,572","4,116","4,508","2,230","1,107",228,5
인천광역시,남동구,장수서창동,"18,056",772,"1,827","1,798","1,706","2,551","3,340","3,344","1,870",714,130,4
인천광역시,남동구,서창2동,"37,336","3,041","5,067","2,863","4,631","7,887","5,352","4,857","2,705",798,129,6
인천광역시,남동구,남촌도림동,"18,556",591,"1,369","1,881","1,898","2,291","3,617","3,958","1,951",850,148,2
인천광역시,남동구,논현1동,"30,951","1,601","3,230","3,446","3,754","4,882","5,709","4,768","2,332","1,024",196,9
인천광역시,남동구,논현2동,"30,529","1,127","2,787","3,844","3,936","4,252","5,544","4,888","2,644","1,278",222,7
인천광역시,남동구,논현고잔동,"39,123","2,582","5,281","4,321","4,475","6,876","7,520","4,928","2,136",837,161,6
인천광역시,부평구,,"487,282","25,410","37,788","52,309","73,427","69,981","81,896","82,542","42,453","18,076","3,316",84
인천광역시,부평구,부평1동,"34,401","1,315","2,248","4,668","5,638","4,783","5,706","5,503","2,950","1,310",270,10
인천광역시,부평구,부평2동,"16,704",846,"1,042","1,818","2,983","2,342","2,678","2,718","1,559",628,88,2
인천광역시,부평구,부평3동,"13,630",867,798,"1,218","2,326","1,926","2,083","2,315","1,375",600,119,3
인천광역시,부평구,부평4동,"32,948","1,273","2,200","4,114","5,512","4,980","5,407","5,256","2,735","1,236",233,2
인천광역시,부평구,부평5동,"33,021","2,020","2,608","3,860","5,918","5,431","5,221","4,616","2,244",942,158,3
인천광역시,부평구,부평6동,"19,155","1,209","1,166","2,216","3,390","2,865","3,002","2,927","1,539",734,104,3
인천광역시,부평구,산곡1동,"14,180","1,144","1,050","1,243","2,683","2,311","2,034","2,079","1,057",485,87,7
인천광역시,부평구,산곡2동,"28,443","1,498","3,306","2,983","3,186","4,326","5,068","4,696","2,325",904,150,1
인천광역시,부평구,산곡3동,"19,551",662,"1,458","1,939","2,104","2,219","3,482","3,978","2,292","1,158",253,6
인천광역시,부평구,산곡4동,"16,117",698,"1,423","1,767","1,993","2,065","2,904","2,967","1,494",661,142,3
인천광역시,부평구,청천1동,"22,723","2,772","1,536","1,730","4,801","4,273","3,000","2,833","1,286",414,75,3
인천광역시,부평구,청천2동,"32,584","1,959","2,542","3,385","5,151","4,538","5,374","5,663","2,701","1,072",195,4
인천광역시,부평구,갈산1동,"13,851",461,832,"1,535","1,921","1,785","2,598","2,775","1,317",545,79,3
인천광역시,부평구,갈산2동,"16,941",601,"1,131","1,723","2,226","2,117","2,720","3,536","1,991",734,157,5
인천광역시,부평구,삼산1동,"30,858","1,385","2,791","3,226","3,730","4,437","5,798","5,488","2,555","1,187",257,4
인천광역시,부평구,삼산2동,"26,716","1,330","3,429","3,115","2,553","4,107","5,474","3,974","1,784",770,176,4
인천광역시,부평구,부개1동,"14,630",435,827,"1,322","1,809","1,879","2,409","3,011","1,968",853,114,3
인천광역시,부평구,부개2동,"18,709",986,"1,587","1,936","2,651","2,742","3,117","3,214","1,688",674,110,4
인천광역시,부평구,부개3동,"27,047",938,"2,222","3,183","3,808","3,539","4,985","5,085","2,128",971,182,6
인천광역시,부평구,일신동,"11,066",558,834,"1,164","1,337","1,462","1,776","2,194","1,218",426,94,3
인천광역시,부평구,십정1동,"23,602","1,899","1,526","2,195","5,270","3,253","3,353","3,356","1,848",768,131,3
인천광역시,부평구,십정2동,"20,405",554,"1,232","1,969","2,437","2,601","3,707","4,358","2,399","1,004",142,2
인천광역시,계양구,,"275,966","11,420","20,824","30,076","36,999","36,741","51,433","54,517","22,682","9,335","1,876",63
인천광역시,계양구,효성1동,"25,366","1,280","1,814","2,488","3,503","3,450","4,366","5,099","2,270",924,169,3
인천광역시,계양구,효성2동,"29,004","1,226","2,217","3,164","3,788","3,717","5,369","5,879","2,488",976,173,7
인천광역시,계양구,계산1동,"17,234",374,906,"1,896","2,262","2,067","3,202","3,878","1,827",688,130,4
인천광역시,계양구,계산2동,"13,760",357,684,"1,499","1,783","1,510","2,487","3,227","1,532",549,125,7
인천광역시,계양구,계산3동,"16,785",457,985,"1,952","2,708","1,991","2,986","3,812","1,304",480,105,5
인천광역시,계양구,계산4동,"22,037",869,"2,205","2,847","2,654","3,060","4,471","4,091","1,083",560,191,6
인천광역시,계양구,작전1동,"25,417","1,047","2,052","2,983","3,272","3,366","4,877","4,865","2,034",782,134,5
인천광역시,계양구,작전2동,"23,325","1,353","1,422","2,312","3,643","3,212","3,909","4,527","2,015",782,147,3
인천광역시,계양구,작전서운동,"31,736","1,596","2,813","3,642","4,266","4,516","6,352","5,527","1,912",882,224,6
인천광역시,계양구,계양1동,"18,391",700,"1,359","1,853","2,361","2,305","3,394","3,808","1,713",748,146,4
인천광역시,계양구,계양2동,"30,120",955,"1,793","3,218","4,262","3,604","5,766","6,201","2,752","1,334",226,9
인천광역시,계양구,계양3동,"22,791","1,206","2,574","2,222","2,497","3,943","4,254","3,603","1,752",630,106,4
인천광역시,서구검단출장소,출장소 ,0,0,0,0,0,0,0,0,0,0,0,0
인천광역시,서해구,,"392,072","26,128","38,473","42,289","58,428","64,052","65,565","59,297","26,308","9,672","1,803",57
인천광역시,서해구,검암경서동,"43,429","2,412","4,204","5,386","6,941","7,589","7,817","5,600","2,392",939,146,3
인천광역시,서해구,연희동,"35,953","1,082","2,434","4,267","4,624","4,233","7,186","7,189","3,094","1,497",338,9
인천광역시,서해구,청라1동,"30,545","2,637","4,244","3,597","4,937","5,936","5,002","2,694","1,021",399,76,2
인천광역시,서해구,청라2동,"47,771","4,138","7,189","5,022","6,473","9,557","7,730","5,035","1,917",606,104,0
인천광역시,서해구,청라3동,"37,059","3,673","5,126","4,336","5,787","7,730","5,549","3,405","1,069",313,67,4
인천광역시,서해구,가정1동,"42,720","4,435","4,314","3,818","7,769","8,132","5,671","5,220","2,421",801,135,4
인천광역시,서해구,가정2동,"17,172","2,004","1,259","1,678","3,522","3,072","2,468","2,219",705,214,30,1
인천광역시,서해구,가정3동,"8,232",261,519,942,"1,154",927,"1,516","1,902",704,250,56,1
인천광역시,서해구,석남1동,"19,628",588,"1,192","1,978","2,639","2,495","3,536","4,254","2,089",724,131,2
인천광역시,서해구,석남2동,"11,569",387,697,"1,133","1,382","1,380","2,088","2,472","1,433",507,86,4
인천광역시,서해구,석남3동,"12,695",398,822,"1,420","1,691","1,599","2,339","2,572","1,232",511,107,4
인천광역시,서해구,신현원창동,"28,463","1,631","2,687","2,780","3,614","4,279","4,861","5,315","2,436",740,116,4
인천광역시,서해구,가좌1동,"12,192",534,650,"1,380","1,926","1,495","2,170","2,329","1,151",482,72,3
인천광역시,서해구,가좌2동,"17,852",796,"1,492","1,919","2,271","2,178","3,134","3,588","1,721",608,139,6
인천광역시,서해구,가좌3동,"14,703",382,842,"1,605","1,814","1,683","2,583","3,200","1,789",680,121,4
인천광역시,서해구,가좌4동,"12,089",770,802,"1,028","1,884","1,767","1,915","2,303","1,134",401,79,6
인천광역시,검단구,,"276,078","27,813","29,790","26,591","46,589","51,530","43,190","30,126","13,894","5,401","1,124",30
인천광역시,검단구,검단동,"33,221","1,805","2,988","3,877","4,800","5,271","6,196","5,008","2,207",889,178,2
인천광역시,검단구,불로대곡동,"48,993","5,840","5,461","4,335","8,402","9,234","7,558","4,676","2,200","1,071",214,2
인천광역시,검단구,원당동,"23,554","1,361","2,688","2,914","3,155","4,006","4,704","2,529","1,398",665,127,7
인천광역시,검단구,당하동,"43,455","3,693","3,946","4,579","7,583","7,500","7,080","5,476","2,508",887,197,6
인천광역시,검단구,오류왕길동,"25,567","1,526","2,488","2,717","3,250","3,965","4,768","4,139","1,781",742,184,7
인천광역시,검단구,마전동,"20,920","1,086","2,510","2,745","2,502","3,136","4,113","2,840","1,307",566,110,5
인천광역시,검단구,아라1동,"46,953","7,478","4,908","3,379","11,066","10,204","4,970","3,111","1,445",328,63,1
인천광역시,검단구,아라2동,"33,415","5,024","4,801","2,045","5,831","8,214","3,801","2,347","1,048",253,51,0
인천광역시,강화군,,"69,541","2,467","4,185","4,060","4,749","6,776","10,512","16,737","12,085","6,508","1,439",23
인천광역시,강화군,강화읍,"21,361",993,"1,859","1,720","1,753","2,576","3,562","4,077","2,958","1,580",277,6
인천광역시,강화군,선원면,"10,199",535,803,749,929,"1,289","1,655","2,162","1,298",638,139,2
인천광역시,강화군,불은면,"4,972",114,204,201,287,413,683,"1,382","1,060",474,151,3
인천광역시,강화군,길상면,"7,193",193,374,385,466,669,"1,061","2,061","1,277",566,140,1
인천광역시,강화군,화도면,"4,478",102,174,181,250,367,636,"1,224",950,482,108,4
인천광역시,강화군,양도면,"4,179",110,197,155,204,322,594,"1,145",846,471,134,1
인천광역시,강화군,내가면,"2,895",79,73,94,165,196,417,805,634,365,66,1
인천광역시,강화군,하점면,"4,002",104,130,191,211,269,503,"1,064",824,577,127,2
인천광역시,강화군,양사면,"1,910",57,69,63,85,140,272,511,392,265,56,0
인천광역시,강화군,송해면,"3,173",101,136,131,182,223,469,812,639,388,91,1
인천광역시,강화군,교동면,"2,612",33,86,97,114,155,322,735,609,388,71,2
인천광역시,강화군,삼산면,"1,955",36,67,71,81,125,274,570,442,236,53,0
인천광역시,강화군,서도면,346,7,9,11,16,21,40,93,94,40,15,0
인천광역시,강화군,서도면볼음출장소,266,3,4,11,6,11,24,96,62,38,11,0
인천광역시,옹진군,,"19,275",482,855,"2,045","1,565","1,816","3,013","4,691","3,115","1,359",317,17
인천광역시,옹진군,북도면,"1,133",11,44,63,60,99,156,324,264,87,24,1
인천광역시,옹진군,북도면장봉출장소,952,4,11,33,46,64,200,288,199,85,21,1
인천광역시,옹진군,백령면,"4,428",176,235,760,505,458,573,839,556,233,86,7
인천광역시,옹진군,대청면,"1,113",23,46,136,82,115,163,254,174,101,18,1
인천광역시,옹진군,대청면소청출장소,232,4,1,35,20,9,23,62,50,25,3,0
인천광역시,옹진군,덕적면,"1,827",24,46,122,71,92,265,536,417,208,43,3
인천광역시,옹진군,영흥면,"6,421",162,369,457,493,696,"1,140","1,639","1,006",392,64,3
인천광역시,옹진군,자월면,932,19,17,39,53,52,172,257,201,100,21,1
인천광역시,옹진군,자월면이작출장소,360,6,23,11,19,28,44,108,71,37,13,0
인천광역시,옹진군,연평면,"1,877",53,63,389,216,203,277,384,177,91,24,0
대전광역시,,,"1,442,838","84,740","135,471","185,094","197,385","206,610","241,386","209,328","120,838","52,452","9,319",215
대전광역시,동구,,"217,981","10,627","18,554","27,611","25,308","28,566","36,008","35,112","23,363","11,046","1,752",34
대전광역시,동구,중앙동,"3,179",45,83,191,263,285,503,796,648,310,55,0
대전광역시,동구,효동,"29,190","2,577","3,387","2,576","4,190","4,950","4,733","3,490","2,241",905,136,5
대전광역시,동구,신인동,"14,550",986,"1,081","1,260","2,195","1,997","2,359","2,239","1,633",683,115,2
대전광역시,동구,판암1동,"11,489",481,759,"1,030","1,260","1,329","1,972","2,213","1,444",816,184,1
대전광역시,동구,판암2동,"7,566",130,260,461,626,692,"1,134","1,819","1,506",811,126,1
대전광역시,동구,용운동,"20,767","1,169","1,624","3,271","2,680","2,572","3,380","3,331","1,882",743,114,1
대전광역시,동구,대동,"13,221",841,"1,454","1,332","1,411","2,028","2,207","1,953","1,251",645,94,5
대전광역시,동구,자양동,"10,845",187,"1,085","3,143",956,922,"1,394","1,510","1,045",525,77,1
대전광역시,동구,가양1동,"12,705",371,"1,009","1,748","1,180","1,563","2,248","2,205","1,521",756,104,0
대전광역시,동구,가양2동,"18,033",562,"1,552","2,881","1,852","2,134","3,147","3,036","1,908",848,110,3
대전광역시,동구,용전동,"19,410",577,"1,303","3,611","2,825","2,515","3,169","2,851","1,655",800,101,3
대전광역시,동구,성남동,"10,209",451,723,988,"1,007","1,311","1,744","1,924","1,311",642,103,5
대전광역시,동구,홍도동,"10,676",356,666,"2,032","1,360","1,222","1,693","1,747","1,038",482,80,0
대전광역시,동구,삼성동,"13,318",563,968,"1,144","1,389","1,651","2,357","2,444","1,783",881,137,1
대전광역시,동구,대청동,"2,046",25,84,112,118,132,327,560,403,232,53,0
대전광역시,동구,산내동,"20,777","1,306","2,516","1,831","1,996","3,263","3,641","2,994","2,094",967,163,6
대전광역시,중구,,"223,664","11,274","19,193","24,426","26,398","30,212","38,208","35,335","24,588","11,912","2,069",49
대전광역시,중구,은행선화동,"24,133","2,503","1,983","2,902","4,583","4,114","3,376","2,512","1,443",598,113,6
대전광역시,중구,목동,"17,159","1,541","2,694","1,737","2,182","3,160","2,875","1,554",910,423,79,4
대전광역시,중구,중촌동,"14,887",979,"1,072","1,392","2,208","2,044","2,512","2,286","1,529",745,118,2
대전광역시,중구,대흥동,"12,031",463,965,"2,104","1,754","1,608","1,819","1,619","1,102",498,96,3
대전광역시,중구,문창동,"4,011",90,223,312,327,430,692,858,622,384,72,1
대전광역시,중구,석교동,"13,330",291,774,"1,086","1,152","1,448","2,286","2,956","2,170","1,014",149,4
대전광역시,중구,대사동,"5,135",93,222,909,662,434,737,940,651,418,69,0
대전광역시,중구,부사동,"5,735",143,352,471,530,615,"1,017","1,202",914,419,67,5
대전광역시,중구,용두동,"9,758",466,705,"1,630","1,562","1,311","1,523","1,114",837,539,69,2
대전광역시,중구,오류동,"9,738",431,594,"1,130","1,321","1,149","1,665","1,555","1,118",625,148,2
대전광역시,중구,태평1동,"11,912",590,"1,258","1,203","1,133","1,808","2,270","1,734","1,245",579,91,1
대전광역시,중구,태평2동,"22,948","1,071","2,462","2,292","1,860","3,023","4,381","3,624","2,722","1,269",239,5
대전광역시,중구,유천1동,"5,706",184,241,557,754,740,978,"1,118",757,306,70,1
대전광역시,중구,유천2동,"12,280",428,816,"1,258","1,403","1,430","1,986","2,190","1,754",862,148,5
대전광역시,중구,문화1동,"20,033","1,068","2,374","2,360","1,849","2,919","3,621","2,702","1,929","1,032",173,6
대전광역시,중구,문화2동,"10,822",252,741,936,"1,039","1,220","1,965","2,215","1,469",827,157,1
대전광역시,중구,산성동,"24,046",681,"1,717","2,147","2,079","2,759","4,505","5,156","3,416","1,374",211,1
대전광역시,서구,,"464,238","26,918","45,914","62,519","66,769","68,667","76,689","63,835","35,714","14,539","2,617",57
대전광역시,서구,복수동,"20,157","1,139","2,611","2,431","2,007","3,133","3,849","2,609","1,639",637,97,5
대전광역시,서구,도마1동,"17,763",960,"1,149","2,621","2,318","2,068","2,621","3,007","2,030",868,119,2
대전광역시,서구,도마2동,"20,470","1,226","1,465","2,312","2,739","2,573","3,307","3,401","2,345",932,164,6
대전광역시,서구,정림동,"15,519",652,"1,217","1,393","1,579","1,905","2,752","3,261","1,839",767,152,2
대전광역시,서구,변동,"12,045",434,864,"1,140","1,328","1,566","2,106","2,359","1,485",653,109,1
대전광역시,서구,용문동,"19,257","1,435","1,278","2,605","3,836","2,876","2,908","2,180","1,398",627,112,2
대전광역시,서구,탄방동,"31,205","1,894","2,748","5,023","5,996","4,842","4,793","3,433","1,655",706,113,2
대전광역시,서구,괴정동,"18,084",533,"1,196","3,937","3,770","2,481","2,502","1,930","1,181",479,72,3
대전광역시,서구,가장동,"10,216",420,866,"1,161","1,170","1,378","1,778","1,623","1,203",531,85,1
대전광역시,서구,내동,"21,311","1,023","2,155","2,349","2,327","2,989","3,791","3,420","2,187",919,148,3
대전광역시,서구,갈마1동,"20,541",607,"1,287","3,904","3,509","2,594","3,087","3,075","1,747",611,117,3
대전광역시,서구,갈마2동,"23,028",827,"1,539","4,585","4,436","3,068","3,618","3,049","1,343",478,84,1
대전광역시,서구,월평1동,"11,080",242,477,"2,792","2,173","1,231","1,587","1,453",760,309,55,1
대전광역시,서구,월평2동,"13,085",493,"1,061","1,244","1,333","1,483","2,256","2,650","1,617",766,179,3
대전광역시,서구,월평3동,"19,489","1,215","2,195","1,945","2,409","2,810","3,280","3,444","1,549",533,109,0
대전광역시,서구,가수원동,"9,826",332,812,944,"1,017","1,184","1,735","1,931","1,237",538,93,3
대전광역시,서구,도안동,"36,352","4,101","5,384","4,126","5,613","7,293","5,228","3,042","1,215",301,49,0
대전광역시,서구,관저1동,"14,271",702,"1,343","2,365","1,897","1,753","2,477","2,153","1,010",479,90,2
대전광역시,서구,관저2동,"46,736","3,578","5,981","5,789","6,399","8,059","8,402","5,061","2,382",908,175,2
대전광역시,서구,기성동,"3,166",46,118,148,192,295,501,775,592,396,98,5
대전광역시,서구,둔산1동,"16,218","1,240","3,297","1,340","1,121","3,609","2,847","1,350",923,427,64,0
대전광역시,서구,둔산2동,"34,073","2,370","3,302","4,260","5,934","5,071","5,998","4,373","1,954",687,120,4
대전광역시,서구,만년동,"11,847",580,989,"2,071","2,121","1,488","2,000","1,648",646,248,54,2
대전광역시,서구,둔산3동,"18,499",869,"2,580","2,034","1,545","2,918","3,266","2,608","1,777",739,159,4
대전광역시,유성구,,"373,361","28,645","38,803","52,492","59,661","58,413","59,459","45,151","20,991","8,024","1,678",44
대전광역시,유성구,진잠동,"27,308","1,513","2,428","3,144","3,632","3,761","5,353","4,190","2,131",958,191,7
대전광역시,유성구,학하동,"21,565","1,824","1,794","3,354","3,477","3,198","3,222","3,118","1,153",327,95,3
대전광역시,유성구,상대동,"24,999","2,423","3,684","2,214","2,980","4,699","4,213","3,112","1,237",354,83,0
대전광역시,유성구,온천1동,"26,642",583,854,"6,226","5,864","2,955","3,629","3,595","1,907",867,157,5
대전광역시,유성구,온천2동,"40,749","2,451","3,234","10,323","6,017","5,009","5,151","4,952","2,524",890,193,5
대전광역시,유성구,노은1동,"20,486","1,436","2,624","2,448","3,106","3,341","3,550","2,168","1,204",512,92,5
대전광역시,유성구,노은2동,"22,891","1,438","2,816","2,699","2,729","3,622","4,366","2,882","1,439",745,152,3
대전광역시,유성구,노은3동,"35,262","3,091","4,710","3,174","4,504","6,688","5,974","4,141","2,142",717,119,2
대전광역시,유성구,신성동,"25,352","2,013","2,521","4,104","5,224","3,712","3,591","2,525","1,130",439,93,0
대전광역시,유성구,전민동,"25,269","1,899","2,709","3,402","4,230","3,773","3,960","3,434","1,261",463,138,0
대전광역시,유성구,구즉동,"32,549","2,540","2,938","3,954","6,104","4,919","5,432","3,926","1,784",783,165,4
대전광역시,유성구,관평동,"37,669","3,810","5,147","4,313","6,137","6,804","6,435","3,307","1,247",376,88,5
대전광역시,유성구,원신흥동,"32,620","3,624","3,344","3,137","5,657","5,932","4,583","3,801","1,832",593,112,5
대전광역시,대덕구,,"163,594","7,276","13,007","18,046","19,249","20,752","31,022","29,895","16,182","6,931","1,203",31
대전광역시,대덕구,오정동,"12,977",304,888,"1,966","1,262","1,344","2,142","2,671","1,637",650,109,4
대전광역시,대덕구,대화동,"5,166",118,327,430,546,700,957,"1,020",722,296,48,2
대전광역시,대덕구,회덕동,"11,950",517,714,"1,054","1,398","1,348","2,198","2,492","1,465",637,125,2
대전광역시,대덕구,비래동,"14,140",405,"1,103","1,574","1,269","1,600","2,924","2,818","1,643",679,120,5
대전광역시,대덕구,송촌동,"26,635","1,530","2,996","3,087","2,976","3,732","5,751","4,117","1,569",735,138,4
대전광역시,대덕구,중리동,"17,394",444,"1,105","2,197","1,998","2,080","3,344","3,427","1,881",808,108,2
대전광역시,대덕구,신탄진동,"15,783",922,"1,017","1,623","2,395","1,938","2,818","2,747","1,545",672,102,4
대전광역시,대덕구,석봉동,"15,605","1,306","1,750","1,394","2,334","2,773","2,508","2,141",942,383,74,0
대전광역시,대덕구,덕암동,"12,173",417,745,"1,531","1,537","1,403","2,416","2,155","1,235",613,118,3
대전광역시,대덕구,목상동,"5,718",207,446,749,834,904,"1,078",896,420,161,22,1
대전광역시,대덕구,법1동,"11,958",596,819,"1,094","1,419","1,412","2,135","2,334","1,418",611,117,3
대전광역시,대덕구,법2동,"14,095",510,"1,097","1,347","1,281","1,518","2,751","3,077","1,705",686,122,1
울산광역시,,,"1,086,373","64,587","108,792","105,974","137,014","166,777","194,587","182,206","91,041","30,617","4,678",100
울산광역시,중구,,"202,545","11,084","18,756","18,028","24,453","29,291","35,775","36,625","20,442","7,098",981,12
울산광역시,중구,학성동,"10,533",418,587,865,"1,380","1,206","1,715","2,078","1,583",632,66,3
울산광역시,중구,반구1동,"15,210",751,"1,302","1,265","1,907","2,276","2,583","3,007","1,578",478,61,2
울산광역시,중구,반구2동,"7,906",210,475,847,945,886,"1,424","1,613","1,071",379,55,1
울산광역시,중구,복산동,"20,921","2,192","1,920","1,564","3,773","3,398","3,020","2,856","1,587",540,71,0
울산광역시,중구,중앙동,"8,875",212,377,743,"1,053",970,"1,544","2,002","1,373",537,63,1
울산광역시,중구,우정동,"18,529",927,"1,525","1,581","2,421","2,488","3,128","3,459","2,077",786,137,0
울산광역시,중구,태화동,"30,732","2,084","3,659","2,508","3,542","5,119","5,319","5,002","2,577",806,114,2
울산광역시,중구,다운동,"21,272",548,"1,402","2,265","2,135","2,114","4,278","4,752","2,632",997,148,1
울산광역시,중구,병영1동,"19,799",907,"1,781","1,867","1,992","2,581","3,695","4,069","2,162",665,79,1
울산광역시,중구,병영2동,"18,693","1,093","2,056","1,513","2,028","3,109","3,121","3,443","1,696",561,72,1
울산광역시,중구,약사동,"10,341",901,"1,309",918,"1,408","1,806","1,745","1,430",601,199,24,0
울산광역시,중구,성안동,"19,734",841,"2,363","2,092","1,869","3,338","4,203","2,914","1,505",518,91,0
울산광역시,남구,,"304,655","17,667","27,869","33,074","43,025","44,527","54,710","49,982","24,833","7,866","1,074",28
울산광역시,남구,신정1동,"18,647",878,"1,165","1,652","2,790","2,288","3,102","3,568","2,308",793,102,1
울산광역시,남구,신정2동,"26,277","2,208","3,433","2,268","3,188","4,861","4,513","3,447","1,726",546,85,2
울산광역시,남구,신정3동,"15,270",816,"1,225","1,337","1,995","2,055","2,717","2,904","1,602",541,76,2
울산광역시,남구,신정4동,"19,868","1,237","2,154","2,098","2,731","3,013","3,484","2,956","1,609",528,56,2
울산광역시,남구,신정5동,"9,149",391,622,"1,084","1,473","1,238","1,691","1,516",818,269,45,2
울산광역시,남구,달동,"25,629",923,"1,767","3,073","3,899","3,519","4,587","4,720","2,244",771,122,4
울산광역시,남구,삼산동,"47,053","2,202","3,768","6,315","7,925","7,149","8,706","7,057","3,059",738,130,4
울산광역시,남구,삼호동,"19,603",845,"1,306","1,990","2,564","2,339","3,961","3,998","1,838",674,87,1
울산광역시,남구,무거동,"30,359","1,187","2,689","5,348","3,584","3,653","6,234","4,914","1,921",717,108,4
울산광역시,남구,옥동,"24,735","1,687","2,886","2,260","2,938","3,927","4,442","4,157","1,867",495,75,1
울산광역시,남구,대현동,"31,761","2,971","3,680","2,599","5,162","5,517","4,873","4,037","2,170",689,61,2
울산광역시,남구,수암동,"15,374","1,187","1,609","1,405","2,132","2,146","2,725","2,562","1,243",324,40,1
울산광역시,남구,선암동,"12,732",580,"1,070","1,102","1,470","1,792","2,434","2,576","1,280",387,41,0
울산광역시,남구,야음장생포동,"8,198",555,495,543,"1,174","1,030","1,241","1,570","1,148",394,46,2
울산광역시,동구,,"147,440","8,309","16,182","13,782","16,659","25,663","23,956","25,027","13,663","3,717",468,14
울산광역시,동구,방어동,"36,313","1,682","3,822","3,444","3,708","6,544","6,784","6,012","3,255",927,131,4
울산광역시,동구,일산동,"5,038",109,312,526,583,658,770,"1,067",753,239,21,0
울산광역시,동구,화정동,"17,452","1,094","1,957","1,511","1,809","2,994","2,819","3,062","1,624",500,79,3
울산광역시,동구,대송동,"10,245",369,990,"1,023","1,048","1,565","2,003","2,030",970,222,24,1
울산광역시,동구,전하1동,"15,094",867,"1,432","1,828","2,041","2,413","2,208","2,414","1,441",404,44,2
울산광역시,동구,전하2동,"18,652","1,067","2,337","1,657","1,831","3,088","3,206","3,417","1,606",395,47,1
울산광역시,동구,남목1동,"7,790",258,869,656,613,"1,272","1,223","1,582",998,283,34,2
울산광역시,동구,남목2동,"26,299","2,362","3,236","2,352","4,024","5,264","3,294","3,409","1,905",411,41,1
울산광역시,동구,남목3동,"10,557",501,"1,227",785,"1,002","1,865","1,649","2,034","1,111",336,47,0
울산광역시,북구,,"213,391","16,092","25,536","20,351","29,110","37,173","37,466","31,057","11,861","4,045",685,15
울산광역시,북구,농소1동,"34,919","2,666","4,616","2,672","4,211","6,512","5,861","5,303","2,185",765,123,5
울산광역시,북구,농소2동,"41,707","3,888","5,566","3,373","6,121","7,856","6,860","5,290","1,929",714,108,2
울산광역시,북구,농소3동,"34,901","1,664","5,258","3,881","2,923","5,958","8,155","4,530","1,717",687,124,4
울산광역시,북구,강동동,"15,829","1,438","2,194",794,"1,943","3,539","2,115","2,287","1,062",376,78,3
울산광역시,북구,효문동,"28,887","1,951","2,140","3,294","4,989","4,061","5,068","5,024","1,739",520,100,1
울산광역시,북구,송정동,"35,498","3,086","4,175","3,256","5,233","6,100","6,147","5,197","1,671",538,95,0
울산광역시,북구,양정동,"12,069",958,827,"2,073","2,402","1,755","1,611","1,564",651,193,35,0
울산광역시,북구,염포동,"9,581",441,760,"1,008","1,288","1,392","1,649","1,862",907,252,22,0
울산광역시,울주군,,"218,342","11,435","20,449","20,739","23,767","30,123","42,680","39,515","20,242","7,891","1,470",31
울산광역시,울주군,온산읍,"18,330",647,"1,373","1,692","2,234","2,844","4,125","3,201","1,554",574,84,2
울산광역시,울주군,언양읍,"29,007","1,715","2,947","2,711","3,222","3,977","5,196","5,309","2,682","1,026",218,4
울산광역시,울주군,온양읍,"28,014","1,466","3,046","2,612","2,795","4,376","5,877","4,661","2,147",877,154,3
울산광역시,울주군,범서읍,"66,879","3,983","8,667","7,789","7,044","10,058","13,857","9,580","4,182","1,472",243,4
울산광역시,울주군,청량읍,"22,072","1,882","1,576","1,892","3,650","3,093","3,958","3,514","1,763",644,100,0
울산광역시,울주군,삼남읍,"21,925",970,"1,455","2,181","2,623","2,883","4,093","4,439","2,282",826,167,6
울산광역시,울주군,서생면,"8,333",315,461,570,703,"1,040","1,567","1,888","1,213",494,81,1
울산광역시,울주군,웅촌면,"7,160",167,296,521,543,606,"1,185","2,014","1,188",534,103,3
울산광역시,울주군,두동면,"4,191",87,164,192,233,322,745,"1,253",779,335,78,3
울산광역시,울주군,두서면,"2,879",29,71,110,138,178,401,868,663,339,79,3
울산광역시,울주군,상북면,"7,860",155,361,412,491,647,"1,429","2,267","1,394",580,122,2
울산광역시,울주군,삼동면,"1,692",19,32,57,91,99,247,521,395,190,41,0
세종특별자치시,,,"390,738","36,950","54,262","36,075","56,519","75,683","60,321","39,890","20,720","8,421","1,861",36
세종특별자치시,,,"390,738","36,950","54,262","36,075","56,519","75,683","60,321","39,890","20,720","8,421","1,861",36
세종특별자치시,조치원읍,치원읍,"40,949","1,734","4,058","5,869","4,404","5,645","7,025","6,092","3,891","1,877",343,11
세종특별자치시,연기면,기면,"2,397",51,73,242,290,259,424,515,339,166,38,0
세종특별자치시,연동면,동면,"2,609",33,78,163,184,248,400,651,496,258,98,0
세종특별자치시,부강면,강면,"5,120",136,263,443,548,569,865,"1,059",724,431,81,1
세종특별자치시,금남면,남면,"7,960",162,329,618,729,759,"1,280","1,853","1,345",708,175,2
세종특별자치시,장군면,군면,"6,546",115,267,779,783,788,"1,216","1,381",772,352,93,0
세종특별자치시,연서면,서면,"6,336",142,307,601,591,602,"1,001","1,340","1,020",594,137,1
세종특별자치시,전의면,의면,"4,710",70,258,332,308,458,807,"1,124",766,484,101,2
세종특별자치시,전동면,동면,"2,895",36,89,134,182,220,446,816,601,278,93,0
세종특별자치시,소정면,정면,"1,845",29,94,139,123,169,352,446,290,167,36,0
세종특별자치시,한솔동,솔동,"17,581","1,356","3,109","1,754","1,830","3,284","3,580","1,690",668,250,58,2
세종특별자치시,새롬동,롬동,"26,325","2,962","4,775","1,888","3,555","6,280","3,794","1,951",857,208,54,1
세종특별자치시,나성동,성동,"12,954","1,380","1,928","1,653","2,396","2,694","1,917",690,202,70,24,0
세종특별자치시,도담동,담동,"24,437","1,965","3,753","2,488","3,269","4,689","4,254","2,314","1,137",474,88,6
세종특별자치시,어진동,진동,"11,242","1,205","1,537","1,475","2,229","2,314","1,575",640,198,50,19,0
세종특별자치시,해밀동,밀동,"24,098","4,038","3,362","1,943","4,881","5,324","2,738","1,164",464,150,32,2
세종특별자치시,아름동,름동,"22,959","2,240","4,304","2,005","2,787","4,864","4,070","1,705",725,209,48,2
세종특별자치시,종촌동,촌동,"27,224","2,461","4,334","2,476","3,621","5,560","4,531","2,539","1,243",395,64,0
세종특별자치시,고운동,운동,"35,185","3,692","6,068","2,750","4,469","7,896","5,356","2,978","1,524",377,73,2
세종특별자치시,소담동,담동,"21,365","2,486","3,167","1,585","3,726","4,599","2,947","1,842",763,216,34,0
세종특별자치시,반곡동,곡동,"15,306","1,847","1,968","1,273","3,066","3,275","2,050","1,267",429,97,33,1
세종특별자치시,집현동,현동,"13,199","2,468","1,212",948,"3,781","2,823","1,080",607,209,55,16,0
세종특별자치시,보람동,람동,"18,650","1,970","3,092","1,529","2,647","3,906","2,892","1,738",652,188,36,0
세종특별자치시,대평동,평동,"11,035","1,118","1,327",983,"1,720","2,063","1,887","1,334",447,124,32,0
세종특별자치시,다정동,정동,"27,811","3,254","4,510","2,005","4,400","6,395","3,834","2,154",958,243,55,3
경기도,,,"13,773,918","867,957","1,329,019","1,518,011","1,941,134","2,165,404","2,357,658","2,003,003","1,038,239","466,971","84,359","2,163"
북부출장소,,,0,0,0,0,0,0,0,0,0,0,0,0
경기도,수원시,,"1,185,677","70,546","109,796","158,045","189,632","182,088","199,349","160,446","76,480","33,314","5,822",159
경기도,수원시,장안구 ,"269,717","13,279","24,655","36,945","35,654","37,498","48,784","40,850","20,380","9,797","1,837",38
경기도,수원시,장안구 파장동,"24,551","1,311","1,806","2,584","3,393","3,401","4,451","4,247","2,175",973,207,3
경기도,수원시,장안구 율천동,"39,313","1,845","3,307","8,985","5,493","4,880","6,334","5,003","2,238","1,028",197,3
경기도,수원시,장안구 정자1동,"33,175","2,246","3,480","3,723","4,599","5,087","6,223","4,497","2,146",991,180,3
경기도,수원시,장안구 정자2동,"38,081","2,441","4,060","4,476","5,456","6,080","6,689","4,869","2,494","1,315",192,9
경기도,수원시,장안구 정자3동,"38,144","2,031","5,098","5,463","4,617","5,867","7,841","4,549","1,677",836,165,0
경기도,수원시,장안구 영화동,"17,605",407,912,"1,739","2,048","2,159","3,163","3,766","2,310",946,152,3
경기도,수원시,장안구 송죽동,"17,877",597,"1,349","2,166","2,428","2,412","3,314","3,152","1,593",741,120,5
경기도,수원시,장안구 조원1동,"27,023",990,"2,102","3,305","3,376","3,506","4,945","4,767","2,576","1,230",223,3
경기도,수원시,장안구 조원2동,"17,049",820,"1,655","1,877","2,069","2,022","3,245","3,069","1,290",787,210,5
경기도,수원시,장안구 연무동,"16,899",591,886,"2,627","2,175","2,084","2,579","2,931","1,881",950,191,4
경기도,수원시,권선구 ,"360,795","20,380","31,625","43,612","58,133","55,552","60,867","53,706","25,159","10,032","1,687",42
경기도,수원시,권선구 세류1동,"9,496",551,635,"1,018","1,732","1,336","1,485","1,504",841,342,51,1
경기도,수원시,권선구 세류2동,"21,691",621,"1,213","2,839","3,248","2,928","3,804","3,794","2,180",911,149,4
경기도,수원시,권선구 세류3동,"17,802",520,"1,253","2,089","2,406","2,401","3,234","3,137","1,866",781,112,3
경기도,수원시,권선구 평동,"40,854","2,298","3,131","4,942","6,410","5,491","7,060","6,762","3,156","1,324",270,10
경기도,수원시,권선구 서둔동,"36,606","1,405","2,541","4,996","5,315","4,973","6,560","6,196","3,128","1,318",168,6
경기도,수원시,권선구 구운동,"22,434",748,"1,550","2,867","3,104","2,767","4,207","4,210","2,001",839,141,0
경기도,수원시,권선구 금곡동,"44,165","2,630","5,106","5,074","6,428","7,198","7,452","6,056","2,850","1,164",199,8
경기도,수원시,권선구 호매실동,"43,680","3,900","5,709","3,870","6,493","8,923","6,354","5,098","2,278",893,159,3
경기도,수원시,권선구 권선1동,"23,894",702,"1,308","4,216","5,066","3,157","3,675","3,458","1,623",592,97,0
경기도,수원시,권선구 권선2동,"46,062","3,259","5,160","5,025","6,806","7,779","7,880","6,572","2,568",873,136,4
경기도,수원시,권선구 곡선동,"34,553","2,046","2,432","4,662","7,179","5,837","5,970","4,346","1,413",536,130,2
경기도,수원시,권선구 입북동,"19,558","1,700","1,587","2,014","3,946","2,762","3,186","2,573","1,255",459,75,1
경기도,수원시,팔달구 ,"193,282","10,094","13,098","27,570","32,870","26,420","31,791","27,947","15,423","6,932","1,095",42
경기도,수원시,팔달구 매교동,"21,765","2,423","1,613","2,405","4,860","3,603","3,002","2,162","1,125",494,77,1
경기도,수원시,팔달구 매산동,"9,778",278,394,"1,393","1,550","1,306","1,601","1,761",999,436,56,4
경기도,수원시,팔달구 고등동,"19,071","1,500","1,257","2,189","3,539","2,765","2,976","2,596","1,495",658,93,3
경기도,수원시,팔달구 화서1동,"20,308",820,"1,688","2,328","2,457","2,546","3,772","3,549","2,099",910,134,5
경기도,수원시,팔달구 화서2동,"23,616","1,277","2,042","3,035","3,853","2,938","4,396","3,669","1,546",746,110,4
경기도,수원시,팔달구 지동,"11,411",298,588,"1,303","1,316","1,315","2,114","2,205","1,453",706,108,5
경기도,수원시,팔달구 우만1동,"17,754",422,956,"2,441","2,770","2,118","3,026","3,124","1,916",835,139,7
경기도,수원시,팔달구 우만2동,"15,430",681,"1,272","3,305","2,144","1,912","2,579","2,013","1,004",435,83,2
경기도,수원시,팔달구 인계동,"45,256","2,234","2,980","7,854","9,241","6,937","6,927","5,119","2,619","1,128",209,8
경기도,수원시,팔달구 행궁동,"8,893",161,308,"1,317","1,140",980,"1,398","1,749","1,167",584,86,3
경기도,수원시,영통구 ,"361,883","26,793","40,418","49,918","62,975","62,618","57,907","37,943","15,518","6,553","1,203",37
경기도,수원시,영통구 매탄1동,"10,041",499,936,"1,554","1,289","1,455","1,845","1,369",760,295,39,0
경기도,수원시,영통구 매탄2동,"13,256",487,"1,133","1,756","1,839","1,747","2,428","2,218","1,109",467,69,3
경기도,수원시,영통구 매탄3동,"33,674","1,716","3,544","5,351","5,399","5,315","5,926","3,850","1,702",713,154,4
경기도,수원시,영통구 매탄4동,"19,244",640,"1,453","2,765","3,064","2,611","3,552","3,061","1,402",587,107,2
경기도,수원시,영통구 원천동,"45,557","3,681","5,277","6,354","7,784","8,842","6,444","4,121","2,068",832,150,4
경기도,수원시,영통구 영통1동,"32,258","2,157","3,813","3,653","5,683","5,131","5,763","3,829","1,375",728,123,3
경기도,수원시,영통구 영통2동,"24,914","1,596","1,756","4,786","6,939","3,474","3,391","1,885",641,388,57,1
경기도,수원시,영통구 영통3동,"31,340","1,575","3,569","6,349","4,700","4,560","5,397","3,454","1,111",498,120,7
경기도,수원시,영통구 망포1동,"31,223","2,828","3,709","3,610","5,286","5,462","5,103","3,455","1,153",510,106,1
경기도,수원시,영통구 망포2동,"38,230","5,266","5,365","3,059","6,716","8,772","5,031","2,746",902,313,58,2
경기도,수원시,영통구 광교1동,"53,825","3,813","6,936","8,178","9,312","10,025","8,514","4,658","1,660",628,100,1
경기도,수원시,영통구 광교2동,"28,321","2,535","2,927","2,503","4,964","5,224","4,513","3,297","1,635",594,120,9
경기도,성남시,,"899,806","53,515","80,329","100,894","133,980","139,331","149,193","130,388","73,886","32,279","5,856",155
경기도,성남시,수정구 ,"234,948","13,285","16,074","26,991","36,543","34,045","38,054","37,651","22,267","8,709","1,298",31
경기도,성남시,수정구 신흥1동,"11,893",241,539,"1,334","1,655","1,499","2,227","2,381","1,404",541,70,2
경기도,성남시,수정구 신흥2동,"31,586","2,986","2,201","2,966","5,901","5,073","4,668","4,468","2,443",773,102,5
경기도,성남시,수정구 신흥3동,"10,619",257,471,"1,268","1,519","1,370","2,027","2,034","1,138",473,62,0
경기도,성남시,수정구 태평1동,"13,470",255,559,"2,200","1,845","1,558","2,177","2,375","1,672",732,95,2
경기도,성남시,수정구 태평2동,"13,569",375,759,"1,715","1,982","1,630","2,382","2,486","1,456",673,110,1
경기도,성남시,수정구 태평3동,"11,403",285,654,"1,262","1,448","1,378","2,122","2,304","1,348",539,62,1
경기도,성남시,수정구 태평4동,"10,760",261,744,"1,405","1,405","1,312","1,965","1,902","1,127",536,101,2
경기도,성남시,수정구 수진1동,"10,421",170,416,"1,086","1,280","1,160","1,926","2,346","1,420",541,73,3
경기도,성남시,수정구 수진2동,"14,276",409,770,"1,734","1,810","1,676","2,364","2,830","1,812",779,90,2
경기도,성남시,수정구 단대동,"14,065",609,"1,019","1,552","1,868","1,935","2,400","2,455","1,498",634,92,3
경기도,성남시,수정구 산성동,"4,358",143,329,463,543,577,778,751,512,239,22,1
경기도,성남시,수정구 양지동,"8,860",211,661,"1,174",880,"1,122","1,688","1,619","1,008",434,61,2
경기도,성남시,수정구 복정동,"13,955","1,272",674,"2,485","3,206","2,304","1,800","1,237",688,250,39,0
경기도,성남시,수정구 위례동,"45,037","3,920","4,953","3,893","6,641","8,291","6,746","6,055","3,254","1,044",235,5
경기도,성남시,수정구 신촌동,"5,340",646,438,724,"1,170",769,653,539,272,106,22,1
경기도,성남시,수정구 고등동,"11,704","1,109",745,"1,164","2,512","1,923","1,692","1,378",860,281,39,1
경기도,성남시,수정구 시흥동,"3,632",136,142,566,878,468,439,491,355,134,23,0
경기도,성남시,중원구 ,"198,233","9,594","13,581","22,314","30,582","27,965","32,514","33,641","19,207","7,665","1,131",39
경기도,성남시,중원구 성남동,"31,800",896,"1,631","4,687","5,601","4,014","4,994","5,209","3,116","1,434",213,5
경기도,성남시,중원구 중앙동,"16,510","1,257","1,165","1,478","2,659","2,696","2,643","2,480","1,501",551,78,2
경기도,성남시,중원구 금광1동,"19,629","2,145","1,225","1,632","4,139","3,605","2,566","2,544","1,291",411,69,2
경기도,성남시,중원구 금광2동,"22,179",831,"1,408","2,662","3,362","3,009","3,747","3,802","2,368",859,127,4
경기도,성남시,중원구 은행1동,"9,236",338,711,"1,306","1,401","1,117","1,615","1,465",857,385,38,3
경기도,성남시,중원구 은행2동,"17,754",414,"1,059","2,200","2,304","2,081","3,190","3,380","2,036",952,133,5
경기도,성남시,중원구 상대원1동,"22,240",832,"1,409","2,270","3,309","2,995","3,792","4,219","2,371",895,142,6
경기도,성남시,중원구 상대원2동,"2,859",87,199,294,308,344,551,624,316,115,19,2
경기도,성남시,중원구 상대원3동,"11,014",277,627,"1,067","1,437","1,397","1,923","2,374","1,358",494,57,3
경기도,성남시,중원구 하대원동,"19,495",899,"1,461","2,141","2,708","2,450","3,277","3,841","1,902",698,113,5
경기도,성남시,중원구 도촌동,"25,517","1,618","2,686","2,577","3,354","4,257","4,216","3,703","2,091",871,142,2
경기도,성남시,분당구 ,"466,625","30,636","50,674","51,589","66,855","77,321","78,625","59,096","32,412","15,905","3,427",85
경기도,성남시,분당구 분당동,"24,349","1,329","2,698","2,839","3,267","3,700","4,269","3,378","1,834",853,177,5
경기도,성남시,분당구 수내1동,"17,869",963,"2,316","2,001","2,435","3,362","3,188","1,724",995,719,165,1
경기도,성남시,분당구 수내2동,"10,193",841,"1,964",886,633,"2,331","1,806",838,523,304,66,1
경기도,성남시,분당구 수내3동,"13,151",738,"2,157","1,573","1,351","2,603","2,377","1,334",693,265,58,2
경기도,성남시,분당구 정자동,"13,745",692,"1,359","1,912","2,126","2,222","2,162","1,656","1,043",491,81,1
경기도,성남시,분당구 정자1동,"30,367","1,589","3,425","3,835","4,797","5,385","5,188","3,000","1,779","1,118",239,12
경기도,성남시,분당구 정자2동,"12,153",573,"1,037","1,181","2,212","1,882","1,873","1,614","1,010",611,154,6
경기도,성남시,분당구 정자3동,"16,455","1,060","1,873","1,896","2,260","2,742","2,941","1,880","1,005",636,159,3
경기도,성남시,분당구 서현1동,"30,468","1,661","3,867","3,628","4,224","5,219","5,398","3,411","1,823","1,008",226,3
경기도,성남시,분당구 서현2동,"17,165","1,015","1,963","2,051","2,272","2,619","3,051","2,442","1,140",494,117,1
경기도,성남시,분당구 이매1동,"24,433","1,692","2,832","2,691","3,288","3,969","4,281","3,032","1,667",814,162,5
경기도,성남시,분당구 이매2동,"12,746",810,"1,641","1,343","1,234","1,997","2,313","1,770","1,072",468,96,2
경기도,성남시,분당구 야탑1동,"16,444",937,"1,157","2,028","2,731","2,356","2,489","2,419","1,511",687,125,4
경기도,성남시,분당구 야탑2동,"15,468",912,"1,660","1,534","1,805","2,415","2,478","2,223","1,521",766,152,2
경기도,성남시,분당구 야탑3동,"26,499","1,564","1,699","2,960","4,929","3,677","3,962","4,177","2,330","1,018",181,2
경기도,성남시,분당구 판교동,"26,248","2,548","3,706","2,401","3,097","5,165","4,562","2,887","1,309",467,105,1
경기도,성남시,분당구 삼평동,"23,453","1,987","2,678","2,507","3,261","4,236","3,886","2,897","1,367",537,95,2
경기도,성남시,분당구 백현동,"26,066","1,609","2,848","3,029","3,439","4,159","4,608","3,821","1,762",659,126,6
경기도,성남시,분당구 금곡동,"26,606","1,507","2,082","2,830","4,185","3,909","4,311","3,777","2,431","1,287",281,6
경기도,성남시,분당구 구미1동,"16,106",956,"1,402","1,870","2,719","2,285","2,776","2,198","1,149",603,143,5
경기도,성남시,분당구 구미동,"27,785","1,392","2,194","3,112","4,236","3,820","4,495","4,203","2,494","1,472",355,12
경기도,성남시,분당구 운중동,"38,856","4,261","4,116","3,482","6,354","7,268","6,211","4,415","1,954",628,164,3
경기도,의정부시,,"461,977","26,112","39,448","51,874","60,987","67,389","81,369","72,786","39,830","19,074","3,043",65
경기도,의정부시,의정부1동,"38,033","2,086","1,926","5,938","7,167","5,542","5,779","5,373","2,805","1,231",179,7
경기도,의정부시,의정부2동,"29,525","1,058","1,812","4,220","4,487","4,025","5,212","4,721","2,619","1,210",160,1
경기도,의정부시,호원1동,"33,065","1,191","2,354","3,702","3,536","4,338","6,039","5,558","4,068","2,011",260,8
경기도,의정부시,호원2동,"32,441","1,392","2,745","3,565","3,702","4,233","5,854","5,307","3,455","1,929",255,4
경기도,의정부시,장암동,"18,207",811,"1,704","1,767","1,860","2,551","3,245","3,101","1,969","1,035",164,0
경기도,의정부시,신곡1동,"41,254","2,076","3,122","4,328","5,284","5,462","7,799","7,505","3,728","1,654",291,5
경기도,의정부시,신곡2동,"43,531","2,229","3,976","4,996","4,893","5,820","8,036","7,678","3,815","1,772",313,3
경기도,의정부시,송산1동,"31,443","1,940","2,594","3,472","4,489","4,385","5,639","5,029","2,492","1,163",234,6
경기도,의정부시,송산2동,"30,684","1,498","3,483","3,615","3,408","4,579","6,287","4,250","2,148","1,198",211,7
경기도,의정부시,송산3동,"44,462","3,823","5,901","4,162","5,728","8,819","7,116","5,073","2,575","1,055",203,7
경기도,의정부시,자금동,"26,428","1,223","2,055","3,120","3,263","3,392","4,796","4,683","2,428","1,246",220,2
경기도,의정부시,가능동,"25,604",952,"1,792","2,629","3,148","3,216","4,604","5,025","2,713","1,346",178,1
경기도,의정부시,흥선동,"17,786",915,"1,349","1,903","2,182","2,380","3,174","3,130","1,761",866,121,5
경기도,의정부시,녹양동,"18,770",711,"1,626","2,025","1,934","2,447","3,619","3,411","1,919",907,164,7
경기도,의정부시,고산동,"30,744","4,207","3,009","2,432","5,906","6,200","4,170","2,942","1,335",451,90,2
경기도,안양시,,"562,007","35,056","48,563","61,479","87,860","82,732","92,658","87,121","44,859","18,178","3,422",79
경기도,안양시,만안구 ,"234,085","12,415","16,075","26,003","35,676","31,146","38,708","40,855","22,315","9,262","1,587",43
경기도,안양시,만안구 안양1동,"18,947","1,447","1,185","2,232","3,676","2,551","3,067","2,693","1,495",531,68,2
경기도,안양시,만안구 안양2동,"22,024","1,062","1,321","2,604","3,574","2,822","3,553","3,901","2,103",920,156,8
경기도,안양시,만안구 안양3동,"14,651",374,926,"1,767","1,870","1,765","2,483","3,040","1,703",634,88,1
경기도,안양시,만안구 안양4동,"6,600",133,370,922,863,763,"1,071","1,240",762,403,72,1
경기도,안양시,만안구 안양5동,"14,595","1,050",970,"1,455","2,384","2,089","2,207","2,325","1,344",650,119,2
경기도,안양시,만안구 안양6동,"27,187","1,786","1,549","3,379","5,599","3,977","3,998","3,846","2,089",814,146,4
경기도,안양시,만안구 안양7동,"14,866","1,358","1,256","1,436","2,669","2,535","2,222","1,875","1,018",408,83,6
경기도,안양시,만안구 명학동,"7,758",195,439,917,"1,028",928,"1,295","1,613",933,358,51,1
경기도,안양시,만안구 병목안동,"15,472",498,"1,033","1,481","1,814","1,858","2,623","3,285","1,946",791,141,2
경기도,안양시,만안구 석수1동,"18,057",941,"1,228","1,789","2,491","2,261","3,198","3,308","1,926",765,144,6
경기도,안양시,만안구 석수2동,"29,367","1,386","2,002","3,293","4,015","3,717","5,208","5,410","2,794","1,312",222,8
경기도,안양시,만안구 충훈동,"11,533",530,861,"1,286","1,450","1,381","2,075","2,323","1,100",450,77,0
경기도,안양시,만안구 박달동,"13,152",318,840,"1,329","1,439","1,486","2,522","2,759","1,597",739,121,2
경기도,안양시,만안구 호현동,"19,876","1,337","2,095","2,113","2,804","3,013","3,186","3,237","1,505",487,99,0
경기도,안양시,동안구 ,"327,922","22,641","32,488","35,476","52,184","51,586","53,950","46,266","22,544","8,916","1,835",36
경기도,안양시,동안구 비산1동,"28,069","2,437","2,383","2,893","4,576","4,363","4,467","4,123","2,010",675,140,2
경기도,안양시,동안구 비산2동,"12,854","1,096","1,165","1,320","1,954","2,033","2,091","1,865",927,335,65,3
경기도,안양시,동안구 비산3동,"17,809","1,256","1,251","1,930","2,919","2,389","2,902","3,075","1,398",578,111,0
경기도,안양시,동안구 부흥동,"15,686",961,"1,714","1,663","2,094","2,420","2,674","2,216","1,319",500,124,1
경기도,안양시,동안구 달안동,"9,341",377,418,"1,048","2,255","1,294","1,372","1,354",720,412,90,1
경기도,안양시,동안구 관양동,"31,714","1,083","1,958","3,889","4,360","3,540","5,552","6,355","3,407","1,318",247,5
경기도,안양시,동안구 인덕원동,"17,795",823,"1,119","2,427","3,093","2,334","3,022","2,846","1,402",621,106,2
경기도,안양시,동안구 부림동,"26,460","1,642","1,985","3,115","6,060","4,139","4,340","2,973","1,385",693,127,1
경기도,안양시,동안구 평촌동,"14,715",991,"1,413","1,652","2,249","2,038","2,683","2,343",861,405,79,1
경기도,안양시,동안구 평안동,"22,160","1,923","3,259","1,985","3,206","4,458","3,544","2,154","1,040",476,112,3
경기도,안양시,동안구 귀인동,"15,890",969,"3,334","1,552","1,033","3,429","2,885","1,536",738,333,78,3
경기도,안양시,동안구 호계1동,"27,105","3,183","3,101","2,261","5,242","5,558","3,669","2,525","1,149",353,63,1
경기도,안양시,동안구 호계2동,"27,236","2,042","2,500","3,038","4,550","4,248","4,413","3,864","1,848",620,109,4
경기도,안양시,동안구 호계3동,"23,817","1,731","1,884","2,636","3,992","3,346","3,854","3,909","1,764",579,116,6
경기도,안양시,동안구 범계동,"14,886",846,"1,993","1,673","2,164","2,408","2,621","1,786",846,424,124,1
경기도,안양시,동안구 신촌동,"12,124",797,"1,523","1,271","1,512","1,942","2,087","1,760",907,263,61,1
경기도,안양시,동안구 갈산동,"10,261",484,"1,488","1,123",925,"1,647","1,774","1,582",823,331,83,1
경기도,부천시,,"754,159","37,300","61,066","81,881","104,175","109,458","130,637","132,948","66,556","25,436","4,588",114
경기도,부천시,원미구 ,"381,864","19,119","31,392","43,582","55,059","56,109","65,479","65,584","31,535","11,696","2,251",58
경기도,부천시,원미구 심곡1동,"11,854",417,743,"1,409","1,614","1,827","2,078","2,151","1,152",391,69,3
경기도,부천시,원미구 심곡2동,"18,282",729,856,"2,670","3,252","2,634","3,185","2,848","1,438",580,87,3
경기도,부천시,원미구 심곡3동,"10,521",338,677,"1,209","1,384","1,440","1,887","2,074","1,066",385,61,0
경기도,부천시,원미구 원미1동,"16,171",677,"1,163","1,681","2,233","2,144","2,916","3,073","1,616",582,84,2
경기도,부천시,원미구 원미2동,"10,942",352,715,937,"1,215","1,399","1,942","2,334","1,413",546,89,0
경기도,부천시,원미구 소사동,"5,756",116,249,586,651,649,961,"1,230",891,361,61,1
경기도,부천시,원미구 역곡1동,"15,974",597,"1,302","1,636","1,903","2,285","2,742","2,849","1,793",740,127,0
경기도,부천시,원미구 역곡2동,"15,958",527,"1,171","2,131","1,783","2,189","2,833","2,794","1,748",660,121,1
경기도,부천시,원미구 춘의동,"13,358",515,851,"1,478","1,812","1,858","2,251","2,585","1,376",526,101,5
경기도,부천시,원미구 도당동,"19,598",692,"1,585","2,283","2,321","2,523","3,910","3,913","1,659",611,100,1
경기도,부천시,원미구 약대동,"16,878","1,095","1,553","1,681","2,245","2,641","2,941","3,069","1,231",353,66,3
경기도,부천시,원미구 중동,"20,989","1,140","1,929","2,175","2,771","3,070","3,528","3,740","1,851",649,134,2
경기도,부천시,원미구 중1동,"40,368","2,314","3,252","5,406","7,298","6,676","6,453","5,788","2,271",758,150,2
경기도,부천시,원미구 중2동,"29,097","1,548","2,810","3,071","3,648","4,511","4,849","5,145","2,516",801,189,9
경기도,부천시,원미구 중3동,"21,521","1,104","1,630","2,201","3,570","3,118","3,306","3,844","1,791",787,162,8
경기도,부천시,원미구 중4동,"16,451",774,"1,037","1,827","3,092","2,233","2,563","2,868","1,410",544,101,2
경기도,부천시,원미구 상동,"17,299",620,"1,323","1,999","2,374","2,177","2,942","3,296","1,696",708,159,5
경기도,부천시,원미구 상1동,"23,321","1,424","1,836","2,421","3,773","3,633","3,802","3,709","1,889",697,130,7
경기도,부천시,원미구 상2동,"27,548","2,152","3,270","3,078","4,256","4,466","4,739","3,649","1,306",509,120,3
경기도,부천시,원미구 상3동,"29,978","1,988","3,440","3,703","3,864","4,636","5,651","4,625","1,422",508,140,1
경기도,부천시,소사구 ,"223,777","12,829","19,326","21,700","29,763","34,727","36,737","37,927","21,321","8,008","1,404",35
경기도,부천시,소사구 심곡본1동,"15,038",460,823,"1,496","1,861","1,904","2,658","3,151","1,805",761,117,2
경기도,부천시,소사구 심곡본동,"13,798",326,703,"1,458","1,722","1,662","2,387","2,863","1,812",731,130,4
경기도,부천시,소사구 소사본동,"25,797","1,457","1,481","2,597","4,102","3,284","4,270","4,798","2,675",982,143,8
경기도,부천시,소사구 소사본1동,"27,065","1,309","2,206","2,753","3,304","3,674","4,441","5,224","2,944","1,032",174,4
경기도,부천시,소사구 범박동,"28,329","2,853","3,228","2,599","4,068","5,357","4,285","3,429","1,807",588,113,2
경기도,부천시,소사구 옥길동,"30,964","2,727","5,094","2,303","3,265","7,485","4,437","3,204","1,770",581,97,1
경기도,부천시,소사구 괴안동,"18,116",703,"1,205","1,895","2,518","2,303","3,139","3,489","1,883",784,192,5
경기도,부천시,소사구 역곡3동,"21,554","1,131","1,123","2,062","3,231","2,909","3,553","3,938","2,450",979,172,6
경기도,부천시,소사구 송내1동,"19,652",907,"1,446","2,002","2,731","2,747","3,345","3,614","2,016",729,113,2
경기도,부천시,소사구 송내2동,"23,464",956,"2,017","2,535","2,961","3,402","4,222","4,217","2,159",841,153,1
경기도,부천시,오정구 ,"148,518","5,352","10,348","16,599","19,353","18,622","28,421","29,437","13,700","5,732",933,21
경기도,부천시,오정구 성곡동,"36,848","1,367","2,686","4,251","4,272","4,359","7,140","7,619","3,435","1,444",265,10
경기도,부천시,오정구 원종1동,"23,897","1,098","1,452","2,931","4,247","2,738","4,190","4,301","1,976",808,154,2
경기도,부천시,오정구 원종2동,"16,885",484,"1,191","1,997","2,201","2,077","3,367","3,372","1,422",677,97,0
경기도,부천시,오정구 고강본동,"24,437",708,"1,615","2,659","2,898","3,207","4,822","4,773","2,444","1,132",176,3
경기도,부천시,오정구 고강1동,"11,858",344,743,"1,274","1,421","1,395","2,341","2,468","1,253",536,80,3
경기도,부천시,오정구 오정동,"18,276",756,"1,515","1,822","2,256","2,654","3,380","3,513","1,702",592,85,1
경기도,부천시,오정구 신흥동,"16,317",595,"1,146","1,665","2,058","2,192","3,181","3,391","1,468",543,76,2
경기도,광명시,,"303,641","19,098","27,968","32,820","45,565","47,014","51,451","44,054","24,444","9,462","1,714",51
경기도,광명시,광명1동,"16,209","1,631","1,214","1,579","3,728","2,989","2,380","1,680",757,221,29,1
경기도,광명시,광명2동,"7,126",438,448,733,"1,269","1,034","1,197","1,095",636,243,33,0
경기도,광명시,광명3동,"8,814",196,425,825,"1,048",989,"1,538","1,889","1,268",549,84,3
경기도,광명시,광명4동,"7,120",264,380,637,896,869,"1,141","1,359","1,076",439,56,3
경기도,광명시,광명5동,"11,266",454,866,"1,157","1,403","1,527","1,942","2,065","1,255",517,78,2
경기도,광명시,광명6동,"12,400",802,"1,223","1,223","1,703","1,950","1,988","1,884","1,150",408,69,0
경기도,광명시,광명7동,"25,148","1,806","1,945","2,537","4,392","3,989","3,917","3,632","2,102",705,119,4
경기도,광명시,철산1동,"9,917",594,989,"1,169","1,699","1,421","1,714","1,382",648,259,40,2
경기도,광명시,철산2동,"19,161","1,816","1,562","1,883","3,293","3,235","3,002","2,697","1,243",371,58,1
경기도,광명시,철산3동,"35,071","2,510","4,210","3,869","4,467","5,868","6,047","4,670","2,368",886,168,8
경기도,광명시,철산4동,"8,853",607,737,945,"1,814","1,419","1,457","1,014",592,228,39,1
경기도,광명시,하안1동,"24,104","1,374","2,859","2,448","2,704","3,953","4,378","3,725","1,839",670,148,6
경기도,광명시,하안2동,"12,420",585,657,"1,330","2,457","1,827","2,010","1,806","1,066",550,128,4
경기도,광명시,하안3동,"17,936",897,"1,238","1,889","2,694","2,432","3,175","2,675","1,852",894,185,5
경기도,광명시,하안4동,"11,147",581,899,"1,439","2,000","1,556","2,075","1,476",738,318,63,2
경기도,광명시,소하1동,"28,891","1,705","3,764","3,344","2,919","4,710","5,228","3,981","2,259",823,153,5
경기도,광명시,소하2동,"25,379","1,059","2,207","2,943","2,904","3,258","4,580","4,467","2,707","1,072",179,3
경기도,광명시,일직동,"21,068","1,748","2,293","2,767","4,030","3,841","3,437","2,118",610,181,42,1
경기도,광명시,학온동,"1,611",31,52,103,145,147,245,439,278,128,43,0
경기도,평택시,,"622,663","46,409","59,513","72,103","102,455","102,438","103,411","78,008","37,541","17,620","3,092",73
경기도,평택시,팽성읍,"27,006","1,129","1,744","2,436","2,964","3,484","4,929","5,106","3,157","1,741",309,7
경기도,평택시,안중읍,"40,634","1,943","4,604","4,958","4,779","6,385","8,377","5,409","2,619","1,316",237,7
경기도,평택시,포승읍,"21,091",777,"1,359","2,526","3,112","3,447","4,158","3,277","1,531",748,153,3
경기도,평택시,청북읍,"25,920","2,014","3,798","2,273","3,276","5,562","4,034","2,712","1,464",660,122,5
경기도,평택시,진위면,"10,642",243,563,"1,182","1,263","1,371","1,928","2,122","1,273",586,111,0
경기도,평택시,서탄면,"3,286",76,152,229,274,368,574,759,514,279,60,1
경기도,평택시,고덕면,"12,760",693,745,"1,453","2,198","1,798","2,234","1,996","1,062",494,86,1
경기도,평택시,오성면,"5,965",143,350,461,495,639,"1,096","1,430",792,451,105,3
경기도,평택시,현덕면,"17,080","1,499","1,319","1,575","2,924","2,768","2,904","2,237","1,192",538,121,3
경기도,평택시,중앙동,"45,311","1,668","3,964","7,679","6,365","6,005","8,496","6,573","2,917","1,389",250,5
경기도,평택시,서정동,"24,546",921,"1,813","2,709","3,458","3,537","4,797","4,070","2,044","1,057",136,4
경기도,평택시,송탄동,"26,025","2,757","2,450","2,524","5,145","4,556","4,130","2,886","1,059",424,94,0
경기도,평택시,지산동,"12,151",339,779,"1,903","2,215","1,915","2,209","1,546",813,382,48,2
경기도,평택시,송북동,"20,310",857,"1,752","2,248","2,251","2,914","3,950","3,623","1,749",820,137,9
경기도,평택시,신장1동,"6,608",386,450,729,"1,107","1,113","1,085",858,523,287,69,1
경기도,평택시,신장2동,"4,605",95,197,515,615,568,779,852,557,353,72,2
경기도,평택시,신평동,"19,487",524,"1,250","3,028","2,727","2,438","3,570","3,253","1,720",858,119,0
경기도,평택시,원평동,"12,636",583,662,"1,645","2,429","1,624","2,055","1,982","1,044",532,78,2
경기도,평택시,통복동,"6,361",282,347,782,918,751,"1,088","1,115",713,310,55,0
경기도,평택시,비전1동,"48,782","3,325","6,307","5,503","6,497","8,808","8,729","5,729","2,584","1,103",193,4
경기도,평택시,비전2동,"55,765","4,503","6,539","5,999","7,892","9,400","9,550","7,072","3,193","1,395",218,4
경기도,평택시,용이동,"25,405","2,094","3,559","3,269","3,811","5,115","4,143","2,222",837,295,60,0
경기도,평택시,세교동,"37,503","3,361","3,485","4,479","6,563","5,734","6,337","4,701","1,828",864,145,6
경기도,평택시,동삭동,"45,409","5,514","4,925","4,800","10,221","9,136","5,921","3,288","1,148",397,56,3
경기도,평택시,고덕동,"67,375","10,683","6,400","7,198","18,956","13,002","6,338","3,190","1,208",341,58,1
경기도,송탄출장소,,0,0,0,0,0,0,0,0,0,0,0,0
경기도,안중출장소,,0,0,0,0,0,0,0,0,0,0,0,0
경기도,동두천시,,"86,168","3,384","7,336","8,232","8,239","10,912","15,660","15,837","9,945","5,658",943,22
경기도,동두천시,생연1동,"5,984",216,486,487,547,710,"1,029","1,210",770,448,79,2
경기도,동두천시,생연2동,"10,359",406,987,883,855,"1,300","1,863","1,867","1,275",795,127,1
경기도,동두천시,중앙동,"4,249",97,132,243,353,376,726,"1,082",709,436,85,10
경기도,동두천시,보산동,"2,522",63,151,217,193,254,485,550,360,215,34,0
경기도,동두천시,불현동,"25,110","1,032","2,153","2,519","2,447","3,250","4,675","4,658","2,690","1,458",227,1
경기도,동두천시,송내동,"25,448","1,158","2,769","2,888","2,724","3,646","4,796","3,724","2,259","1,270",211,3
경기도,동두천시,소요동,"8,031",241,474,656,624,916,"1,345","1,769","1,241",661,103,1
경기도,동두천시,상패동,"4,465",171,184,339,496,460,741,977,641,375,77,4
경기도,안산시,,"608,487","28,245","51,585","78,799","83,089","83,223","118,399","102,833","40,887","17,749","3,540",138
경기도,안산시,상록구 ,"320,360","13,391","27,543","42,581","41,072","43,117","63,639","54,715","21,932","10,292","2,001",77
경기도,안산시,상록구 일동,"22,042",895,"1,891","2,848","2,574","3,093","4,582","3,522","1,685",821,131,0
경기도,안산시,상록구 이동,"22,209",594,"1,251","3,407","3,506","3,057","4,295","3,571","1,563",788,170,7
경기도,안산시,상록구 사동,"28,694",898,"2,054","4,195","4,001","3,889","5,711","4,605","1,813","1,168",332,28
경기도,안산시,상록구 사이동,"29,501","1,299","2,887","3,706","3,785","4,159","5,860","5,001","1,850",802,146,6
경기도,안산시,상록구 해양동,"39,161","2,915","5,174","5,939","4,529","6,543","6,935","5,096","1,511",425,93,1
경기도,안산시,상록구 본오1동,"33,722","1,241","3,171","4,422","4,106","4,858","7,158","5,358","2,184","1,061",155,8
경기도,안산시,상록구 본오2동,"23,599",823,"2,004","3,085","2,899","2,848","5,126","4,064","1,691",874,181,4
경기도,안산시,상록구 본오3동,"17,678",533,"1,137","2,364","2,480","2,147","3,585","3,262","1,321",731,114,4
경기도,안산시,상록구 부곡동,"19,645",741,"1,761","2,348","2,270","2,474","4,293","3,587","1,364",688,115,4
경기도,안산시,상록구 월피동,"34,494","1,289","2,667","4,989","4,677","4,175","6,988","6,354","2,136","1,023",190,6
경기도,안산시,상록구 성포동,"23,921","1,149","1,836","2,977","3,323","2,633","4,518","4,878","1,775",662,167,3
경기도,안산시,상록구 반월동,"17,747",788,"1,125","1,604","2,183","2,261","3,083","3,575","2,080",901,142,5
경기도,안산시,상록구 안산동,"7,947",226,585,697,739,980,"1,505","1,842",959,348,65,1
경기도,안산시,단원구 ,"288,127","14,854","24,042","36,218","42,017","40,106","54,760","48,118","18,955","7,457","1,539",61
경기도,안산시,단원구 와동,"34,715","1,514","3,153","4,178","4,276","5,390","7,289","5,608","2,166",970,162,9
경기도,안산시,단원구 고잔동,"19,362",671,"1,291","3,055","3,095","2,383","3,584","3,278","1,313",563,126,3
경기도,안산시,단원구 중앙동,"23,513","1,144","1,681","4,402","4,326","2,981","3,709","3,454","1,320",391,102,3
경기도,안산시,단원구 호수동,"41,414","2,546","4,502","5,412","5,506","5,870","7,926","6,741","1,987",734,182,8
경기도,안산시,단원구 원곡동,"5,389",155,317,388,461,606,"1,223","1,237",623,332,45,2
경기도,안산시,단원구 백운동,"23,628","1,753","1,791","2,552","4,226","3,201","4,022","3,917","1,613",469,80,4
경기도,안산시,단원구 신길동,"20,182",853,"1,974","2,254","2,212","2,952","4,129","3,579","1,590",553,82,4
경기도,안산시,단원구 초지동,"46,070","2,674","3,875","5,826","7,615","6,684","8,535","6,546","2,771","1,219",312,13
경기도,안산시,단원구 선부1동,"16,492",952,"1,111","1,832","2,753","2,345","2,964","2,879","1,121",427,107,1
경기도,안산시,단원구 선부2동,"16,963","1,034","1,329","1,925","2,503","2,402","3,316","2,831","1,097",445,77,4
경기도,안산시,단원구 선부3동,"31,240","1,354","2,670","3,949","4,358","4,445","6,387","5,408","1,821",710,133,5
경기도,안산시,단원구 대부동,"9,159",204,348,445,686,847,"1,676","2,640","1,533",644,131,5
경기도,고양시,,"1,056,589","59,550","94,709","115,210","144,077","155,712","192,809","164,599","79,211","42,100","8,441",171
경기도,고양시,덕양구 ,"482,470","29,808","40,425","49,517","70,083","73,315","83,333","74,203","38,456","19,655","3,596",79
경기도,고양시,덕양구 주교동,"10,047",245,600,"1,005","1,014","1,120","2,041","2,260","1,091",557,114,0
경기도,고양시,덕양구 원신동,"22,208","1,768","2,714","1,508","2,619","4,199","3,289","3,271","1,906",787,141,6
경기도,고양시,덕양구 흥도동,"29,316","2,119","3,507","2,940","4,301","5,673","4,644","3,426","1,849",733,121,3
경기도,고양시,덕양구 성사1동,"23,731","1,084","1,595","2,533","3,342","3,184","4,339","4,169","2,204","1,063",211,7
경기도,고양시,덕양구 성사2동,"10,073",306,674,"1,001","1,215","1,132","1,823","2,031","1,096",663,130,2
경기도,고양시,덕양구 효자동,"26,283","3,530","2,447","2,139","4,982","5,317","3,309","2,444","1,413",612,89,1
경기도,고양시,덕양구 삼송1동,"22,283","1,776","1,686","2,467","4,426","3,869","3,387","2,630","1,341",606,90,5
경기도,고양시,덕양구 삼송2동,"27,842","1,866","1,938","2,923","5,383","4,281","3,986","3,634","2,439","1,196",193,3
경기도,고양시,덕양구 창릉동,"22,784","2,264","1,822","1,849","4,841","4,337","3,193","2,411","1,372",595,97,3
경기도,고양시,덕양구 고양동,"26,883","1,035","2,408","2,841","2,475","3,527","5,253","4,552","3,020","1,507",257,8
경기도,고양시,덕양구 관산동,"32,805",952,"2,225","2,848","2,979","4,185","6,277","7,084","3,983","1,923",340,9
경기도,고양시,덕양구 능곡동,"16,842",954,"1,160","1,697","2,515","2,105","3,111","3,084","1,404",696,113,3
경기도,고양시,덕양구 화정1동,"34,729","1,171","2,777","4,552","4,464","3,995","6,701","5,983","2,849","1,873",356,8
경기도,고양시,덕양구 화정2동,"31,155","1,687","2,943","3,576","4,365","4,458","6,114","4,357","2,034","1,349",268,4
경기도,고양시,덕양구 행주동,"11,654",287,568,"1,263","1,394","1,317","2,230","2,571","1,240",658,124,2
경기도,고양시,덕양구 행신1동,"19,660",862,"1,481","2,179","2,605","2,454","3,773","3,617","1,663",859,164,3
경기도,고양시,덕양구 행신2동,"29,145","1,532","2,079","3,367","4,796","3,865","5,138","4,791","2,073","1,252",246,6
경기도,고양시,덕양구 행신3동,"22,002",919,"1,806","2,633","2,902","2,592","4,484","3,879","1,603",985,197,2
경기도,고양시,덕양구 행신4동,"18,475",477,"1,475","2,299","2,022","2,054","3,947","3,562","1,629",835,173,2
경기도,고양시,덕양구 화전동,"27,631","2,848","2,770","2,178","4,664","6,026","3,828","2,936","1,614",652,113,2
경기도,고양시,덕양구 대덕동,"16,922","2,126","1,750","1,719","2,779","3,625","2,466","1,511",633,254,59,0
경기도,고양시,일산동구 ,"298,091","16,188","26,565","34,291","41,329","43,478","55,370","46,374","20,888","11,056","2,504",48
경기도,고양시,일산동구 식사동,"40,183","2,965","5,306","4,773","4,162","7,044","7,789","5,051","1,952",946,192,3
경기도,고양시,일산동구 중산1동,"19,768",652,"1,412","2,152","2,280","2,089","3,713","4,224","1,850","1,101",289,6
경기도,고양시,일산동구 중산2동,"22,566","1,287","2,211","2,431","2,454","3,249","4,447","3,572","1,850",862,201,2
경기도,고양시,일산동구 정발산동,"20,964",683,"1,585","2,642","2,845","2,571","3,920","3,733","1,891",924,165,5
경기도,고양시,일산동구 풍산동,"42,226","2,558","4,179","4,693","5,394","6,139","7,912","6,691","2,905","1,440",306,9
경기도,고양시,일산동구 백석1동,"27,940","1,371","2,217","3,406","4,046","3,939","5,416","4,386","1,966","1,003",189,1
경기도,고양시,일산동구 백석2동,"19,766",557,960,"2,677","3,273","2,711","3,950","3,106","1,559",821,150,2
경기도,고양시,일산동구 마두1동,"22,248",941,"2,837","2,672","2,394","3,112","4,279","3,529","1,498",785,197,4
경기도,고양시,일산동구 마두2동,"15,004",710,"2,073","1,595","1,412","2,442","2,768","2,203",920,670,207,4
경기도,고양시,일산동구 장항1동,"20,079","3,084","1,346","1,575","5,827","3,544","2,011","1,605",747,297,43,0
경기도,고양시,일산동구 장항2동,"26,618",633,"1,225","3,895","4,891","4,018","5,211","3,836","1,616","1,038",251,4
경기도,고양시,일산동구 고봉동,"20,729",747,"1,214","1,780","2,351","2,620","3,954","4,438","2,134","1,169",314,8
경기도,고양시,일산서구 ,"276,028","13,554","27,719","31,402","32,665","38,919","54,106","44,022","19,867","11,389","2,341",44
경기도,고양시,일산서구 일산1동,"24,361","1,020","2,025","2,822","2,839","3,008","4,723","4,332","2,178","1,208",200,6
경기도,고양시,일산서구 일산2동,"18,392",681,"1,140","2,011","2,227","2,042","3,575","3,985","1,656",898,175,2
경기도,고양시,일산서구 일산3동,"32,840","1,953","4,902","3,368","3,399","5,707","6,194","4,381","1,802",913,218,3
경기도,고양시,일산서구 탄현1동,"28,861","1,458","2,555","3,629","3,699","3,944","6,043","4,530","1,664","1,087",247,5
경기도,고양시,일산서구 탄현2동,"18,286","1,157","2,092","1,862","2,081","2,959","3,431","2,677","1,203",703,120,1
경기도,고양시,일산서구 주엽1동,"25,661","1,070","2,524","2,897","3,091","3,423","4,843","3,919","2,090","1,464",334,6
경기도,고양시,일산서구 주엽2동,"26,117","1,302","2,592","2,622","3,038","3,586","4,782","4,153","2,147","1,535",351,9
경기도,고양시,일산서구 대화동,"33,270","1,496","2,473","4,415","5,054","4,483","6,135","5,336","2,431","1,191",254,2
경기도,고양시,일산서구 송포동,"19,844","1,060","1,762","2,281","2,589","2,806","3,981","3,144","1,372",710,136,3
경기도,고양시,일산서구 덕이동,"30,406","1,637","3,698","3,248","3,095","4,664","6,265","4,712","1,981",927,174,5
경기도,고양시,일산서구 가좌동,"17,990",720,"1,956","2,247","1,553","2,297","4,134","2,853","1,343",753,132,2
경기도,과천시,,"81,107","8,092","8,335","8,135","12,609","13,153","11,838","10,709","5,231","2,419",567,19
경기도,과천시,중앙동,"11,359",745,"1,019","1,194","1,514","1,580","1,735","1,979",991,452,146,4
경기도,과천시,원문동,"16,192","1,628","2,103","1,438","1,937","3,021","2,514","2,049",919,475,106,2
경기도,과천시,갈현동,"19,863","3,295","2,073","1,987","4,246","3,494","2,373","1,409",648,268,67,3
경기도,과천시,별양동,"12,493","1,038","1,401","1,176","1,832","2,143","1,826","1,754",863,369,90,1
경기도,과천시,부림동,"8,819",739,875,855,"1,271","1,430","1,278","1,377",610,320,61,3
경기도,과천시,과천동,"5,755",329,360,618,930,745,869,"1,052",547,252,47,6
경기도,과천시,문원동,"6,626",318,504,867,879,740,"1,243","1,089",653,283,50,0
경기도,구리시,,"188,134","10,095","16,014","20,905","26,797","27,825","33,152","30,453","15,317","6,567",984,25
경기도,구리시,갈매동,"30,406","2,647","3,513","2,476","4,249","6,465","4,345","3,836","2,104",683,85,3
경기도,구리시,동구동,"34,705","1,791","2,973","4,179","4,895","4,530","6,460","5,797","2,621","1,241",215,3
경기도,구리시,인창동,"26,440","1,600","2,224","3,093","4,207","3,890","4,670","3,903","1,888",830,134,1
경기도,구리시,교문1동,"14,646",387,826,"1,592","1,827","1,915","2,814","2,934","1,561",689,97,4
경기도,구리시,교문2동,"20,403","1,094","2,130","2,376","2,611","2,869","3,728","3,192","1,600",687,112,4
경기도,구리시,수택1동,"16,846",779,"1,065","2,064","2,656","2,233","2,890","2,984","1,493",608,72,2
경기도,구리시,수택2동,"23,928",834,"1,554","2,711","3,264","3,037","4,331","4,639","2,404","1,001",149,4
경기도,구리시,수택3동,"20,760",963,"1,729","2,414","3,088","2,886","3,914","3,168","1,646",828,120,4
경기도,남양주시,,"727,158","44,151","78,275","74,481","84,185","117,416","130,306","105,700","60,789","27,292","4,426",137
경기도,남양주시,와부읍,"59,418","2,679","6,377","6,370","5,959","8,442","11,484","9,171","5,710","2,809",407,10
경기도,남양주시,진접읍,"94,337","5,074","10,865","10,157","9,566","14,398","17,633","14,200","8,024","3,746",658,16
경기도,남양주시,화도읍,"63,480","2,816","6,355","6,730","6,169","9,592","12,689","10,123","5,852","2,726",417,11
경기도,남양주시,화도읍동부출장소,"13,159",875,"1,474","1,154","1,411","2,206","2,306","2,079","1,070",479,103,2
경기도,남양주시,화도읍남부출장소,"35,071","2,146","4,117","3,509","3,489","5,933","6,661","4,965","2,769","1,288",190,4
경기도,남양주시,진건읍,"19,316",521,"1,245","1,913","1,933","2,131","3,641","4,419","2,261","1,058",183,11
경기도,남양주시,오남읍,"50,232","1,951","5,192","6,147","4,884","6,891","10,794","7,672","4,182","2,158",346,15
경기도,남양주시,퇴계원읍,"25,993",944,"1,998","2,707","2,902","3,141","4,610","5,404","2,813","1,277",195,2
경기도,남양주시,별내면,"17,681",579,"1,520","1,786","1,515","2,123","3,588","3,264","2,074","1,065",154,13
경기도,남양주시,수동면,"8,465",182,414,554,605,836,"1,442","2,143","1,394",716,173,6
경기도,남양주시,조안면,"3,637",91,195,269,281,406,606,906,589,247,45,2
경기도,남양주시,호평동,"55,204","3,675","6,965","5,787","5,670","9,940","10,496","6,552","3,972","1,849",292,6
경기도,남양주시,평내동,"37,179","2,309","4,308","4,342","4,366","5,949","7,341","4,610","2,552","1,197",202,3
경기도,남양주시,금곡동,"16,760",372,741,"1,525","1,969","1,816","2,813","4,070","2,246","1,021",179,8
경기도,남양주시,양정동,"2,072",64,81,226,242,216,323,510,268,120,20,2
경기도,남양주시,다산1동,"105,617","10,337","13,246","9,401","16,381","21,425","14,699","10,533","6,661","2,555",364,15
경기도,남양주시,다산2동,"36,526","3,195","4,574","3,427","4,565","7,435","6,072","4,181","2,162",794,121,0
경기도,남양주시,별내동,"83,011","6,341","8,608","8,477","12,278","14,536","13,108","10,898","6,190","2,187",377,11
경기도,풍양출장소,,0,0,0,0,0,0,0,0,0,0,0,0
경기도,오산시,,"255,303","17,972","27,467","28,670","41,596","47,078","42,342","29,335","13,873","6,015",929,26
경기도,오산시,중앙동,"32,742","2,091","3,813","3,575","4,120","5,566","6,008","4,361","2,083",983,139,3
경기도,오산시,대원1동,"44,948","2,132","4,401","6,143","6,449","7,414","8,321","5,939","2,758","1,209",174,8
경기도,오산시,대원2동,"24,551","2,204","2,849","2,499","4,260","4,883","3,990","2,297","1,061",449,56,3
경기도,오산시,남촌동,"32,237","2,645","2,543","3,568","7,389","6,639","4,717","2,837","1,308",509,80,2
경기도,오산시,신장1동,"35,256","2,075","4,673","3,747","4,568","6,679","5,854","4,162","2,301","1,030",166,1
경기도,오산시,신장2동,"22,548","1,481","2,889","2,179","2,865","4,531","3,645","2,909","1,408",557,83,1
경기도,오산시,세마동,"31,859","2,467","3,499","3,712","5,142","5,819","5,184","3,606","1,570",715,138,7
경기도,오산시,초평동,"31,162","2,877","2,800","3,247","6,803","5,547","4,623","3,224","1,384",563,93,1
경기도,시흥시,,"515,337","36,631","52,151","56,061","73,993","88,316","92,283","72,504","28,900","12,163","2,266",69
경기도,시흥시,대야동,"42,187","2,554","3,101","4,654","6,476","5,875","7,467","7,524","2,986","1,280",261,9
경기도,시흥시,신천동,"31,989",954,"1,989","3,858","3,837","3,493","6,609","6,999","2,873","1,168",205,4
경기도,시흥시,신현동,"8,701",240,457,871,957,865,"1,736","2,077","1,017",400,78,3
경기도,시흥시,은행동,"57,452","5,230","7,025","5,384","7,798","11,266","9,045","7,267","3,037","1,169",228,3
경기도,시흥시,매화동,"10,845",361,840,"1,182","1,097","1,268","2,214","2,147","1,093",538,104,1
경기도,시흥시,목감동,"40,567","3,490","4,514","3,078","5,772","8,117","6,114","5,551","2,725","1,010",188,8
경기도,시흥시,군자동,"20,915",852,"1,881","2,202","2,247","3,328","4,076","3,728","1,737",739,122,3
경기도,시흥시,월곶동,"17,582",956,"1,564","1,779","2,410","2,881","3,376","2,698","1,206",582,127,3
경기도,시흥시,정왕본동,"17,097",633,975,"1,998","2,844","3,361","3,478","2,534",894,323,55,2
경기도,시흥시,정왕1동,"20,947",734,"1,693","3,767","2,798","3,370","4,177","2,917",996,423,69,3
경기도,시흥시,정왕2동,"26,166","1,111","2,809","3,419","3,100","3,843","5,762","4,060","1,265",684,112,1
경기도,시흥시,정왕3동,"21,147",827,"1,872","2,113","2,684","3,633","4,665","3,533","1,212",519,85,4
경기도,시흥시,정왕4동,"19,077",882,"2,111","2,685","2,309","2,661","4,193","2,821",849,482,81,3
경기도,시흥시,배곧1동,"35,216","3,921","5,564","2,864","4,963","8,137","5,315","3,051",988,325,80,8
경기도,시흥시,배곧2동,"35,408","3,106","4,704","4,786","6,303","7,259","5,459","2,764",749,239,39,0
경기도,시흥시,과림동,"1,687",40,30,93,146,141,237,525,344,116,15,0
경기도,시흥시,연성동,"23,523","1,460","2,071","3,024","3,231","3,197","4,879","3,473","1,329",714,142,3
경기도,시흥시,장곡동,"46,712","5,594","5,475","4,182","8,268","8,494","7,084","4,812","1,922",736,143,2
경기도,시흥시,능곡동,"25,933","2,179","2,661","2,973","3,814","4,040","4,742","3,249","1,484",664,119,8
경기도,시흥시,거북섬동,"12,186","1,507",815,"1,149","2,939","3,087","1,655",774,194,52,13,1
경기도,군포시,,"249,066","11,722","21,800","28,791","33,926","34,725","44,511","41,781","20,398","9,371","2,003",38
경기도,군포시,군포1동,"29,963","1,144","2,073","3,908","4,086","3,904","5,526","5,530","2,537","1,034",219,2
경기도,군포시,군포2동,"40,168","2,026","4,244","4,550","4,908","5,816","7,296","6,920","2,902","1,268",233,5
경기도,군포시,산본1동,"14,081",354,545,"1,595","2,213","1,575","2,289","2,964","1,706",702,137,1
경기도,군포시,산본2동,"24,535","1,326","2,343","2,685","3,129","3,385","4,279","4,272","2,017",883,211,5
경기도,군포시,금정동,"18,401",630,"1,121","2,463","2,810","2,351","3,331","3,374","1,631",578,109,3
경기도,군포시,재궁동,"16,771",613,996,"1,951","2,850","2,134","2,733","2,812","1,631",856,193,2
경기도,군포시,오금동,"19,400",966,"1,593","2,182","3,309","2,831","3,416","2,802","1,387",769,145,0
경기도,군포시,수리동,"14,784",545,"1,179","1,634","1,881","1,895","2,687","2,515","1,433",816,194,5
경기도,군포시,궁내동,"19,160","1,051","2,584","2,214","1,863","2,987","3,835","2,651","1,160",652,159,4
경기도,군포시,대야동,"8,872",393,742,888,"1,073","1,112","1,678","1,682",878,353,72,1
경기도,군포시,광정동,"22,802","1,002","2,035","2,875","3,042","2,876","4,452","3,475","1,780",999,258,8
경기도,군포시,송부동,"20,129","1,672","2,345","1,846","2,762","3,859","2,989","2,784","1,336",461,73,2
경기도,의왕시,,"166,540","11,743","13,516","17,447","26,118","23,011","27,268","27,419","13,401","5,467","1,110",40
경기도,의왕시,고천동,"17,819","2,065","1,064","1,570","4,728","2,443","1,914","2,148","1,293",487,105,2
경기도,의왕시,부곡동,"28,524","2,041","2,187","2,794","4,480","4,003","4,542","4,526","2,407","1,292",243,9
경기도,의왕시,오전동,"32,517","1,694","3,093","3,571","3,769","4,477","5,885","5,783","3,000","1,071",167,7
경기도,의왕시,내손1동,"19,470","1,048","1,690","2,451","2,401","2,449","3,441","3,597","1,530",683,170,10
경기도,의왕시,내손2동,"30,744","2,646","2,590","3,015","5,845","4,667","4,771","4,480","1,857",710,159,4
경기도,의왕시,청계동,"37,466","2,249","2,892","4,046","4,895","4,972","6,715","6,885","3,314","1,224",266,8
경기도,하남시,,"327,389","25,287","34,028","32,162","48,569","59,263","50,115","42,647","25,168","8,635","1,471",44
경기도,하남시,천현동,"5,672",141,302,477,633,690,972,"1,320",808,251,78,0
경기도,하남시,신장1동,"7,069",210,317,880,"1,272",928,"1,111","1,264",752,283,52,0
경기도,하남시,신장2동,"44,718","2,951","3,651","4,047","6,367","6,677","6,705","7,263","4,926","1,841",280,10
경기도,하남시,덕풍1동,"13,821",614,803,"1,294","1,824","1,800","2,236","2,821","1,715",627,86,1
경기도,하남시,덕풍2동,"17,117",812,884,"1,586","2,441","2,251","2,637","3,480","2,145",747,127,7
경기도,하남시,덕풍3동,"27,487","1,751","2,549","2,792","3,358","4,165","4,815","4,263","2,640","1,004",145,5
경기도,하남시,감북동,"3,218",115,143,304,555,374,564,637,347,151,28,0
경기도,하남시,감일동,"39,590","4,991","4,689","3,289","6,473","8,206","5,454","3,762","1,972",615,137,2
경기도,하남시,위례동,"35,311","3,740","4,744","3,174","4,419","7,333","5,650","4,055","1,638",466,88,4
경기도,하남시,춘궁동,700,15,21,42,73,66,133,201,97,41,11,0
경기도,하남시,초이동,"2,838",111,118,254,405,319,446,646,342,159,38,0
경기도,하남시,미사1동,"54,138","3,300","5,213","7,874","11,437","10,208","7,686","4,606","2,802",864,143,5
경기도,하남시,미사2동,"46,276","3,813","6,529","3,561","5,598","9,741","7,310","5,119","3,344","1,109",150,2
경기도,하남시,미사3동,"29,434","2,723","4,065","2,588","3,714","6,505","4,396","3,210","1,640",477,108,8
경기도,용인시,,"1,091,437","70,232","122,660","124,664","138,461","177,387","192,918","135,950","81,039","41,058","6,911",157
경기도,용인시,처인구 ,"288,583","17,451","29,066","32,289","37,715","44,046","49,823","43,504","22,819","9,961","1,873",36
경기도,용인시,처인구 포곡읍,"31,016","1,131","3,195","3,992","3,306","4,408","6,206","4,930","2,422","1,184",239,3
경기도,용인시,처인구 모현읍,"34,746","2,374","2,920","3,659","4,736","5,499","6,130","5,278","2,782","1,169",194,5
경기도,용인시,처인구 이동읍,"18,541",735,"1,491","1,655","1,888","2,521","3,499","3,753","1,898",908,183,10
경기도,용인시,처인구 남사읍,"23,431","1,997","3,084","1,319","2,795","4,702","3,262","3,265","2,084",775,147,1
경기도,용인시,처인구 양지읍,"22,482","1,113","2,797","2,189","2,923","3,160","3,790","3,781","1,793",762,169,5
경기도,용인시,처인구 원삼면,"8,068",163,"1,041",645,552,779,"1,271","1,855","1,132",520,108,2
경기도,용인시,처인구 백암면,"7,871",137,690,543,614,723,"1,268","1,923","1,207",630,136,0
경기도,용인시,처인구 중앙동,"26,626","1,303","2,099","3,996","3,666","3,622","4,533","4,064","2,202",941,198,2
경기도,용인시,처인구 역북동,"34,595","2,691","3,615","5,314","5,471","5,831","5,167","3,729","1,919",743,112,3
경기도,용인시,처인구 삼가동,"16,386",884,"1,361","2,267","2,448","2,031","3,324","2,402","1,123",465,80,1
경기도,용인시,처인구 유림1동,"14,221",741,"1,635","1,620","1,976","2,012","2,511","2,144","1,065",448,68,1
경기도,용인시,처인구 유림2동,"38,314","3,774","4,287","3,729","6,044","7,281","6,462","3,948","1,847",811,129,2
경기도,용인시,처인구 동부동,"12,286",408,851,"1,361","1,296","1,477","2,400","2,432","1,345",605,110,1
경기도,용인시,기흥구 ,"434,133","25,956","48,154","52,121","53,000","69,027","80,449","53,019","32,284","17,129","2,920",74
경기도,용인시,기흥구 신갈동,"36,024","2,114","3,069","4,136","5,865","5,224","6,266","4,802","2,835","1,470",235,8
경기도,용인시,기흥구 영덕1동,"34,349","2,476","3,846","3,942","4,631","5,873","6,512","4,318","1,904",728,118,1
경기도,용인시,기흥구 영덕2동,"19,117","1,654","1,487","1,962","3,256","3,192","3,122","2,473","1,095",638,231,7
경기도,용인시,기흥구 구갈동,"39,849","2,488","3,468","5,731","6,460","6,529","6,932","4,613","2,379","1,067",176,6
경기도,용인시,기흥구 상갈동,"12,485",564,900,"1,630","1,986","1,675","2,329","1,722",998,607,74,0
경기도,용인시,기흥구 보라동,"32,350","1,708","3,884","3,842","3,161","5,003","6,402","4,109","2,608","1,415",214,4
경기도,용인시,기흥구 기흥동,"20,595",942,"1,866","2,200","2,488","3,010","3,829","3,262","1,946",900,146,6
경기도,용인시,기흥구 서농동,"24,480","1,799","2,946","4,083","3,460","4,255","3,578","2,623","1,192",470,74,0
경기도,용인시,기흥구 구성동,"38,181","1,827","4,211","4,138","3,624","5,522","7,464","5,066","3,828","2,120",370,11
경기도,용인시,기흥구 마북동,"33,548","1,917","2,990","3,881","4,224","4,685","6,161","4,485","3,101","1,819",279,6
경기도,용인시,기흥구 동백1동,"30,738","1,775","4,857","3,600","2,656","5,515","6,285","2,971","1,882","1,014",177,6
경기도,용인시,기흥구 동백2동,"25,880","1,198","4,095","3,394","1,940","4,287","5,657","2,642","1,663",848,151,5
경기도,용인시,기흥구 동백3동,"27,735","2,305","3,774","2,691","3,275","5,093","4,457","2,459","2,026","1,400",250,5
경기도,용인시,기흥구 상하동,"22,705",966,"2,156","2,815","2,401","2,911","4,663","3,556","2,074",984,172,7
경기도,용인시,기흥구 보정동,"36,097","2,223","4,605","4,076","3,573","6,253","6,792","3,918","2,753","1,649",253,2
경기도,용인시,수지구 ,"368,721","26,825","45,440","40,254","47,746","64,314","62,646","39,427","25,936","13,968","2,118",47
경기도,용인시,수지구 풍덕천1동,"30,065","1,852","2,915","3,769","5,205","4,516","4,735","3,456","2,223","1,210",177,7
경기도,용인시,수지구 풍덕천2동,"41,196","3,675","5,952","4,151","6,312","8,300","6,575","3,177","1,759","1,099",193,3
경기도,용인시,수지구 신봉동,"40,961","2,843","5,544","4,067","4,350","7,073","7,636","4,494","2,960","1,737",253,4
경기도,용인시,수지구 죽전1동,"28,836","1,710","3,218","3,498","3,392","4,371","5,295","3,716","2,141","1,292",199,4
경기도,용인시,수지구 죽전2동,"16,965","1,049","1,323","2,038","3,121","2,403","2,833","2,198","1,216",656,124,4
경기도,용인시,수지구 죽전3동,"26,369","1,500","2,959","4,052","3,280","4,079","4,612","2,934","1,835",947,166,5
경기도,용인시,수지구 동천동,"50,780","4,110","6,006","5,006","6,891","9,533","8,275","5,656","3,552","1,545",201,5
경기도,용인시,수지구 상현1동,"19,568","1,646","2,637","2,007","2,264","3,608","3,286","1,875","1,343",771,129,2
경기도,용인시,수지구 상현2동,"32,384","2,443","4,199","3,177","3,923","5,846","5,423","3,271","2,505","1,386",207,4
경기도,용인시,수지구 상현3동,"27,084","1,944","3,292","3,322","4,058","4,777","4,418","2,639","1,685",828,118,3
경기도,용인시,수지구 성복동,"54,513","4,053","7,395","5,167","4,950","9,808","9,558","6,011","4,717","2,497",351,6
경기도,파주시,,"535,692","38,127","56,216","54,427","74,726","88,718","90,461","71,576","37,919","19,830","3,613",79
경기도,파주시,문산읍,"47,809","3,194","5,229","4,582","6,320","7,646","7,306","6,913","3,886","2,325",400,8
경기도,파주시,파주읍,"13,157",365,731,"1,113","1,293","1,512","2,490","2,857","1,646",948,199,3
경기도,파주시,법원읍,"8,992",161,428,811,775,770,"1,527","2,262","1,381",730,143,4
경기도,파주시,조리읍,"27,203",866,"2,308","2,558","2,307","3,410","5,181","5,546","3,092","1,594",331,10
경기도,파주시,월롱면,"7,423",82,206,"1,034","1,315",961,"1,253","1,371",752,369,78,2
경기도,파주시,탄현면,"14,297",438,873,"1,287","1,442","1,819","2,950","2,906","1,540",835,204,3
경기도,파주시,광탄면,"9,952",246,485,774,856,918,"1,716","2,491","1,468",811,179,8
경기도,파주시,파평면,"3,334",35,124,253,198,239,521,939,566,390,66,3
경기도,파주시,적성면,"6,298",294,341,652,745,554,879,"1,346",872,521,92,2
경기도,파주시,장단면,687,12,42,58,49,57,133,146,91,88,11,0
경기도,파주시,금촌1동,"22,031",613,"1,173","2,718","3,070","2,920","3,957","4,055","2,168","1,140",215,2
경기도,파주시,금촌2동,"29,603","1,425","3,507","3,357","3,106","4,532","5,681","4,236","2,242","1,289",219,9
경기도,파주시,금촌3동,"24,024","1,091","2,322","2,637","2,762","3,372","4,576","3,973","2,031","1,069",189,2
경기도,파주시,교하동,"6,946",185,404,596,688,831,"1,314","1,576",840,414,97,1
경기도,파주시,운정1동,"58,759","4,567","6,748","6,540","9,032","10,272","10,286","6,686","2,963","1,413",249,3
경기도,파주시,운정2동,"63,781","5,652","9,417","6,053","8,570","13,070","10,108","5,828","3,236","1,592",253,2
경기도,파주시,운정3동,"66,956","4,777","9,004","7,557","8,036","12,768","11,929","7,147","3,699","1,749",286,4
경기도,파주시,운정4동,"24,459","1,226","1,896","2,827","3,491","4,082","5,065","3,398","1,526",821,122,5
경기도,파주시,운정5동,"58,843","6,349","7,071","5,689","10,505","10,918","9,374","5,234","2,354","1,142",201,6
경기도,파주시,운정6동,"41,138","6,549","3,907","3,331","10,166","8,067","4,215","2,666","1,566",590,79,2
경기도,이천시,,"227,032","13,355","23,114","26,546","31,847","33,470","37,098","34,303","17,685","8,095","1,482",37
경기도,이천시,장호원읍,"13,933",610,"1,146","1,254","1,352","1,663","2,207","2,854","1,806",864,174,3
경기도,이천시,부발읍,"35,520","1,792","3,812","4,694","5,139","5,786","6,316","4,685","2,197",931,165,3
경기도,이천시,신둔면,"13,794",578,"1,159","1,285","1,492","1,816","2,505","2,887","1,422",547,98,5
경기도,이천시,백사면,"12,545",609,874,"1,091","1,526","1,612","2,309","2,527","1,272",599,122,4
경기도,이천시,호법면,"6,367",136,"1,176",541,574,620,941,"1,243",711,353,70,2
경기도,이천시,마장면,"17,101","1,377","2,228","2,143","2,805","2,538","2,201","2,051","1,110",527,120,1
경기도,이천시,대월면,"14,682",839,"1,092","2,233","2,786","2,153","2,052","1,862","1,049",518,97,1
경기도,이천시,모가면,"3,952",53,138,270,300,361,627,"1,066",666,396,74,1
경기도,이천시,설성면,"4,097",66,146,224,296,335,615,"1,101",781,435,95,3
경기도,이천시,율면,"2,398",37,75,120,127,149,349,681,496,263,99,2
경기도,이천시,창전동,"14,710",431,"1,141","1,910","1,978","1,884","2,491","2,597","1,551",641,84,2
경기도,이천시,증포동,"55,822","4,550","7,911","6,366","7,761","10,168","9,629","6,084","2,250",964,135,4
경기도,이천시,중리동,"20,915","1,573","1,397","3,179","4,073","2,807","2,944","2,836","1,398",614,89,5
경기도,이천시,관고동,"11,196",704,819,"1,236","1,638","1,578","1,912","1,829",976,443,60,1
경기도,안성시,,"199,484","10,142","18,158","21,881","23,873","28,930","34,528","32,625","18,579","8,953","1,772",43
경기도,안성시,공도읍,"71,166","4,740","7,910","7,906","10,033","12,524","12,861","8,548","4,398","1,910",330,6
경기도,안성시,보개면,"4,693",77,226,288,334,413,707,"1,279",810,455,103,1
경기도,안성시,금광면,"6,696",182,427,525,529,683,"1,177","1,571","1,001",484,114,3
경기도,안성시,서운면,"2,912",37,81,172,196,222,464,813,525,315,87,0
경기도,안성시,미양면,"5,179",101,190,327,436,555,919,"1,277",858,430,85,1
경기도,안성시,대덕면,"14,196",645,"1,016","2,032","1,727","2,335","2,396","2,207","1,204",536,93,5
경기도,안성시,양성면,"4,807",71,189,299,334,412,820,"1,230",828,505,116,3
경기도,안성시,원곡면,"6,344",236,336,528,787,880,"1,246","1,326",643,300,60,2
경기도,안성시,일죽면,"6,959",156,453,437,430,615,"1,112","1,760","1,265",600,127,4
경기도,안성시,죽산면,"6,757",110,500,454,513,664,"1,155","1,632","1,028",577,122,2
경기도,안성시,삼죽면,"4,104",48,510,779,215,273,499,851,530,321,77,1
경기도,안성시,고삼면,"1,747",31,59,124,127,123,276,500,310,152,44,1
경기도,안성시,안성1동,"10,726",351,828,"1,134",955,"1,295","1,862","2,117","1,374",687,118,5
경기도,안성시,안성2동,"26,290","1,667","2,617","3,475","3,724","4,036","4,408","3,616","1,864",733,144,6
경기도,안성시,안성3동,"26,908","1,690","2,816","3,401","3,533","3,900","4,626","3,898","1,941",948,152,3
경기도,김포시,,"483,679","35,433","56,821","45,185","61,321","90,280","77,315","62,668","36,414","15,572","2,607",63
경기도,김포시,통진읍,"34,530","1,795","2,653","3,087","4,309","4,726","5,875","6,604","3,512","1,600",357,12
경기도,김포시,고촌읍,"52,019","4,803","7,108","4,011","6,422","11,402","7,530","5,908","3,423","1,204",205,3
경기도,김포시,양촌읍,"30,379","1,451","2,592","2,722","3,937","4,649","4,919","5,249","3,273","1,317",266,4
경기도,김포시,대곶면,"8,845",211,365,528,704,934,"1,684","2,331","1,276",655,151,6
경기도,김포시,월곶면,"5,097",81,173,280,407,448,853,"1,393",945,430,85,2
경기도,김포시,하성면,"7,460",156,378,457,513,715,"1,206","2,024","1,219",669,120,3
경기도,김포시,김포본동,"56,579","3,654","5,862","5,832","6,613","8,979","10,293","8,513","4,429","2,041",355,8
경기도,김포시,장기본동,"38,544","2,676","6,023","3,925","3,991","7,564","6,904","3,953","2,326","1,035",145,2
경기도,김포시,사우동,"20,484",854,"1,782","2,059","2,471","2,950","3,907","3,505","1,918",891,143,4
경기도,김포시,풍무동,"59,433","4,226","6,887","6,683","7,867","10,443","9,800","7,227","4,183","1,861",251,5
경기도,김포시,장기동,"40,179","3,307","5,906","3,613","4,591","8,557","6,532","4,005","2,520","1,006",137,5
경기도,김포시,구래동,"45,906","4,058","5,461","5,433","8,335","9,725","5,924","3,872","2,166",829,98,5
경기도,김포시,마산동,"35,475","3,672","4,570","2,575","5,326","8,060","4,467","3,414","2,333",935,123,0
경기도,김포시,운양동,"48,749","4,489","7,061","3,980","5,835","11,128","7,421","4,670","2,891","1,099",171,4
경기도,화성시,,"1,000,464","87,857","118,494","108,133","165,959","186,605","154,455","105,753","49,198","20,069","3,856",85
경기도,화성시,만세구 ,"234,222","15,318","23,249","23,167","31,612","39,328","39,713","35,195","17,182","7,793","1,634",31
경기도,화성시,만세구 우정읍,"16,490",423,"1,172","1,462","1,317","2,085","3,426","3,492","1,963",946,200,4
경기도,화성시,만세구 향남읍,"84,720","5,804","10,836","9,858","12,189","16,611","14,214","8,824","4,241","1,802",337,4
경기도,화성시,만세구 남양읍,"60,486","4,673","5,149","6,771","10,446","9,647","9,601","8,449","3,841","1,572",328,9
경기도,화성시,만세구 마도면,"6,417",111,267,478,603,770,"1,235","1,626",830,427,70,0
경기도,화성시,만세구 송산면,"10,145",255,563,707,787,"1,038","1,856","2,460","1,478",807,188,6
경기도,화성시,만세구 서신면,"6,935",100,259,340,514,623,"1,166","2,061","1,182",548,141,1
경기도,화성시,만세구 팔탄면,"9,129",149,343,655,787,973,"1,862","2,495","1,148",587,128,2
경기도,화성시,만세구 장안면,"9,207",205,483,657,698,973,"1,771","2,278","1,339",658,141,4
경기도,화성시,만세구 양감면,"3,639",55,114,231,306,367,665,"1,035",536,266,63,1
경기도,화성시,만세구 새솔동,"27,054","3,543","4,063","2,008","3,965","6,241","3,917","2,475",624,180,38,0
경기도,화성시,효행구 ,"160,959","13,394","15,678","16,524","25,962","26,407","26,010","21,112","10,488","4,418",934,32
경기도,화성시,효행구 봉담읍,"112,645","10,601","12,461","11,917","18,665","20,000","17,580","12,574","5,935","2,392",497,23
경기도,화성시,효행구 매송면,"6,139",109,278,563,551,559,"1,170","1,501",887,451,68,2
경기도,화성시,효행구 비봉면,"16,613","1,526",797,"1,310","3,967","2,348","2,145","2,526","1,295",562,134,3
경기도,화성시,효행구 정남면,"10,088",207,487,869,941,"1,113","2,067","2,367","1,279",599,157,2
경기도,화성시,효행구 기배동,"15,474",951,"1,655","1,865","1,838","2,387","3,048","2,144","1,092",414,78,2
경기도,화성시,병점구 ,"175,182","14,195","18,502","21,972","29,556","30,878","27,900","18,915","9,050","3,646",558,10
경기도,화성시,병점구 진안동,"50,300","4,523","4,446","6,376","9,745","9,446","7,507","4,879","2,277",941,158,2
경기도,화성시,병점구 병점1동,"36,306","2,561","3,605","5,692","6,255","5,819","5,722","3,763","2,000",787,100,2
경기도,화성시,병점구 병점2동,"21,974","1,050","3,216","2,977","2,284","3,712","4,347","2,355","1,316",629,87,1
경기도,화성시,병점구 반월동,"37,273","4,027","4,910","3,489","6,754","7,371","5,248","3,654","1,325",413,79,3
경기도,화성시,병점구 화산동,"29,329","2,034","2,325","3,438","4,518","4,530","5,076","4,264","2,132",876,134,2
경기도,화성시,동탄구 ,"430,101","44,950","61,065","46,470","78,829","89,992","60,832","30,531","12,478","4,212",730,12
경기도,화성시,동탄구 동탄1동,"49,967","4,153","6,373","7,172","9,306","9,050","8,153","3,773","1,346",542,98,1
경기도,화성시,동탄구 동탄2동,"33,626","2,213","6,214","3,818","3,138","6,946","6,391","2,887","1,364",576,78,1
경기도,화성시,동탄구 동탄3동,"39,862","3,215","5,253","5,654","7,482","7,436","5,891","2,690","1,494",648,97,2
경기도,화성시,동탄구 동탄4동,"52,587","5,791","10,042","4,567","7,085","12,600","8,071","3,067",990,317,55,2
경기도,화성시,동탄구 동탄5동,"47,862","4,848","5,586","4,941","10,764","9,474","6,051","3,623","1,836",633,104,2
경기도,화성시,동탄구 동탄6동,"47,020","4,401","6,021","6,742","9,403","9,079","6,813","3,023","1,090",384,64,0
경기도,화성시,동탄구 동탄7동,"57,473","6,220","8,300","5,170","10,665","12,714","7,584","4,504","1,782",448,84,2
경기도,화성시,동탄구 동탄8동,"40,527","6,173","5,436","2,756","8,071","9,820","4,281","2,593","1,045",283,68,1
경기도,화성시,동탄구 동탄9동,"61,177","7,936","7,840","5,650","12,915","12,873","7,597","4,371","1,531",381,82,1
경기도,광주시,,"401,246","25,787","36,989","37,675","51,754","67,079","70,793","63,001","33,212","12,821","2,072",63
경기도,광주시,초월읍,"52,283","3,282","5,174","5,383","6,736","8,101","9,583","8,086","4,018","1,617",297,6
경기도,광주시,곤지암읍,"20,865",708,"1,404","2,004","2,203","2,771","4,052","4,372","2,211",942,194,4
경기도,광주시,도척면,"8,934",238,543,692,807,"1,077","1,754","2,052","1,132",514,123,2
경기도,광주시,퇴촌면,"15,400",509,"1,276",983,"1,108","2,056","2,788","3,213","2,370",941,153,3
경기도,광주시,남종면,"1,348",7,38,57,74,98,218,361,303,160,30,2
경기도,광주시,남한산성면,"2,173",110,133,119,181,237,329,499,344,180,39,2
경기도,광주시,경안동,"32,019","2,525","2,982","3,395","5,041","5,207","5,152","4,317","2,325",940,133,2
경기도,광주시,송정동,"24,488","1,412","2,063","2,518","3,101","3,815","4,517","4,121","2,073",754,111,3
경기도,광주시,쌍령동,"17,004","1,101","1,542","1,778","2,234","2,681","3,048","2,809","1,290",467,51,3
경기도,광주시,탄벌동,"42,184","2,118","3,530","4,295","5,305","6,329","8,260","7,599","3,404","1,198",140,6
경기도,광주시,광남1동,"30,989","1,558","2,157","3,054","4,107","4,744","5,855","5,525","2,833","1,014",134,8
경기도,광주시,광남2동,"32,955","3,343","4,867","2,594","4,033","7,270","5,037","3,255","1,804",664,84,4
경기도,광주시,오포1동,"30,329","3,543","3,103","1,941","4,431","6,441","4,370","3,690","1,950",700,156,4
경기도,광주시,오포2동,"31,940","1,912","3,579","3,365","3,701","5,379","6,031","4,415","2,391","1,023",137,7
경기도,광주시,신현동,"35,852","2,138","2,709","3,470","5,667","6,817","6,004","5,141","2,739",999,163,5
경기도,광주시,능평동,"22,483","1,283","1,889","2,027","3,025","4,056","3,795","3,546","2,025",708,127,2
경기도,양주시,,"297,605","22,124","29,251","30,089","40,119","46,479","50,339","42,413","23,636","11,142","1,961",52
경기도,양주시,백석읍,"25,511",785,"2,045","2,519","2,179","2,928","4,953","5,364","2,907","1,544",285,2
경기도,양주시,은현면,"4,892",65,195,408,352,451,833,"1,321",791,378,93,5
경기도,양주시,남면,"5,793",174,299,452,559,578,892,"1,474",864,395,104,2
경기도,양주시,광적면,"10,327",291,667,779,902,"1,086","1,984","2,552","1,315",645,103,3
경기도,양주시,장흥면,"13,599",552,513,"1,114","1,456","1,403","2,251","3,013","1,970","1,053",265,9
경기도,양주시,양주1동,"4,424",74,223,285,342,394,705,"1,158",762,380,99,2
경기도,양주시,양주2동,"49,055","2,447","5,945","5,540","4,439","7,467","9,734","6,548","4,431","2,172",324,8
경기도,양주시,회천1동,"10,600",593,733,"1,291","1,339","1,332","1,946","1,867",963,460,70,6
경기도,양주시,회천2동,"46,821","4,085","3,813","4,771","7,848","7,038","7,544","6,649","3,392","1,460",220,1
경기도,양주시,회천3동,"24,675","1,257","2,527","3,109","2,801","3,256","4,998","3,539","1,862","1,138",182,6
경기도,양주시,옥정1동,"42,627","4,769","4,178","4,181","8,107","8,180","5,844","4,164","2,257",815,129,3
경기도,양주시,옥정2동,"59,281","7,032","8,113","5,640","9,795","12,366","8,655","4,764","2,122",702,87,5
경기도,포천시,,"140,397","5,443","9,612","13,608","14,035","15,226","25,548","31,124","16,108","8,081","1,559",53
경기도,포천시,소흘읍,"42,798","1,920","3,925","4,742","4,178","5,186","8,523","8,439","3,747","1,728",390,20
경기도,포천시,군내면,"9,780",558,642,866,"1,261","1,239","1,677","1,940","1,019",460,115,3
경기도,포천시,내촌면,"4,046",48,110,243,302,325,771,"1,249",639,299,58,2
경기도,포천시,가산면,"7,487",143,312,532,631,677,"1,551","2,137",953,454,95,2
경기도,포천시,신북면,"10,862",334,620,924,"1,003","1,079","1,980","2,746","1,427",636,110,3
경기도,포천시,창수면,"1,897",20,51,108,90,115,311,568,378,227,28,1
경기도,포천시,영중면,"4,393",68,195,257,271,360,708,"1,223",787,458,65,1
경기도,포천시,일동면,"8,629",266,598,662,726,939,"1,279","1,944","1,342",715,152,6
경기도,포천시,이동면,"5,511",297,252,677,810,473,603,"1,146",747,423,81,2
경기도,포천시,영북면,"7,191",409,387,693,840,658,894,"1,544",996,646,119,5
경기도,포천시,관인면,"2,395",27,86,111,120,141,379,691,485,311,42,2
경기도,포천시,화현면,"2,353",81,110,177,256,221,318,572,372,202,44,0
경기도,포천시,포천동,"19,082",865,"1,466","2,065","2,258","2,233","3,556","3,752","1,850",889,145,3
경기도,포천시,선단동,"13,973",407,858,"1,551","1,289","1,580","2,998","3,173","1,366",633,115,3
경기도,여주시,,"113,348","4,970","8,851","9,499","11,182","14,277","19,689","22,917","14,161","6,501","1,268",33
경기도,여주시,가남읍,"13,897",447,968,"1,139","1,327","1,784","2,512","2,919","1,832",817,151,1
경기도,여주시,점동면,"4,549",129,207,244,292,356,754,"1,176",878,417,95,1
경기도,여주시,흥천면,"4,811",97,222,257,293,412,750,"1,325",927,427,99,2
경기도,여주시,금사면,"2,788",45,102,116,139,201,451,825,601,260,45,3
경기도,여주시,세종대왕면,"5,539",127,290,299,348,526,828,"1,483",980,527,130,1
경기도,여주시,대신면,"6,378",108,307,379,368,478,940,"1,730","1,250",655,154,9
경기도,여주시,북내면,"4,477",75,222,279,249,334,825,"1,210",742,450,91,0
경기도,여주시,강천면,"4,240",68,191,242,274,384,762,"1,117",754,363,82,3
경기도,여주시,산북면,"2,464",57,212,145,142,225,364,605,433,234,46,1
경기도,여주시,여흥동,"20,576",723,"1,624","2,234","2,092","2,622","3,827","4,066","2,252",976,153,7
경기도,여주시,중앙동,"25,350","1,909","2,604","2,539","3,487","3,924","4,348","3,564","2,063",780,131,1
경기도,여주시,오학동,"18,279","1,185","1,902","1,626","2,171","3,031","3,328","2,897","1,449",595,91,4
경기도,연천군,,"43,143","1,821","2,766","4,428","4,260","4,222","6,437","9,229","6,023","3,335",612,10
경기도,연천군,연천읍,"8,265",553,416,"1,127","1,241",747,"1,030","1,413","1,002",621,113,2
경기도,연천군,전곡읍,"19,618","1,035","1,782","2,092","2,148","2,434","3,193","3,639","2,060","1,023",209,3
경기도,연천군,군남면,"2,945",39,115,236,151,190,423,806,598,328,57,2
경기도,연천군,청산면,"3,890",82,150,441,263,315,566,995,644,367,66,1
경기도,연천군,백학면,"2,470",39,108,150,142,190,391,675,442,291,42,0
경기도,연천군,미산면,"1,698",26,44,88,105,91,250,558,343,161,32,0
경기도,연천군,왕징면,977,11,32,40,48,60,138,239,253,132,24,0
경기도,연천군,신서면,"2,388",24,86,200,109,141,313,638,502,323,50,2
경기도,연천군,중면,162,2,7,18,14,11,25,46,25,9,5,0
경기도,연천군,장남면,730,10,26,36,39,43,108,220,154,80,14,0
경기도,가평군,,"62,046","2,374","4,081","5,101","5,351","6,673","10,285","13,935","9,058","4,368",795,25
경기도,가평군,가평읍,"21,115","1,001","1,727","1,905","2,177","2,584","3,567","4,077","2,497","1,356",214,10
경기도,가평군,설악면,"10,024",421,671,911,725,"1,019","1,538","2,355","1,539",703,139,3
경기도,가평군,청평면,"13,080",324,734,"1,010",882,"1,392","2,413","2,962","2,170","1,002",183,8
경기도,가평군,상면,"5,380",96,190,330,360,406,864,"1,608","1,003",439,84,0
경기도,가평군,조종면,"8,980",476,605,770,"1,029","1,002","1,364","1,941","1,169",519,103,2
경기도,가평군,북면,"3,467",56,154,175,178,270,539,992,680,349,72,2
경기도,양평군,,"127,137","5,384","10,107","8,786","10,394","14,974","21,041","27,941","18,491","8,347","1,634",38
경기도,양평군,양평읍,"38,413","2,270","3,790","3,509","4,196","5,360","6,666","6,667","3,939","1,698",311,7
경기도,양평군,강상면,"10,089",550,881,659,738,"1,409","1,664","2,126","1,390",572,98,2
경기도,양평군,강하면,"4,734",132,164,252,295,391,737,"1,351",978,361,69,4
경기도,양평군,양서면,"14,028",490,"1,124",944,"1,037","1,565","2,377","3,231","2,158",927,171,4
경기도,양평군,옥천면,"7,913",286,541,477,635,907,"1,274","1,900","1,238",547,107,1
경기도,양평군,서종면,"9,812",382,855,525,636,"1,268","1,764","2,182","1,531",558,108,3
경기도,양평군,단월면,"3,823",56,213,166,210,354,609,"1,065",730,356,62,2
경기도,양평군,청운면,"3,642",52,118,151,181,270,562,"1,045",764,400,94,5
경기도,양평군,양동면,"4,421",78,173,190,251,319,620,"1,319",920,451,98,2
경기도,양평군,지평면,"6,528",146,287,308,326,516,967,"1,896","1,298",626,156,2
경기도,양평군,용문면,"18,748",827,"1,677","1,336","1,616","2,137","3,013","3,835","2,629","1,405",268,5
경기도,양평군,개군면,"4,986",115,284,269,273,478,788,"1,324",916,446,92,1
강원특별자치도,,,"1,506,662","78,507","124,275","144,595","159,391","191,823","254,073","281,872","167,189","88,669","15,802",466
동해출장소,,,0,0,0,0,0,0,0,0,0,0,0,0
강원특별자치도,춘천시,시 ,"284,783","16,775","25,540","34,226","34,978","38,274","45,794","45,581","26,130","14,675","2,745",65
강원특별자치도,춘천시,신북읍,"6,779",171,288,457,581,607,"1,092","1,704","1,035",678,165,1
강원특별자치도,춘천시,동면,"18,516","1,122","2,536","1,715","1,682","2,952","3,179","2,942","1,522",696,166,4
강원특별자치도,춘천시,동산면,"1,327",18,39,76,89,80,175,399,267,160,24,0
강원특별자치도,춘천시,신동면,"2,526",59,145,142,162,220,444,665,393,241,52,3
강원특별자치도,춘천시,남면,"1,001",7,24,29,39,68,144,312,224,123,29,2
강원특별자치도,춘천시,서면,"3,513",46,115,156,192,234,505,"1,057",682,396,126,4
강원특별자치도,춘천시,사북면,"2,242",39,95,99,87,137,322,691,450,263,58,1
강원특별자치도,춘천시,북산면,924,7,13,18,23,33,128,335,226,124,16,1
강원특별자치도,춘천시,동내면,"22,955","1,582","2,183","2,395","3,289","3,459","4,028","3,382","1,635",823,176,3
강원특별자치도,춘천시,남산면,"3,227",57,109,136,174,294,483,912,671,320,67,4
강원특별자치도,춘천시,교동,"3,855",68,148,"1,313",375,296,447,535,385,244,44,0
강원특별자치도,춘천시,조운동,"2,408",63,87,273,275,237,388,440,350,241,52,2
강원특별자치도,춘천시,약사명동,"5,271",526,437,421,885,826,717,685,455,272,45,2
강원특별자치도,춘천시,근화동,"8,833",769,736,883,"1,624","1,200","1,187","1,201",696,468,68,1
강원특별자치도,춘천시,소양동,"10,673",784,932,"1,122","1,677","1,536","1,627","1,560",869,486,78,2
강원특별자치도,춘천시,후평1동,"10,757",286,669,"1,589","1,293","1,159","1,662","1,916","1,302",759,121,1
강원특별자치도,춘천시,후평2동,"13,468",857,"1,301","1,701","1,908","1,852","2,083","1,900","1,050",675,139,2
강원특별자치도,춘천시,후평3동,"18,739","1,093","1,714","1,982","2,333","2,581","3,053","2,977","1,822","1,011",166,7
강원특별자치도,춘천시,효자1동,"3,879",194,315,357,415,499,658,697,403,275,63,3
강원특별자치도,춘천시,효자2동,"12,286",227,587,"3,815","1,224","1,156","1,542","1,634","1,168",819,112,2
강원특별자치도,춘천시,효자3동,"4,282",107,201,"1,144",522,395,517,643,425,287,39,2
강원특별자치도,춘천시,석사동,"31,952","1,438","3,295","4,660","3,498","4,163","5,862","4,812","2,555","1,408",257,4
강원특별자치도,춘천시,퇴계동,"44,921","2,803","4,865","4,942","5,361","6,689","7,812","6,737","3,478","1,866",364,4
강원특별자치도,춘천시,강남동,"25,503","2,029","2,274","2,505","3,394","4,027","4,167","3,930","2,078",951,145,3
강원특별자치도,춘천시,신사우동,"24,946","2,423","2,432","2,296","3,876","3,574","3,572","3,515","1,989","1,089",173,7
강원특별자치도,원주시,시 ,"365,379","23,255","34,479","37,980","47,557","53,301","62,035","59,082","29,820","14,954","2,852",64
강원특별자치도,원주시,문막읍,"16,686",630,"1,261","1,588","1,531","2,136","3,239","3,309","1,819",999,173,1
강원특별자치도,원주시,소초면,"7,753",217,307,749,681,600,"1,247","2,105","1,144",583,116,4
강원특별자치도,원주시,호저면,"3,155",65,111,160,163,239,492,908,599,330,86,2
강원특별자치도,원주시,지정면,"33,007","4,411","4,036","2,160","6,461","7,043","3,780","3,202","1,281",515,113,5
강원특별자치도,원주시,부론면,"2,130",24,83,150,74,103,265,654,441,280,55,1
강원특별자치도,원주시,귀래면,"2,056",28,58,75,76,124,286,684,440,237,47,1
강원특별자치도,원주시,흥업면,"9,527",323,674,"1,592",805,"1,039","1,488","1,978","1,002",523,101,2
강원특별자치도,원주시,판부면,"7,856",343,609,873,"1,127","1,016","1,510","1,408",601,293,74,2
강원특별자치도,원주시,신림면,"3,490",41,110,112,130,220,548,"1,176",714,369,69,1
강원특별자치도,원주시,중앙동,"2,054",27,60,93,106,173,334,575,356,259,69,2
강원특별자치도,원주시,원인동,"5,415",271,341,569,789,641,925,"1,040",505,279,54,1
강원특별자치도,원주시,개운동,"11,419",352,960,"1,066","1,120","1,258","2,015","2,348","1,348",797,155,0
강원특별자치도,원주시,명륜1동,"7,336",175,543,688,653,777,"1,277","1,655",940,524,102,2
강원특별자치도,원주시,명륜2동,"17,645",965,"1,607","1,858","2,275","2,224","3,162","3,072","1,568",774,138,2
강원특별자치도,원주시,단구동,"42,084","2,158","4,197","5,314","5,443","6,210","8,096","6,093","2,844","1,465",256,8
강원특별자치도,원주시,일산동,"7,887",233,454,"1,350","1,006",722,"1,173","1,395",920,535,97,2
강원특별자치도,원주시,학성동,"4,003",93,189,344,317,417,695,912,610,343,82,1
강원특별자치도,원주시,단계동,"26,120","1,572","1,923","2,855","4,020","3,490","4,314","4,783","2,126",876,158,3
강원특별자치도,원주시,우산동,"12,899",558,"1,184","1,936","1,340","1,756","2,242","2,090","1,126",574,90,3
강원특별자치도,원주시,태장1동,"12,228",780,"1,066","1,120","1,591","1,678","2,121","2,047","1,197",554,72,2
강원특별자치도,원주시,태장2동,"23,996","1,129","2,121","2,208","2,683","3,242","4,562","4,487","2,293","1,062",207,2
강원특별자치도,원주시,봉산동,"6,891",146,403,551,522,640,"1,193","1,649","1,032",618,133,4
강원특별자치도,원주시,행구동,"8,135",419,732,826,758,"1,069","1,583","1,538",721,414,73,2
강원특별자치도,원주시,무실동,"38,552","3,110","4,897","4,250","5,309","6,741","6,415","4,616","2,186",865,157,6
강원특별자치도,원주시,반곡관설동,"53,055","5,185","6,553","5,493","8,577","9,743","9,073","5,358","2,007",886,175,5
강원특별자치도,강릉시,시 ,"205,440","9,840","16,304","19,641","20,692","26,495","36,030","37,586","23,861","12,622","2,300",69
강원특별자치도,강릉시,주문진읍,"15,080",447,802,879,"1,050","1,601","2,564","3,467","2,642","1,402",221,5
강원특별자치도,강릉시,성산면,"3,310",76,159,176,181,259,602,887,571,300,91,8
강원특별자치도,강릉시,왕산면,"1,473",23,28,38,75,79,205,486,341,172,25,1
강원특별자치도,강릉시,구정면,"4,023",106,269,240,224,419,690,"1,038",593,359,81,4
강원특별자치도,강릉시,강동면,"3,612",54,121,192,218,283,581,951,694,426,90,2
강원특별자치도,강릉시,옥계면,"3,157",48,114,163,162,241,524,886,592,355,69,3
강원특별자치도,강릉시,사천면,"5,217",135,262,370,402,600,941,"1,302",735,389,77,4
강원특별자치도,강릉시,연곡면,"6,289",194,367,363,452,741,"1,059","1,523","1,043",455,92,0
강원특별자치도,강릉시,홍제동,"13,874",855,"1,194","1,332","1,745","2,012","2,420","2,161","1,314",704,132,5
강원특별자치도,강릉시,중앙동,"3,959",78,206,374,308,411,611,777,711,404,76,3
강원특별자치도,강릉시,옥천동,"2,898",38,121,228,206,303,514,608,498,325,55,2
강원특별자치도,강릉시,교1동,"27,445","1,690","2,899","3,476","2,958","4,005","4,936","3,757","2,245","1,254",216,9
강원특별자치도,강릉시,교2동,"10,411",655,949,987,"1,254","1,468","1,769","1,675","1,054",521,75,4
강원특별자치도,강릉시,포남1동,"10,263",278,620,993,"1,059","1,174","1,811","2,047","1,461",721,99,0
강원특별자치도,강릉시,포남2동,"11,032",319,705,"1,003","1,079","1,306","1,940","2,412","1,472",663,129,4
강원특별자치도,강릉시,초당동,"4,075",164,305,387,396,483,743,847,460,243,47,0
강원특별자치도,강릉시,송정동,"9,361",677,776,822,"1,147","1,348","1,622","1,626",893,372,77,1
강원특별자치도,강릉시,내곡동,"17,929","1,191","1,580","2,106","2,250","2,741","3,059","2,693","1,473",714,120,2
강원특별자치도,강릉시,강남동,"15,419",504,"1,023","1,364","1,353","1,668","2,719","3,036","2,153","1,342",250,7
강원특별자치도,강릉시,성덕동,"25,087","1,464","2,582","2,602","2,782","3,505","4,828","3,863","2,145","1,102",210,4
강원특별자치도,강릉시,경포동,"11,526",844,"1,222","1,546","1,391","1,848","1,892","1,544",771,399,68,1
강원특별자치도,동해시,시 ,"85,534","4,444","7,772","7,242","8,045","11,591","15,729","15,241","9,811","4,864",777,18
강원특별자치도,동해시,천곡동,"28,329","1,652","2,891","2,597","2,927","4,110","4,987","4,976","2,918","1,088",180,3
강원특별자치도,동해시,송정동,"3,318",51,172,436,248,298,538,704,519,285,65,2
강원특별자치도,동해시,북삼동,"21,291","1,284","2,418","2,125","2,330","3,255","4,366","3,031","1,603",763,115,1
강원특별자치도,동해시,부곡동,"4,372",85,254,285,247,455,812,987,770,415,59,3
강원특별자치도,동해시,동호동,"4,508",157,348,290,335,551,822,956,670,342,34,3
강원특별자치도,동해시,발한동,"2,758",49,100,133,150,229,437,657,575,372,54,2
강원특별자치도,동해시,묵호동,"2,584",47,102,121,110,255,454,558,560,340,37,0
강원특별자치도,동해시,북평동,"12,947","1,020","1,229",974,"1,395","1,969","2,355","2,068","1,204",603,127,3
강원특별자치도,동해시,망상동,"3,070",68,155,161,182,287,536,705,548,377,51,0
강원특별자치도,동해시,삼화동,"2,357",31,103,120,121,182,422,599,444,279,55,1
강원특별자치도,태백시,시 ,"36,680","1,374","3,128","2,579","2,671","4,637","6,578","7,305","5,444","2,599",350,15
강원특별자치도,태백시,황지동,"7,574",491,720,578,860,"1,133","1,253","1,286",847,350,52,4
강원특별자치도,태백시,황연동,"3,545",63,217,191,179,361,610,895,686,305,35,3
강원특별자치도,태백시,삼수동,"4,680",139,369,265,245,601,839,947,826,406,41,2
강원특별자치도,태백시,상장동,"11,260",503,"1,273","1,043",874,"1,719","2,320","1,783","1,154",520,69,2
강원특별자치도,태백시,문곡소도동,"3,125",62,163,181,180,308,548,793,608,241,40,1
강원특별자치도,태백시,장성동,"2,881",79,149,171,178,247,479,722,495,305,55,1
강원특별자치도,태백시,구문소동,"2,056",21,187,77,77,148,286,502,464,260,33,1
강원특별자치도,태백시,철암동,"1,559",16,50,73,78,120,243,377,364,212,25,1
강원특별자치도,속초시,시 ,"78,788","4,013","6,460","6,488","8,643","10,514","14,116","15,060","8,688","4,087",695,24
강원특별자치도,속초시,영랑동,"4,312",130,205,300,386,473,776,"1,034",650,295,60,3
강원특별자치도,속초시,동명동,"5,205",353,429,370,559,784,867,982,566,247,48,0
강원특별자치도,속초시,금호동,"5,635",225,358,382,503,659,908,"1,241",862,415,75,7
강원특별자치도,속초시,교동,"8,372",282,631,748,825,940,"1,506","1,764","1,088",502,83,3
강원특별자치도,속초시,노학동,"19,542",806,"1,720","1,665","1,938","2,495","3,774","3,873","2,079","1,004",181,7
강원특별자치도,속초시,조양동,"28,390","1,955","2,772","2,554","3,756","4,275","5,088","4,468","2,327","1,040",152,3
강원특별자치도,속초시,청호동,"4,568",214,247,350,489,647,718,949,588,304,61,1
강원특별자치도,속초시,대포동,"2,764",48,98,119,187,241,479,749,528,280,35,0
강원특별자치도,삼척시,시 ,"60,041","2,629","4,486","5,691","4,593","6,679","10,330","12,131","8,085","4,491",899,27
강원특별자치도,삼척시,도계읍,"8,364",134,736,"1,455",290,614,"1,239","1,803","1,251",723,115,4
강원특별자치도,삼척시,원덕읍,"3,060",60,90,148,170,268,543,778,565,358,79,1
강원특별자치도,삼척시,원덕읍임원출장소,"1,428",24,46,58,57,112,260,367,296,164,42,2
강원특별자치도,삼척시,근덕면,"4,502",51,104,193,200,286,762,"1,263",859,628,148,8
강원특별자치도,삼척시,하장면,"1,150",8,24,33,34,74,205,390,244,115,23,0
강원특별자치도,삼척시,노곡면,683,9,10,10,10,29,113,242,142,90,26,2
강원특별자치도,삼척시,미로면,"1,672",16,31,50,53,109,290,482,363,216,62,0
강원특별자치도,삼척시,가곡면,632,11,24,21,11,38,112,175,152,67,20,1
강원특별자치도,삼척시,신기면,611,7,5,18,17,36,106,199,126,79,17,1
강원특별자치도,삼척시,남양동,"6,351",141,360,450,421,590,"1,032","1,480","1,164",605,105,3
강원특별자치도,삼척시,교동,"15,156","1,237","1,659","1,835","1,832","2,371","2,791","1,943",989,426,72,1
강원특별자치도,삼척시,정라동,"9,473",663,828,846,999,"1,317","1,722","1,553",965,492,88,0
강원특별자치도,삼척시,성내동,"6,959",268,569,574,499,835,"1,155","1,456",969,528,102,4
강원특별자치도,홍천군,군 ,"65,817","2,646","4,315","4,646","5,384","6,608","10,493","16,007","9,732","4,948","1,004",34
강원특별자치도,홍천군,홍천읍,"33,299","1,944","3,088","3,102","3,652","4,366","5,732","6,024","3,313","1,737",330,11
강원특별자치도,홍천군,화촌면,"4,099",66,90,203,205,244,553,"1,294",919,412,108,5
강원특별자치도,홍천군,두촌면,"2,382",32,75,104,95,140,325,742,519,279,66,5
강원특별자치도,홍천군,내촌면,"2,359",29,65,62,76,124,337,826,519,268,52,1
강원특별자치도,홍천군,서석면,"3,564",80,161,150,183,260,559,"1,077",691,337,63,3
강원특별자치도,홍천군,영귀미면,"4,023",64,157,123,166,282,636,"1,262",853,401,78,1
강원특별자치도,홍천군,남면,"5,456",226,268,502,486,383,698,"1,417",886,492,98,0
강원특별자치도,홍천군,서면,"3,794",85,118,130,220,307,555,"1,206",746,344,81,2
강원특별자치도,홍천군,북방면,"3,990",60,179,183,190,306,626,"1,185",739,428,91,3
강원특별자치도,홍천군,내면,"2,851",60,114,87,111,196,472,974,547,250,37,3
강원특별자치도,횡성군,군 ,"45,465","1,494","3,167","2,707","2,755","4,137","7,262","12,018","7,384","3,815",708,18
강원특별자치도,횡성군,횡성읍,"20,194","1,072","1,840","1,716","1,716","2,505","3,522","3,943","2,325","1,328",220,7
강원특별자치도,횡성군,우천면,"4,276",65,159,265,196,254,690,"1,332",804,427,83,1
강원특별자치도,횡성군,안흥면,"3,114",50,533,85,108,148,341,935,565,283,65,1
강원특별자치도,횡성군,둔내면,"5,897",161,291,285,309,535,986,"1,724","1,007",509,85,5
강원특별자치도,횡성군,갑천면,"2,492",27,59,88,93,148,366,872,520,270,47,2
강원특별자치도,횡성군,청일면,"2,386",24,64,49,80,122,349,858,521,262,57,0
강원특별자치도,횡성군,공근면,"3,359",38,98,113,129,188,474,"1,135",755,347,80,2
강원특별자치도,횡성군,서원면,"2,005",38,65,48,78,150,263,662,453,207,41,0
강원특별자치도,횡성군,강림면,"1,742",19,58,58,46,87,271,557,434,182,30,0
강원특별자치도,영월군,군 ,"35,651","1,150","2,360","2,282","2,194","3,488","6,057","8,813","5,685","3,088",520,14
강원특별자치도,영월군,영월읍,"19,150",853,"1,703","1,658","1,562","2,371","3,444","3,707","2,329","1,307",212,4
강원특별자치도,영월군,상동읍,987,14,59,37,35,69,168,262,194,126,22,1
강원특별자치도,영월군,산솔면,"1,334",24,45,54,35,90,197,423,269,174,22,1
강원특별자치도,영월군,김삿갓면,"1,758",32,72,63,65,120,302,578,338,147,41,0
강원특별자치도,영월군,북면,"1,922",39,75,57,78,144,313,577,393,211,35,0
강원특별자치도,영월군,남면,"2,066",27,71,77,77,153,295,655,439,230,38,4
강원특별자치도,영월군,한반도면,"1,114",37,35,53,68,71,177,354,187,120,12,0
강원특별자치도,영월군,한반도면쌍용출장소,"1,437",34,50,52,61,111,236,376,306,183,27,1
강원특별자치도,영월군,주천면,"3,774",62,179,170,136,237,591,"1,163",756,398,80,2
강원특별자치도,영월군,무릉도원면,"2,109",28,71,61,77,122,334,718,474,192,31,1
강원특별자치도,평창군,군 ,"39,849","1,192","2,447","2,622","2,512","3,943","7,061","10,152","6,266","3,166",472,16
강원특별자치도,평창군,평창읍,"8,272",291,625,592,618,818,"1,422","1,966","1,218",613,105,4
강원특별자치도,평창군,미탄면,"1,462",18,44,60,48,86,274,466,301,146,18,1
강원특별자치도,평창군,방림면,786,8,28,33,23,55,112,274,157,87,9,0
강원특별자치도,평창군,방림면계촌출장소,"1,729",46,51,68,83,122,260,579,336,159,25,0
강원특별자치도,평창군,대화면,"4,886",120,279,273,234,436,848,"1,276",877,462,81,0
강원특별자치도,평창군,봉평면,"5,546",174,368,333,341,582,"1,086","1,402",857,353,50,0
강원특별자치도,평창군,용평면,"2,928",63,146,160,141,233,552,847,482,262,41,1
강원특별자치도,평창군,진부면,"8,348",271,572,601,467,893,"1,414","2,029","1,291",703,99,8
강원특별자치도,평창군,대관령면,"5,892",201,334,502,557,718,"1,093","1,313",747,381,44,2
강원특별자치도,정선군,군 ,"35,137","1,004","2,052","2,364","2,306","3,894","6,616","8,492","5,256","2,724",402,27
강원특별자치도,정선군,정선읍,"10,308",367,824,869,799,"1,236","2,004","2,135","1,237",710,119,8
강원특별자치도,정선군,고한읍,"4,730",218,222,412,541,837,796,836,619,229,20,0
강원특별자치도,정선군,사북읍,"4,389",143,328,301,285,552,896,"1,007",612,239,25,1
강원특별자치도,정선군,신동읍,"1,727",30,93,105,72,136,332,489,276,176,16,2
강원특별자치도,정선군,신동읍함백출장소,"1,524",22,80,87,72,139,269,408,276,155,16,0
강원특별자치도,정선군,남면,"3,182",80,146,160,178,390,603,844,541,207,30,3
강원특별자치도,정선군,북평면,"2,491",44,150,146,112,208,458,646,434,249,38,6
강원특별자치도,정선군,임계면,"3,351",43,99,124,126,206,601,"1,060",614,404,69,5
강원특별자치도,정선군,화암면,"1,534",22,54,74,51,79,300,507,269,148,30,0
강원특별자치도,정선군,여량면,"1,901",35,56,86,70,111,357,560,378,207,39,2
강원특별자치도,철원군,군 ,"39,598","2,197","2,965","3,930","4,107","4,339","6,090","7,679","4,851","3,003",421,16
강원특별자치도,철원군,철원읍,"4,682",260,330,456,471,488,779,885,582,372,57,2
강원특별자치도,철원군,김화읍,"2,938",200,209,309,388,302,332,579,331,240,45,3
강원특별자치도,철원군,갈말읍,"11,361",626,850,"1,213","1,196","1,308","1,812","2,146","1,341",769,96,4
강원특별자치도,철원군,동송읍,"13,764",795,"1,143","1,259","1,349","1,590","2,160","2,662","1,644","1,019",139,4
강원특별자치도,철원군,서면,"1,608",67,69,256,227,129,187,299,209,139,24,2
강원특별자치도,철원군,서면와수출장소,"3,334",168,285,270,283,387,562,665,409,271,33,1
강원특별자치도,철원군,근남면,"1,824",81,77,165,192,128,241,429,313,172,26,0
강원특별자치도,철원군,근북면,87,0,2,2,1,7,17,14,22,21,1,0
강원특별자치도,화천군,군 ,"22,908","1,195","1,618","2,897","2,534","2,228","3,305","4,539","2,629","1,667",280,16
강원특별자치도,화천군,화천읍,"8,203",525,740,938,979,975,"1,252","1,397",791,528,74,4
강원특별자치도,화천군,간동면,"2,523",44,93,177,114,131,449,745,438,278,50,4
강원특별자치도,화천군,하남면,"2,842",112,214,221,217,303,500,641,341,242,48,3
강원특별자치도,화천군,상서면,"3,568",146,135,828,439,227,404,653,418,268,48,2
강원특별자치도,화천군,사내면,"5,772",368,436,733,785,592,700,"1,103",641,351,60,3
강원특별자치도,양구군,군 ,"20,354","1,161","1,828","2,112","2,178","2,249","3,007","3,995","2,221","1,362",239,2
강원특별자치도,양구군,양구읍,"12,999","1,009","1,542","1,247","1,598","1,734","1,878","2,140","1,124",622,103,2
강원특별자치도,양구군,국토정중앙면,"3,243",54,139,423,210,240,506,809,477,330,55,0
강원특별자치도,양구군,동면,"1,794",67,43,225,204,106,247,433,239,191,39,0
강원특별자치도,양구군,방산면,"1,121",13,51,152,85,66,153,286,184,111,20,0
강원특별자치도,양구군,해안면,"1,197",18,53,65,81,103,223,327,197,108,22,0
강원특별자치도,인제군,군 ,"30,692","1,878","2,095","3,249","3,723","3,586","4,532","6,187","3,303","1,811",314,14
강원특별자치도,인제군,인제읍,"9,705",788,890,829,"1,202","1,413","1,489","1,653",890,479,68,4
강원특별자치도,인제군,인제읍귀둔출장소,459,9,20,20,16,32,95,138,70,49,10,0
강원특별자치도,인제군,남면,"3,666",180,147,419,519,392,487,775,455,229,61,2
강원특별자치도,인제군,북면,"7,608",356,600,801,697,863,"1,256","1,655",804,496,76,4
강원특별자치도,인제군,기린면,"4,893",279,256,454,670,553,706,"1,094",534,287,58,2
강원특별자치도,인제군,서화면,"2,350",160,86,471,379,181,241,420,249,138,24,1
강원특별자치도,인제군,상남면,"2,011",106,96,255,240,152,258,452,301,133,17,1
강원특별자치도,고성군,군 ,"27,196","1,193","1,577","2,155","2,480","2,771","4,477","5,902","3,842","2,401",384,14
강원특별자치도,고성군,간성읍,"7,344",578,590,784,"1,034",838,"1,029","1,210",728,465,84,4
강원특별자치도,고성군,거진읍,"5,371",91,247,299,261,412,885,"1,348","1,007",693,123,5
강원특별자치도,고성군,현내면,"2,014",32,73,77,95,136,292,559,439,268,42,1
강원특별자치도,고성군,죽왕면,"3,173",60,131,216,200,291,527,796,526,366,58,2
강원특별자치도,고성군,토성면,"9,294",432,536,779,890,"1,094","1,744","1,989","1,142",609,77,2
강원특별자치도,양양군,군 ,"27,350","1,067","1,682","1,784","2,039","3,089","4,561","6,102","4,181","2,392",440,13
강원특별자치도,양양군,양양읍,"12,679",709,"1,078","1,037","1,183","1,711","2,199","2,327","1,500",789,142,4
강원특별자치도,양양군,서면,"2,566",45,115,138,105,215,435,672,488,306,46,1
강원특별자치도,양양군,손양면,"2,126",41,89,114,153,164,346,543,364,269,42,1
강원특별자치도,양양군,현북면,"2,621",71,92,122,161,271,374,713,489,278,48,2
강원특별자치도,양양군,현남면,"2,883",73,104,129,139,313,417,687,596,335,86,4
강원특별자치도,양양군,강현면,"4,475",128,204,244,298,415,790,"1,160",744,415,76,1
충청북도,,,"1,601,367","90,695","142,876","164,199","195,186","219,747","269,821","272,836","154,898","76,057","14,736",316
충청북도,청주시,,"860,215","57,198","84,444","101,180","124,385","129,690","142,263","122,527","63,907","29,044","5,472",105
충청북도,청주시,상당구 ,"192,578","12,302","19,408","19,079","23,680","28,322","33,183","30,691","16,635","7,805","1,445",28
충청북도,청주시,상당구 낭성면,"2,050",29,53,68,109,124,294,632,433,247,59,2
충청북도,청주시,상당구 미원면,"4,381",52,114,168,210,297,627,"1,298",975,514,124,2
충청북도,청주시,상당구 가덕면,"3,536",42,108,136,182,229,606,"1,097",696,355,85,0
충청북도,청주시,상당구 남일면,"6,332",262,363,505,589,625,998,"1,545",874,455,115,1
충청북도,청주시,상당구 문의면,"3,441",33,119,197,137,235,560,938,680,425,116,1
충청북도,청주시,상당구 중앙동,"6,218",290,427,725,874,729,"1,026",946,701,423,74,3
충청북도,청주시,상당구 성안동,"6,078",196,284,601,697,691,935,"1,187",899,492,96,0
충청북도,청주시,상당구 탑대성동,"11,053",571,808,"1,080","1,378","1,293","1,946","1,887","1,285",682,121,2
충청북도,청주시,상당구 영운동,"9,404",323,614,863,930,"1,162","1,744","1,872","1,231",575,87,3
충청북도,청주시,상당구 금천동,"28,165","1,478","3,182","2,981","2,915","4,184","5,351","4,268","2,519","1,116",166,5
충청북도,청주시,상당구 용담.명암.산성동,"12,222",833,"1,898","1,165","1,114","2,166","2,250","1,565",840,343,47,1
충청북도,청주시,상당구 용암1동,"55,333","4,002","6,470","5,977","7,527","9,160","9,701","7,651","3,289","1,328",224,4
충청북도,청주시,상당구 용암2동,"44,365","4,191","4,968","4,613","7,018","7,427","7,145","5,805","2,213",850,131,4
충청북도,청주시,서원구 ,"187,612","9,743","17,134","24,367","23,119","24,791","33,508","29,891","16,258","7,430","1,343",28
충청북도,청주시,서원구 남이면,"9,575",405,515,724,958,977,"1,890","2,296","1,133",556,117,4
충청북도,청주시,서원구 현도면,"2,887",40,82,122,147,185,452,790,561,402,104,2
충청북도,청주시,서원구 사직1동,"3,804",150,232,326,390,438,707,791,477,250,43,0
충청북도,청주시,서원구 사직2동,"10,596",877,"1,150",939,"1,341","1,557","1,628","1,710",957,366,69,2
충청북도,청주시,서원구 사창동,"13,814",356,768,"3,247","2,027","1,581","1,839","1,875","1,364",674,83,0
충청북도,청주시,서원구 모충동,"21,524","1,865","1,489","2,878","3,728","2,754","2,980","3,137","1,777",775,140,1
충청북도,청주시,서원구 산남동,"24,052","1,298","3,116","2,992","2,703","3,819","4,933","3,117","1,375",587,111,1
충청북도,청주시,서원구 분평동,"26,790","1,245","2,999","3,291","2,859","3,542","5,787","3,963","1,913","1,002",182,7
충청북도,청주시,서원구 수곡1동,"12,187",296,705,"1,559","1,247","1,266","2,091","2,506","1,633",749,131,4
충청북도,청주시,서원구 수곡2동,"14,344",567,"1,082","1,319","1,511","1,625","2,494","3,053","1,758",800,132,3
충청북도,청주시,서원구 성화.개신.죽림동,"48,039","2,644","4,996","6,970","6,208","7,047","8,707","6,653","3,310","1,269",231,4
충청북도,청주시,흥덕구 ,"294,300","23,113","27,934","36,045","51,043","46,175","46,512","37,251","17,564","7,217","1,418",28
충청북도,청주시,흥덕구 오송읍,"49,604","5,437","4,124","5,666","12,075","7,997","6,487","4,659","2,070",904,182,3
충청북도,청주시,흥덕구 강내면,"10,617",445,937,"1,300","1,074","1,335","1,865","1,989","1,080",475,114,3
충청북도,청주시,흥덕구 옥산면,"16,819","1,583","1,425","1,204","2,589","2,766","2,608","2,644","1,301",570,126,3
충청북도,청주시,흥덕구 운천.신봉동,"13,281",417,969,"1,381","1,382","1,596","2,492","2,773","1,451",676,142,2
충청북도,청주시,흥덕구 복대1동,"50,891","4,508","6,416","5,834","8,399","9,464","8,445","4,818","2,029",838,139,1
충청북도,청주시,흥덕구 복대2동,"15,123",350,879,"3,185","2,019","1,578","2,287","2,557","1,532",643,91,2
충청북도,청주시,흥덕구 가경동,"52,328","3,584","5,978","5,767","6,567","8,154","9,715","7,815","3,337","1,181",224,6
충청북도,청주시,흥덕구 봉명1동,"12,632",886,693,"1,795","2,844","1,703","1,817","1,625",910,312,46,1
충청북도,청주시,흥덕구 봉명2.송정동,"24,519","1,112","1,939","3,548","4,655","3,643","4,219","3,300","1,447",571,83,2
충청북도,청주시,흥덕구 강서제1동,"29,994","1,836","2,595","4,389","5,053","4,457","4,868","3,865","1,919",806,201,5
충청북도,청주시,흥덕구 강서제2동,"18,492","2,955","1,979","1,976","4,386","3,482","1,709","1,206",488,241,70,0
충청북도,청주시,청원구 ,"185,725","12,040","19,968","21,689","26,543","30,402","29,060","24,694","13,450","6,592","1,266",21
충청북도,청주시,청원구 내수읍,"18,414",756,"1,531","1,932","1,875","2,235","3,530","3,563","1,789",991,208,4
충청북도,청주시,청원구 오창읍,"67,657","6,318","8,851","6,874","12,287","13,751","9,378","5,729","2,941","1,251",273,4
충청북도,청주시,청원구 북이면,"3,922",45,121,180,223,283,611,"1,098",758,482,120,1
충청북도,청주시,청원구 우암동,"12,136",304,772,"2,398","1,433","1,241","1,696","1,994","1,384",782,131,1
충청북도,청주시,청원구 내덕1동,"7,500",165,415,715,685,802,"1,336","1,543","1,120",630,87,2
충청북도,청주시,청원구 내덕2동,"12,572",542,"1,016","1,932","1,427","1,632","2,034","2,025","1,238",635,89,2
충청북도,청주시,청원구 율량.사천동,"46,214","2,534","4,665","6,061","6,543","7,063","7,871","6,734","3,166","1,313",259,5
충청북도,청주시,청원구 오근장동,"17,310","1,376","2,597","1,597","2,070","3,395","2,604","2,008","1,054",508,99,2
충청북도,충주시,,"205,691","10,374","17,204","19,574","22,478","26,819","35,476","38,133","21,928","11,450","2,203",52
충청북도,충주시,주덕읍,"10,364",809,554,809,"1,716","1,406","1,756","1,865",860,483,104,2
충청북도,충주시,살미면,"1,855",27,39,51,70,87,281,623,411,218,44,4
충청북도,충주시,수안보면,"2,696",36,86,102,130,174,388,837,580,302,59,2
충청북도,충주시,대소원면,"9,842",548,530,"1,700","1,485","1,240","1,385","1,624",825,404,98,3
충청북도,충주시,신니면,"2,595",21,49,83,116,155,398,810,536,358,68,1
충청북도,충주시,노은면,"2,115",19,60,67,72,122,281,646,526,264,56,2
충청북도,충주시,앙성면,"3,699",33,89,144,165,198,616,"1,158",773,409,111,3
충청북도,충주시,중앙탑면,"14,627","1,760","1,615","1,072","3,053","2,733","1,769","1,469",743,335,78,0
충청북도,충주시,금가면,"3,742",214,213,643,490,357,499,632,415,236,43,0
충청북도,충주시,동량면,"3,291",74,116,146,162,193,544,936,622,402,92,4
충청북도,충주시,산척면,"2,091",16,56,83,92,133,317,632,429,253,80,0
충청북도,충주시,엄정면,"2,885",37,99,99,114,177,400,881,625,356,96,1
충청북도,충주시,소태면,"1,826",27,63,62,62,108,248,584,384,233,55,0
충청북도,충주시,성내.충인동,"2,385",66,135,180,172,239,398,500,390,251,54,0
충청북도,충주시,교현.안림동,"21,311",954,"2,087","1,926","1,883","2,883","4,002","4,014","2,140","1,177",236,9
충청북도,충주시,교현2동,"5,856",126,382,569,496,627,978,"1,184",891,510,93,0
충청북도,충주시,용산동,"13,497",608,"1,718","1,261","1,184","2,144","2,634","2,136","1,111",621,75,5
충청북도,충주시,지현동,"4,702",129,371,436,356,552,844,947,633,387,46,1
충청북도,충주시,문화동,"8,415",178,499,699,653,882,"1,480","1,826","1,417",657,121,3
충청북도,충주시,호암.직동,"21,946","1,972","2,708","2,248","3,381","3,881","3,488","2,527","1,194",466,81,0
충청북도,충주시,달천동,"4,156",45,140,920,242,314,617,941,537,341,58,1
충청북도,충주시,봉방동,"8,939",323,634,879,937,"1,097","1,694","1,740","1,091",482,61,1
충청북도,충주시,칠금.금릉동,"13,156",571,"1,293","1,374","1,301","1,677","2,757","2,334","1,161",589,97,2
충청북도,충주시,연수동,"33,702","1,501","3,098","3,405","3,529","4,647","6,448","6,220","3,139","1,466",241,8
충청북도,충주시,목행.용탄동,"5,998",280,570,616,617,793,"1,254","1,067",495,250,56,0
충청북도,제천시,,"127,898","5,798","10,814","12,547","11,351","14,874","22,006","25,456","15,927","7,764","1,326",35
충청북도,제천시,봉양읍,"6,415",139,274,311,354,438,"1,074","1,847","1,201",654,121,2
충청북도,제천시,금성면,"1,658",14,54,62,73,93,236,520,360,202,44,0
충청북도,제천시,청풍면,"1,211",17,40,36,50,65,196,395,254,132,26,0
충청북도,제천시,수산면,"1,969",16,44,47,64,98,288,692,440,239,40,1
충청북도,제천시,덕산면,"2,045",41,143,65,66,124,265,608,452,237,44,0
충청북도,제천시,한수면,638,8,19,28,24,57,107,189,127,67,12,0
충청북도,제천시,백운면,"3,252",48,124,105,124,164,488,"1,043",720,354,80,2
충청북도,제천시,송학면,"4,536",81,164,307,224,289,688,"1,321",917,457,87,1
충청북도,제천시,교동,"20,215","1,367","2,361","2,083","2,209","2,978","3,911","3,025","1,528",661,90,2
충청북도,제천시,의림지동,"9,389",448,936,"1,318",799,"1,186","1,736","1,590",894,409,66,7
충청북도,제천시,중앙동,"4,983",142,296,473,334,517,827,"1,040",856,435,62,1
충청북도,제천시,남현동,"4,370",107,256,383,346,396,686,997,792,366,38,3
충청북도,제천시,영서동,"9,402",527,844,767,846,"1,251","1,601","1,761","1,115",589,98,3
충청북도,제천시,용두동,"19,870","1,142","2,132","3,096","2,392","2,403","3,240","3,097","1,524",689,154,1
충청북도,제천시,신백동,"9,978",347,873,991,843,"1,185","1,998","1,941","1,143",563,90,4
충청북도,제천시,청전동,"13,971",355,847,"1,338","1,127","1,498","2,348","3,140","2,237",930,146,5
충청북도,제천시,화산동,"13,996",999,"1,407","1,137","1,476","2,132","2,317","2,250","1,367",780,128,3
충청북도,보은군,,"31,549",948,"1,781","1,875","1,917","2,756","4,914","8,046","5,436","3,087",777,12
충청북도,보은군,보은읍,"14,597",687,"1,195","1,130","1,167","1,642","2,511","3,040","1,965","1,005",252,3
충청북도,보은군,속리산면,"1,772",17,36,86,67,104,302,562,364,204,30,0
충청북도,보은군,장안면,"1,451",52,79,107,100,169,251,287,223,155,27,1
충청북도,보은군,마로면,"2,136",32,79,69,79,124,265,659,465,300,64,0
충청북도,보은군,탄부면,"1,619",25,33,66,64,95,219,445,360,249,62,1
충청북도,보은군,삼승면,"2,218",33,80,128,153,182,298,629,399,245,70,1
충청북도,보은군,수한면,"1,840",28,76,74,69,114,244,555,411,214,55,0
충청북도,보은군,회남면,731,6,31,16,18,35,97,231,196,79,22,0
충청북도,보은군,회인면,"1,749",26,79,48,72,91,208,556,383,212,70,4
충청북도,보은군,내북면,"1,679",16,47,85,61,95,243,508,328,231,65,0
충청북도,보은군,산외면,"1,757",26,46,66,67,105,276,574,342,193,60,2
충청북도,옥천군,,"50,730","1,640","3,498","3,808","3,505","5,261","8,693","11,500","7,887","4,009",908,21
충청북도,옥천군,옥천읍,"30,282","1,362","2,917","3,035","2,664","3,996","5,632","5,322","3,448","1,597",304,5
충청북도,옥천군,동이면,"3,055",44,95,98,146,193,518,946,588,330,93,4
충청북도,옥천군,안남면,"1,326",24,53,44,39,67,173,429,296,163,38,0
충청북도,옥천군,안내면,"1,876",24,48,75,50,106,275,529,456,251,62,0
충청북도,옥천군,청성면,"2,292",23,46,49,73,121,287,743,536,326,82,6
충청북도,옥천군,청산면,"2,849",29,85,93,98,160,427,827,663,381,83,3
충청북도,옥천군,이원면,"3,918",60,120,180,190,270,553,"1,128",855,444,117,1
충청북도,옥천군,군서면,"2,153",32,48,106,98,139,315,653,452,246,64,0
충청북도,옥천군,군북면,"2,979",42,86,128,147,209,513,923,593,271,65,2
충청북도,영동군,,"43,089","1,251","2,673","2,851","2,635","3,766","7,282","10,480","7,209","4,147",779,16
충청북도,영동군,영동읍,"19,215",891,"1,792","1,861","1,619","2,326","3,519","3,497","2,267","1,239",202,2
충청북도,영동군,용산면,"3,145",40,101,137,185,203,520,958,598,345,58,0
충청북도,영동군,황간면,"3,865",71,226,180,188,290,612,"1,055",759,410,70,4
충청북도,영동군,추풍령면,"2,084",41,81,84,77,130,335,585,462,229,59,1
충청북도,영동군,매곡면,"1,740",31,56,85,60,93,285,509,347,219,52,3
충청북도,영동군,상촌면,"2,142",22,73,62,77,100,315,629,517,289,57,1
충청북도,영동군,양강면,"2,903",45,114,179,148,189,479,838,511,333,66,1
충청북도,영동군,용화면,884,15,35,27,22,41,149,267,165,138,24,1
충청북도,영동군,학산면,"2,554",34,70,67,93,125,383,830,554,324,73,1
충청북도,영동군,양산면,"1,685",20,53,63,58,92,274,465,363,244,51,2
충청북도,영동군,심천면,"2,872",41,72,106,108,177,411,847,666,377,67,0
충청북도,증평군,,"36,777","2,125","3,411","3,502","4,465","5,232","6,172","6,172","3,618","1,743",330,7
충청북도,증평군,증평읍,"35,151","2,093","3,360","3,428","4,374","5,137","5,905","5,751","3,270","1,541",285,7
충청북도,증평군,도안면,"1,626",32,51,74,91,95,267,421,348,202,45,0
충청북도,진천군,,"85,649","5,525","8,405","7,228","10,639","13,631","14,672","13,724","7,236","3,765",805,19
충청북도,진천군,진천읍,"30,009","1,343","2,761","3,191","3,126","4,188","5,911","5,086","2,770","1,363",264,6
충청북도,진천군,덕산읍,"30,762","3,517","4,087","2,244","5,377","6,671","4,189","2,776","1,227",547,124,3
충청북도,진천군,덕산읍혁신도시출장소,0,0,0,0,0,0,0,0,0,0,0,0
충청북도,진천군,초평면,"2,849",51,107,160,126,222,452,755,535,357,83,1
충청북도,진천군,문백면,"3,382",53,140,161,240,264,566,971,553,340,93,1
충청북도,진천군,백곡면,"2,005",32,67,55,86,126,290,601,449,238,60,1
충청북도,진천군,이월면,"6,336",138,299,464,535,621,"1,141","1,626",903,491,114,4
충청북도,진천군,광혜원면,"10,306",391,944,953,"1,149","1,539","2,123","1,909",799,429,67,3
충청북도,괴산군,,"37,174",993,"1,719","2,052","2,083","3,060","6,099","10,274","6,646","3,539",695,14
충청북도,괴산군,괴산읍,"9,418",414,776,930,840,"1,163","1,662","1,762","1,186",576,104,5
충청북도,괴산군,감물면,"2,014",40,85,85,82,137,294,633,381,222,53,2
충청북도,괴산군,장연면,"1,955",29,64,61,78,118,308,669,389,202,37,0
충청북도,괴산군,연풍면,"2,223",36,62,88,83,146,333,685,471,272,46,1
충청북도,괴산군,칠성면,"3,198",91,116,160,161,261,585,894,529,336,65,0
충청북도,괴산군,문광면,"2,112",33,87,81,107,133,373,602,434,212,50,0
충청북도,괴산군,청천면,"5,274",93,177,181,199,334,839,"1,732","1,074",548,95,2
충청북도,괴산군,청안면,"3,390",105,103,153,160,226,530,"1,037",653,347,73,3
충청북도,괴산군,사리면,"2,605",51,78,134,154,175,433,713,509,298,60,0
충청북도,괴산군,소수면,"2,301",69,86,75,113,185,339,708,465,216,45,0
충청북도,괴산군,불정면,"2,684",32,85,104,106,182,403,839,555,310,67,1
충청북도,음성군,,"96,114","4,149","7,440","8,107","10,172","12,356","17,782","19,326","10,519","5,178","1,057",28
충청북도,음성군,음성읍,"15,292",475,"1,072","1,110","1,199","1,726","2,763","3,530","2,145","1,070",199,3
충청북도,음성군,금왕읍,"19,292",729,"1,660","1,736","1,841","2,571","3,998","3,812","1,890",903,148,4
충청북도,음성군,대소읍,"21,655","1,343","1,727","2,180","2,993","3,305","4,538","3,498","1,363",601,104,3
충청북도,음성군,대소읍성본산업단지출장소,0,0,0,0,0,0,0,0,0,0,0,0
충청북도,음성군,소이면,"2,682",33,81,107,130,187,355,763,579,355,90,2
충청북도,음성군,원남면,"2,935",36,170,83,137,168,421,867,626,344,82,1
충청북도,음성군,맹동면,"14,616","1,040","1,618","1,470","2,465","2,519","2,229","1,776",983,429,82,5
충청북도,음성군,맹동면혁신도시출장소,0,0,0,0,0,0,0,0,0,0,0,0
충청북도,음성군,삼성면,"5,956",134,255,339,413,558,"1,107","1,649",911,482,106,2
충청북도,음성군,생극면,"4,229",80,187,213,266,367,749,"1,175",708,381,100,3
충청북도,음성군,감곡면,"9,457",279,670,869,728,955,"1,622","2,256","1,314",613,146,5
충청북도,단양군,,"26,481",694,"1,487","1,475","1,556","2,302","4,462","7,198","4,585","2,331",384,7
충청북도,단양군,단양읍,"9,875",438,846,780,862,"1,206","1,762","2,050","1,233",598,97,3
충청북도,단양군,매포읍,"4,613",105,272,305,297,420,858,"1,069",803,424,59,1
충청북도,단양군,대강면,"2,286",31,76,78,67,119,349,754,484,271,57,0
충청북도,단양군,가곡면,"1,933",20,66,77,65,110,296,644,411,213,30,1
충청북도,단양군,영춘면,"2,992",47,113,92,84,207,513,928,640,319,49,0
충청북도,단양군,어상천면,"1,809",18,42,48,58,81,274,678,384,195,31,0
충청북도,단양군,적성면,"1,437",19,14,32,58,80,193,542,312,158,27,2
충청북도,단양군,단성면,"1,536",16,58,63,65,79,217,533,318,153,34,0
충청남도,,,"2,138,938","122,160","202,389","207,609","252,436","311,442","353,624","343,064","212,620","108,749","24,363",482
충청남도,천안시,,"666,584","42,205","68,065","84,062","98,552","108,772","111,834","88,738","42,251","18,409","3,634",62
충청남도,천안시,동남구 ,"263,872","14,113","25,004","32,324","33,250","38,634","46,160","41,447","21,453","9,507","1,944",36
충청남도,천안시,동남구 목천읍,"21,688",647,"1,907","2,127","1,799","2,912","4,742","4,113","2,064","1,098",270,9
충청남도,천안시,동남구 풍세면,"10,604",766,586,"1,115","1,829","1,544","1,657","1,756",886,372,92,1
충청남도,천안시,동남구 광덕면,"3,942",51,129,185,234,296,641,"1,156",771,371,108,0
충청남도,천안시,동남구 북면,"3,984",59,138,225,242,362,682,"1,165",693,331,85,2
충청남도,천안시,동남구 성남면,"2,718",36,95,160,122,203,439,752,578,266,66,1
충청남도,천안시,동남구 수신면,"1,981",16,57,109,132,158,314,533,388,235,39,0
충청남도,천안시,동남구 병천면,"5,870",106,338,660,432,601,"1,029","1,334",842,412,116,0
충청남도,천안시,동남구 동면,"1,870",11,32,76,67,108,273,592,404,246,58,3
충청남도,천안시,동남구 중앙동,"4,341",117,165,315,424,446,748,992,729,360,45,0
충청남도,천안시,동남구 문성동,"7,883",615,665,"1,004","1,387","1,208","1,173","1,047",533,209,42,0
충청남도,천안시,동남구 원성1동,"7,469",215,453,725,697,871,"1,330","1,664","1,000",422,92,0
충청남도,천안시,동남구 원성2동,"8,433",152,480,793,803,928,"1,583","1,777","1,160",653,104,0
충청남도,천안시,동남구 봉명동,"17,076",807,"1,240","2,142","2,472","2,434","3,089","2,766","1,445",578,103,0
충청남도,천안시,동남구 일봉동,"24,216","1,245","3,035","2,574","2,672","3,828","4,665","3,699","1,671",708,115,4
충청남도,천안시,동남구 신방동,"42,692","2,293","5,365","5,149","5,803","7,544","8,057","5,287","2,138",893,158,5
충청남도,천안시,동남구 청룡동,"59,947","4,946","7,105","6,402","8,657","10,322","10,084","7,419","3,408","1,336",261,7
충청남도,천안시,동남구 신안동,"39,158","2,031","3,214","8,563","5,478","4,869","5,654","5,395","2,743","1,017",190,4
충청남도,천안시,서북구 ,"402,712","28,092","43,061","51,738","65,302","70,138","65,674","47,291","20,798","8,902","1,690",26
충청남도,천안시,서북구 성환읍,"21,364",483,"1,636","2,231","1,607","2,508","4,022","4,292","2,837","1,459",283,6
충청남도,천안시,서북구 성거읍,"21,265","1,033","1,943","2,165","2,385","3,375","4,273","3,472","1,757",736,124,2
충청남도,천안시,서북구 직산읍,"18,933",816,"1,477","1,960","2,363","3,027","3,726","3,141","1,512",779,128,4
충청남도,천안시,서북구 입장면,"7,298",109,339,540,550,724,"1,401","1,815","1,122",576,121,1
충청남도,천안시,서북구 성정1동,"16,768",608,965,"1,925","2,536","2,305","3,155","3,005","1,519",655,95,0
충청남도,천안시,서북구 성정2동,"24,484",457,911,"4,823","5,734","3,969","3,451","3,085","1,457",502,92,3
충청남도,천안시,서북구 쌍용1동,"12,208",373,998,"1,767","1,530","1,569","2,004","2,277","1,157",442,89,2
충청남도,천안시,서북구 쌍용2동,"33,619","1,568","3,730","5,041","4,219","4,781","6,437","5,010","1,901",763,168,1
충청남도,천안시,서북구 쌍용3동,"16,725",665,"1,754","2,092","1,939","2,214","3,259","2,776","1,282",622,121,1
충청남도,천안시,서북구 백석동,"40,284","3,316","6,334","4,381","5,357","8,109","6,719","4,028","1,411",517,112,0
충청남도,천안시,서북구 불당1동,"31,494","2,591","4,121","4,076","5,254","5,651","5,766","2,831",841,310,52,1
충청남도,천안시,서북구 불당2동,"37,267","4,192","6,581","3,653","6,013","9,077","5,027","1,918",569,197,39,1
충청남도,천안시,서북구 부성1동,"57,009","3,939","4,600","10,583","11,971","8,679","8,806","5,395","2,048",833,152,3
충청남도,천안시,서북구 부성2동,"63,994","7,942","7,672","6,501","13,844","14,150","7,628","4,246","1,385",511,114,1
충청남도,공주시,,"99,481","3,395","7,749","9,959","7,913","10,748","16,143","20,451","14,012","7,324","1,746",41
충청남도,공주시,유구읍,"6,767",120,338,290,303,550,"1,036","1,844","1,369",747,167,3
충청남도,공주시,이인면,"2,835",25,112,112,134,191,410,783,617,348,101,2
충청남도,공주시,탄천면,"2,639",37,99,103,152,175,351,692,589,331,106,4
충청남도,공주시,계룡면,"4,973",82,193,216,211,335,792,"1,401","1,059",553,129,2
충청남도,공주시,반포면,"3,941",59,168,188,249,348,732,"1,154",657,316,68,2
충청남도,공주시,의당면,"4,222",69,227,291,315,371,822,"1,068",645,325,87,2
충청남도,공주시,정안면,"4,426",64,318,165,216,291,590,"1,220",898,505,154,5
충청남도,공주시,우성면,"4,751",101,189,209,239,383,771,"1,243",925,539,149,3
충청남도,공주시,사곡면,"2,626",32,127,101,102,192,408,679,537,369,79,0
충청남도,공주시,신풍면,"3,024",66,89,85,134,229,463,906,655,318,77,2
충청남도,공주시,중학동,"4,126",106,382,552,319,392,653,727,575,345,71,4
충청남도,공주시,웅진동,"7,072",255,507,577,650,923,"1,205","1,357",999,488,107,4
충청남도,공주시,금학동,"5,236",144,551,882,344,607,845,955,582,268,56,2
충청남도,공주시,옥룡동,"6,866",159,411,473,519,721,"1,214","1,610","1,064",576,118,1
충청남도,공주시,신관동,"19,672",738,"2,054","4,097","1,922","2,396","3,157","2,721","1,695",740,150,2
충청남도,공주시,월송동,"16,305","1,338","1,984","1,618","2,104","2,644","2,694","2,091","1,146",556,127,3
충청남도,보령시,,"91,035","3,709","6,836","6,672","7,362","10,811","15,617","18,389","13,404","6,775","1,419",41
충청남도,보령시,웅천읍,"5,336",64,187,232,232,393,851,"1,444","1,186",598,143,6
충청남도,보령시,주포면,"1,438",17,56,96,59,101,230,372,316,148,43,0
충청남도,보령시,오천면,"1,931",11,80,99,68,178,323,500,434,193,44,1
충청남도,보령시,오천면어항출장소,"1,389",30,71,73,60,129,255,363,269,112,26,1
충청남도,보령시,원산출장소,973,14,54,42,28,72,165,258,213,103,24,0
충청남도,보령시,천북면,"3,068",56,115,123,120,240,458,807,659,388,99,3
충청남도,보령시,청소면,"2,221",19,73,76,76,133,296,594,503,347,101,3
충청남도,보령시,청라면,"3,360",49,144,149,149,208,493,893,739,431,99,6
충청남도,보령시,남포면,"4,649",93,162,217,237,305,728,"1,277",965,528,135,2
충청남도,보령시,주산면,"2,112",17,52,72,53,116,282,562,486,387,84,1
충청남도,보령시,미산면,"1,590",32,44,42,51,92,203,452,369,246,59,0
충청남도,보령시,성주면,"1,845",30,76,86,79,178,288,493,370,207,37,1
충청남도,보령시,주교면,"4,700",90,267,263,236,461,856,"1,136",852,436,97,6
충청남도,보령시,대천1동,"12,135",485,"1,114","1,132","1,103","1,611","2,290","2,106","1,553",629,110,2
충청남도,보령시,대천2동,"6,560",295,555,562,654,905,"1,271","1,095",749,408,65,1
충청남도,보령시,대천3동,"15,031",996,"1,736","1,508","1,703","2,542","2,627","2,132","1,203",506,74,4
충청남도,보령시,대천4동,"17,082","1,277","1,787","1,542","2,131","2,600","3,032","2,469","1,514",629,99,2
충청남도,보령시,대천5동,"5,615",134,263,358,323,547,969,"1,436","1,024",479,80,2
충청남도,아산시,,"365,299","28,358","41,437","37,436","53,097","65,179","57,279","44,315","24,212","11,586","2,363",37
충청남도,아산시,염치읍,"5,570",128,325,372,379,603,986,"1,313",844,502,118,0
충청남도,아산시,배방읍,"99,072","9,028","12,064","11,779","18,524","18,465","14,235","8,741","4,324","1,626",277,9
충청남도,아산시,송악면,"3,880",92,298,217,171,384,691,957,623,352,94,1
충청남도,아산시,탕정면,"47,327","6,529","7,551","4,339","8,606","11,362","5,245","2,302",919,393,81,0
충청남도,아산시,음봉면,"22,923","2,050","2,396","2,031","3,864","4,234","3,304","2,857","1,402",630,152,3
충청남도,아산시,둔포면,"23,635","2,129","2,110","1,777","4,019","4,755","3,384","2,987","1,588",713,168,5
충청남도,아산시,영인면,"5,059",109,212,262,334,417,765,"1,313",936,573,137,1
충청남도,아산시,인주면,"5,245",83,239,326,401,569,"1,017","1,248",785,443,132,2
충청남도,아산시,선장면,"2,703",24,70,107,123,185,372,679,655,375,112,1
충청남도,아산시,도고면,"4,125",80,127,195,245,302,633,"1,106",796,532,109,0
충청남도,아산시,신창면,"22,579","1,026","2,148","2,777","2,289","3,457","4,153","3,575","1,955","1,002",197,0
충청남도,아산시,온양1동,"9,217",537,687,987,"1,395","1,515","1,421","1,361",853,387,73,1
충청남도,아산시,온양2동,"9,565",220,554,"1,171","1,170","1,174","1,653","1,765","1,160",597,99,2
충청남도,아산시,온양3동,"41,797","2,986","5,567","4,648","5,180","7,550","7,274","4,754","2,505","1,114",213,6
충청남도,아산시,온양4동,"15,079",555,"1,568","1,594","1,271","2,222","3,053","2,542","1,442",705,125,2
충청남도,아산시,온양5동,"22,289","1,204","2,605","2,550","2,575","3,633","4,377","3,114","1,441",687,102,1
충청남도,아산시,온양6동,"25,234","1,578","2,916","2,304","2,551","4,352","4,716","3,701","1,984",955,174,3
충청남도,서산시,,"170,780","9,892","16,560","14,881","19,200","24,599","29,639","27,686","17,021","8,971","2,286",45
충청남도,서산시,대산읍,"11,805",365,747,"1,085","1,246","1,296","2,569","2,478","1,245",596,176,2
충청남도,서산시,인지면,"6,886",237,588,457,393,776,"1,371","1,443",925,546,147,3
충청남도,서산시,부석면,"4,942",57,158,175,171,333,682,"1,309","1,166",716,172,3
충청남도,서산시,팔봉면,"3,177",31,76,97,105,187,473,910,792,395,110,1
충청남도,서산시,지곡면,"7,477",257,691,452,588,"1,010","1,354","1,498",987,516,121,3
충청남도,서산시,성연면,"16,956","2,325","1,906","1,191","3,460","3,332","2,047","1,630",635,318,112,0
충청남도,서산시,음암면,"8,826",222,620,561,601,"1,006","1,676","1,942","1,225",770,201,2
충청남도,서산시,운산면,"4,810",70,191,175,193,354,747,"1,213","1,037",657,167,6
충청남도,서산시,해미면,"7,054",106,388,738,423,593,"1,154","1,625","1,215",665,143,4
충청남도,서산시,고북면,"5,400",184,279,582,454,515,760,972,929,569,151,5
충청남도,서산시,부춘동,"17,259",841,"1,659","1,860","2,183","2,600","3,235","2,678","1,375",662,162,4
충청남도,서산시,동문1동,"16,735",797,"1,904","1,573","1,457","2,548","3,415","2,641","1,502",739,156,3
충청남도,서산시,동문2동,"7,982",292,731,816,765,"1,069","1,507","1,390",913,402,97,0
충청남도,서산시,수석동,"17,224","1,074","2,208","1,753","2,064","2,834","2,971","2,247","1,302",618,151,2
충청남도,서산시,석남동,"34,247","3,034","4,414","3,366","5,097","6,146","5,678","3,710","1,773",802,220,7
충청남도,논산시,,"105,655","4,487","8,110","8,102","8,956","11,840","17,674","21,256","15,116","8,196","1,880",38
충청남도,논산시,강경읍,"6,849",146,407,426,406,611,"1,142","1,587","1,329",666,128,1
충청남도,논산시,연무읍,"12,127",574,908,862,"1,067","1,361","1,855","2,367","1,856","1,022",248,7
충청남도,논산시,성동면,"3,607",80,134,131,191,266,474,938,761,512,119,1
충청남도,논산시,광석면,"3,683",60,160,192,158,280,552,971,743,465,102,0
충청남도,논산시,노성면,"2,590",58,103,136,173,184,391,615,515,306,106,3
충청남도,논산시,상월면,"3,179",34,114,105,174,247,529,896,624,362,93,1
충청남도,논산시,부적면,"3,174",50,127,126,163,230,519,833,652,369,100,5
충청남도,논산시,연산면,"5,497",90,249,203,264,361,878,"1,580","1,090",641,138,3
충청남도,논산시,벌곡면,"2,198",32,56,70,81,128,346,623,492,299,69,2
충청남도,논산시,양촌면,"5,673",277,343,309,536,444,882,"1,228",938,592,124,0
충청남도,논산시,가야곡면,"3,020",34,88,113,160,173,454,823,649,428,97,1
충청남도,논산시,은진면,"3,624",57,167,346,206,290,635,808,650,366,96,3
충청남도,논산시,채운면,"1,954",43,100,85,85,149,266,496,411,259,60,0
충청남도,논산시,취암동,"33,037","2,080","3,596","3,688","3,863","5,080","5,814","4,753","2,760","1,153",243,7
충청남도,논산시,부창동,"15,443",872,"1,558","1,310","1,429","2,036","2,937","2,738","1,646",756,157,4
충청남도,계룡시,,"45,937","3,198","5,973","4,328","5,264","7,754","8,338","6,250","3,267","1,271",289,5
충청남도,계룡시,두마면,"13,998","1,217","1,618","1,225","1,967","2,340","2,585","1,850",846,288,60,2
충청남도,계룡시,엄사면,"16,542",613,"1,798","1,616","1,453","2,136","3,456","2,961","1,592",740,176,1
충청남도,계룡시,신도안면,"7,527","1,046","1,667",614,"1,193","2,091",749,100,53,12,2,0
충청남도,계룡시,금암동,"7,870",322,890,873,651,"1,187","1,548","1,339",776,231,51,2
충청남도,당진시,,"172,423","10,944","16,953","13,696","20,348","27,410","29,050","27,119","16,312","8,639","1,916",36
충청남도,당진시,합덕읍,"7,414",119,394,377,389,697,"1,266","1,723","1,426",834,184,5
충청남도,당진시,송악읍,"29,506","2,036","3,215","1,867","3,280","5,684","5,289","4,548","2,256","1,099",232,0
충청남도,당진시,고대면,"5,885",83,203,315,410,508,"1,059","1,512","1,028",624,140,3
충청남도,당진시,석문면,"7,802",134,312,473,561,808,"1,547","2,028","1,137",654,145,3
충청남도,당진시,대호지면,"2,127",25,59,64,85,116,277,575,557,298,68,3
충청남도,당진시,정미면,"3,352",41,115,218,171,230,522,860,683,405,105,2
충청남도,당진시,면천면,"3,174",25,131,139,150,215,545,886,639,342,101,1
충청남도,당진시,순성면,"4,485",73,195,233,183,336,743,"1,148",892,545,132,5
충청남도,당진시,우강면,"5,015",105,279,303,280,493,767,"1,121",974,569,122,2
충청남도,당진시,신평면,"13,872",557,"1,728","1,035",911,"2,106","2,487","2,511","1,547",812,175,3
충청남도,당진시,송산면,"10,876",385,841,863,"1,236","1,806","2,155","1,875",995,582,136,2
충청남도,당진시,당진1동,"41,647","4,945","4,542","4,110","8,209","7,886","5,703","3,665","1,715",729,140,3
충청남도,당진시,당진2동,"21,861","1,712","2,693","2,050","2,981","3,813","3,569","2,719","1,510",674,138,2
충청남도,당진시,당진3동,"15,407",704,"2,246","1,649","1,502","2,712","3,121","1,948",953,472,98,2
충청남도,금산군,,"48,749","1,435","3,872","3,061","2,894","4,750","8,330","11,167","7,903","4,429",890,18
충청남도,금산군,금산읍,"22,180",997,"2,308","1,735","1,751","2,941","4,097","3,840","2,795","1,460",251,5
충청남도,금산군,금성면,"2,998",45,107,130,129,214,520,814,604,359,74,2
충청남도,금산군,제원면,"2,667",41,97,107,125,164,408,759,592,301,72,1
충청남도,금산군,부리면,"2,284",19,68,67,63,127,346,669,492,349,81,3
충청남도,금산군,군북면,"2,300",48,96,73,87,159,368,661,478,269,59,2
충청남도,금산군,남일면,"2,773",55,480,102,118,174,359,629,481,299,74,2
충청남도,금산군,남이면,"1,943",25,128,56,46,111,311,605,359,260,42,0
충청남도,금산군,진산면,"3,064",41,105,119,121,182,533,860,638,389,76,0
충청남도,금산군,복수면,"2,794",50,103,112,142,217,437,793,563,313,64,0
충청남도,금산군,추부면,"5,746",114,380,560,312,461,951,"1,537",901,430,97,3
충청남도,부여군,,"57,591","1,506","3,695","3,413","3,366","5,260","8,984","13,104","10,517","6,171","1,537",38
충청남도,부여군,부여읍,"17,204",505,"1,379","1,351","1,324","1,836","3,072","3,614","2,580","1,267",269,7
충청남도,부여군,규암면,"11,194",541,"1,103","1,021",918,"1,450","1,909","2,038","1,322",730,156,6
충청남도,부여군,은산면,"3,495",62,167,147,152,244,544,907,764,409,99,0
충청남도,부여군,외산면,"2,103",20,78,56,66,117,275,578,507,320,82,4
충청남도,부여군,내산면,"1,427",24,56,37,55,81,170,398,323,228,55,0
충청남도,부여군,구룡면,"2,129",26,84,102,79,149,322,498,457,318,92,2
충청남도,부여군,홍산면,"2,508",48,108,108,97,189,308,637,579,349,82,3
충청남도,부여군,옥산면,"1,299",13,40,41,46,78,168,327,345,190,50,1
충청남도,부여군,남면,"1,662",29,65,56,65,113,188,400,393,284,67,2
충청남도,부여군,충화면,"1,038",13,24,33,31,51,120,300,271,146,47,2
충청남도,부여군,양화면,"1,487",17,42,30,47,77,176,379,362,273,80,4
충청남도,부여군,임천면,"2,518",47,101,82,113,158,341,577,602,397,98,2
충청남도,부여군,장암면,"2,412",39,102,83,91,161,337,597,508,377,115,2
충청남도,부여군,세도면,"2,753",54,108,90,121,205,380,699,620,376,100,0
충청남도,부여군,석성면,"2,530",44,161,130,91,212,424,653,470,272,70,3
충청남도,부여군,초촌면,"1,832",24,77,46,70,139,250,502,414,235,75,0
충청남도,서천군,,"46,589","1,297","2,756","2,667","2,681","4,161","7,370","10,365","8,848","5,163","1,260",21
충청남도,서천군,장항읍,"10,301",334,692,768,870,"1,079","1,883","2,013","1,648",878,133,3
충청남도,서천군,서천읍,"12,330",559,"1,205",988,897,"1,396","2,208","2,257","1,729",872,214,5
충청남도,서천군,마서면,"4,335",69,199,179,174,338,679,"1,058",905,592,138,4
충청남도,서천군,화양면,"1,992",42,45,63,79,129,225,470,476,362,100,1
충청남도,서천군,기산면,"1,440",15,47,43,47,99,176,379,349,207,78,0
충청남도,서천군,한산면,"2,217",41,84,85,70,155,313,511,488,368,100,2
충청남도,서천군,마산면,"1,365",27,56,49,56,82,145,365,294,228,63,0
충청남도,서천군,시초면,"1,105",14,23,41,29,55,124,300,270,187,62,0
충청남도,서천군,문산면,"1,153",16,37,23,38,55,134,292,303,202,53,0
충청남도,서천군,판교면,"1,870",26,45,66,51,85,240,511,503,260,83,0
충청남도,서천군,종천면,"1,940",24,61,76,56,134,260,458,503,285,81,2
충청남도,서천군,비인면,"2,684",49,70,90,131,156,379,777,606,342,81,3
충청남도,서천군,서면,"3,857",81,192,196,183,398,604,974,774,380,74,1
충청남도,청양군,,"30,010",802,"1,864","2,189","1,748","2,511","4,648","7,117","5,210","3,109",801,11
충청남도,청양군,청양읍,"10,367",419,"1,016","1,287",867,"1,145","1,645","1,887","1,279",660,160,2
충청남도,청양군,운곡면,"1,996",24,70,89,95,102,283,575,399,277,81,1
충청남도,청양군,대치면,"2,167",43,75,101,99,138,349,639,423,227,73,0
충청남도,청양군,정산면,"3,540",97,277,206,211,324,597,784,616,333,94,1
충청남도,청양군,목면,"1,414",40,59,68,64,103,198,400,271,171,40,0
충청남도,청양군,청남면,"1,765",44,74,64,71,130,281,454,365,237,45,0
충청남도,청양군,장평면,"2,212",43,81,89,76,165,326,561,491,321,59,0
충청남도,청양군,남양면,"2,553",40,80,119,110,141,376,695,507,380,103,2
충청남도,청양군,화성면,"1,991",24,74,85,74,124,295,546,425,267,74,3
충청남도,청양군,비봉면,"2,005",28,58,81,81,139,298,576,434,236,72,2
충청남도,홍성군,,"101,814","5,998","9,544","8,178","10,741","13,352","16,344","17,284","12,148","6,585","1,614",26
충청남도,홍성군,홍성읍,"33,777","1,398","3,215","3,356","2,882","4,187","6,513","6,073","3,918","1,860",371,4
충청남도,홍성군,광천읍,"7,039",129,379,264,309,499,"1,006","1,728","1,560",951,211,3
충청남도,홍성군,홍북읍,"38,951","4,167","5,086","3,714","6,672","7,236","5,730","3,610","1,819",735,177,5
충청남도,홍성군,금마면,"3,172",47,102,129,136,191,525,857,663,402,118,2
충청남도,홍성군,홍동면,"3,180",68,236,141,141,257,446,782,603,375,129,2
충청남도,홍성군,장곡면,"2,631",47,94,85,98,154,370,682,578,412,109,2
충청남도,홍성군,은하면,"1,945",13,50,61,80,113,248,481,484,310,103,2
충청남도,홍성군,결성면,"1,889",17,60,58,61,112,214,527,449,304,86,1
충청남도,홍성군,서부면,"2,893",33,107,95,101,197,386,840,645,394,92,3
충청남도,홍성군,갈산면,"3,201",38,104,138,133,204,400,839,746,476,122,1
충청남도,홍성군,구항면,"3,136",41,111,137,128,202,506,865,683,366,96,1
충청남도,예산군,,"78,133","3,135","5,356","5,258","6,481","8,249","12,700","16,355","12,263","6,771","1,527",38
충청남도,예산군,예산읍,"28,824",932,"2,584","2,477","2,050","3,291","5,217","5,806","4,082","1,984",388,13
충청남도,예산군,삽교읍,"19,016","1,832","1,629","1,510","3,160","2,841","2,753","2,610","1,615",856,207,3
충청남도,예산군,대술면,"2,160",19,47,68,75,137,309,605,526,309,61,4
충청남도,예산군,신양면,"2,799",29,92,114,107,201,422,718,649,378,85,4
충청남도,예산군,광시면,"2,749",33,87,94,96,158,420,768,593,409,91,0
충청남도,예산군,대흥면,"1,628",21,40,44,58,102,217,452,429,207,58,0
충청남도,예산군,응봉면,"2,165",20,91,107,102,149,344,590,442,256,64,0
충청남도,예산군,덕산면,"5,939",107,279,292,301,476,"1,026","1,570","1,146",582,155,5
충청남도,예산군,봉산면,"2,294",35,111,113,101,164,358,557,461,315,75,4
충청남도,예산군,고덕면,"3,901",48,167,169,165,271,605,973,828,539,132,4
충청남도,예산군,신암면,"3,015",26,89,122,122,198,467,758,689,428,116,0
충청남도,예산군,오가면,"3,643",33,140,148,144,261,562,948,803,508,95,1
충청남도,태안군,,"58,858","1,799","3,619","3,707","3,833","6,046","9,674","13,468","10,136","5,350","1,201",25
충청남도,태안군,태안읍,"28,484","1,344","2,520","2,347","2,575","3,740","4,843","5,412","3,575","1,757",360,11
충청남도,태안군,안면읍,"7,568",154,379,344,319,722,"1,305","1,827","1,568",802,143,5
충청남도,태안군,고남면,"2,187",46,81,77,85,158,362,559,446,308,63,2
충청남도,태안군,남면,"4,079",62,137,286,187,326,611,"1,068",839,464,98,1
충청남도,태안군,근흥면,"5,209",64,136,181,223,380,790,"1,523","1,210",561,138,3
충청남도,태안군,소원면,"5,076",54,146,166,142,319,820,"1,467","1,134",654,172,2
충청남도,태안군,원북면,"4,150",48,143,232,233,257,627,"1,061",881,526,141,1
충청남도,태안군,이원면,"2,105",27,77,74,69,144,316,551,483,278,86,0
전북특별자치도,,,"1,716,965","84,308","157,460","166,905","173,250","222,094","295,733","294,561","196,801","103,828","21,541",484
전북특별자치도,전주시,시 ,"618,908","35,025","65,355","73,999","74,233","89,958","106,760","89,265","54,555","25,111","4,554",93
전북특별자치도,전주시,완산구 ,"312,490","15,168","30,698","37,465","36,343","42,664","55,408","48,751","29,977","13,410","2,552",54
전북특별자치도,전주시,완산구 중앙동,"9,374",576,625,817,"1,342","1,149","1,369","1,571","1,220",574,129,2
전북특별자치도,전주시,완산구 풍남동,"3,278",62,108,202,276,332,487,673,660,395,82,1
전북특별자치도,전주시,완산구 노송동,"9,810",346,636,787,953,"1,225","1,594","1,789","1,476",850,149,5
전북특별자치도,전주시,완산구 완산동,"4,630",196,309,369,420,553,735,832,717,416,83,0
전북특별자치도,전주시,완산구 동서학동,"5,518",102,341,454,418,546,863,"1,227",969,493,104,1
전북특별자치도,전주시,완산구 서서학동,"7,546",136,445,651,596,803,"1,321","1,615","1,303",584,88,4
전북특별자치도,전주시,완산구 중화산1동,"13,107",521,"1,140","1,653","1,474","1,566","2,195","2,277","1,461",673,144,3
전북특별자치도,전주시,완산구 중화산2동,"18,489",820,"2,223","2,799","2,242","2,817","3,446","2,357","1,197",494,92,2
전북특별자치도,전주시,완산구 서신동,"37,770","2,074","4,187","4,729","4,813","5,569","7,026","5,162","2,660","1,308",238,4
전북특별자치도,전주시,완산구 평화1동,"11,384",270,637,861,993,"1,219","1,971","2,417","1,896",938,177,5
전북특별자치도,전주시,완산구 평화2동,"41,667","2,137","4,606","4,191","4,040","5,882","7,668","7,011","4,110","1,673",346,3
전북특별자치도,전주시,완산구 삼천1동,"10,302",513,873,"1,006","1,202","1,267","1,780","1,937","1,184",455,81,4
전북특별자치도,전주시,완산구 삼천2동,"11,356",317,849,"1,194","1,160","1,203","2,036","2,471","1,476",533,114,3
전북특별자치도,전주시,완산구 삼천3동,"19,902",822,"1,907","2,023","1,944","2,423","3,902","3,827","1,907",947,196,4
전북특별자치도,전주시,완산구 효자1동,"11,603",683,"1,003","1,075","1,371","1,531","1,854","1,839","1,473",672,99,3
전북특별자치도,전주시,완산구 효자2동,"8,455",282,596,912,885,963,"1,463","1,629","1,186",468,70,1
전북특별자치도,전주시,완산구 효자3동,"13,438",577,"1,199","1,394","1,495","1,717","2,219","2,329","1,653",714,140,1
전북특별자치도,전주시,완산구 효자4동,"38,723","2,928","5,209","5,483","4,583","6,391","6,486","4,607","2,213",696,122,5
전북특별자치도,전주시,완산구 효자5동,"36,138","1,806","3,805","6,865","6,136","5,508","6,993","3,181","1,216",527,98,3
전북특별자치도,전주시,덕진구 ,"306,418","19,857","34,657","36,534","37,890","47,294","51,352","40,514","24,578","11,701","2,002",39
전북특별자치도,전주시,덕진구 진북동,"11,849",303,754,"1,078","1,074","1,239","1,954","2,142","1,809","1,263",228,5
전북특별자치도,전주시,덕진구 인후1동,"16,542",746,"1,990","1,815","1,479","2,376","2,920","2,361","1,856",878,117,4
전북특별자치도,전주시,덕진구 인후2동,"9,853",309,596,"1,205","1,022","1,106","1,556","1,708","1,468",784,98,1
전북특별자치도,전주시,덕진구 인후3동,"28,936","1,398","3,323","3,409","3,249","4,612","5,706","3,823","2,132","1,079",200,5
전북특별자치도,전주시,덕진구 덕진동,"19,727","1,237","1,867","3,611","3,078","2,886","2,689","2,197","1,354",700,104,4
전북특별자치도,전주시,덕진구 금암동,"17,891",457,955,"4,879","2,005","1,636","2,341","2,398","1,968","1,082",169,1
전북특별자치도,전주시,덕진구 팔복동,"7,017",135,351,714,943,747,"1,161","1,381","1,028",476,79,2
전북특별자치도,전주시,덕진구 우아1동,"11,427",803,915,"1,191","1,700","1,628","1,775","1,755","1,147",441,71,1
전북특별자치도,전주시,덕진구 우아2동,"13,424",432,"1,016","1,488","1,552","2,004","2,663","2,299","1,246",599,122,3
전북특별자치도,전주시,덕진구 호성동,"17,762",761,"1,965","1,882","1,619","2,287","3,240","3,177","1,870",816,141,4
전북특별자치도,전주시,덕진구 송천1동,"32,067","1,806","4,261","4,143","3,755","4,807","6,100","4,162","2,059",814,157,3
전북특별자치도,전주시,덕진구 송천2동,"23,904","1,176","2,589","2,885","2,585","3,135","4,469","3,843","2,106",940,176,0
전북특별자치도,전주시,덕진구 송천3동,"32,865","4,447","5,561","2,641","5,130","7,353","4,484","2,183",840,195,30,1
전북특별자치도,전주시,덕진구 조촌동,"12,103",670,890,"1,078","1,542","1,546","2,170","2,102","1,331",645,126,3
전북특별자치도,전주시,덕진구 여의동,"15,243",881,"1,470","1,572","1,685","2,123","2,829","2,463","1,436",665,118,1
전북특별자치도,전주시,덕진구 혁신동,"35,808","4,296","6,154","2,943","5,472","7,809","5,295","2,520",928,324,66,1
전북특별자치도,군산시,시 ,"255,517","13,287","24,955","23,398","25,933","37,210","45,520","42,185","28,037","12,650","2,287",55
전북특별자치도,군산시,옥구읍,"2,760",42,122,124,142,204,458,690,558,339,78,3
전북특별자치도,군산시,옥산면,"4,149",287,457,245,377,679,669,699,458,230,46,2
전북특별자치도,군산시,회현면,"2,928",68,292,155,125,338,478,620,475,302,75,0
전북특별자치도,군산시,임피면,"2,327",30,71,140,120,175,344,633,474,269,69,2
전북특별자치도,군산시,서수면,"2,259",37,81,83,107,160,321,620,474,291,83,2
전북특별자치도,군산시,대야면,"4,285",60,195,192,229,367,620,994,987,495,139,7
전북특별자치도,군산시,개정면,"2,620",48,95,142,146,190,386,727,567,245,72,2
전북특별자치도,군산시,성산면,"2,424",28,107,117,120,164,377,682,514,252,62,1
전북특별자치도,군산시,나포면,"1,957",15,65,77,79,130,303,516,446,257,67,2
전북특별자치도,군산시,옥도면,"2,642",25,92,155,143,288,530,732,455,196,25,1
전북특별자치도,군산시,옥서면,"2,484",51,95,211,164,188,383,504,534,315,37,2
전북특별자치도,군산시,해신동,"1,876",34,105,98,98,192,266,397,429,226,28,3
전북특별자치도,군산시,월명동,"4,328",98,243,284,246,418,722,968,824,461,64,0
전북특별자치도,군산시,신풍동,"5,678",126,439,422,391,635,925,"1,079","1,061",515,84,1
전북특별자치도,군산시,삼학동,"4,798",69,214,327,334,418,696,"1,055","1,047",542,94,2
전북특별자치도,군산시,중앙동,"3,750",153,160,249,431,473,565,694,678,298,48,1
전북특별자치도,군산시,흥남동,"10,946",563,947,869,"1,089","1,504","1,871","1,910","1,437",677,79,0
전북특별자치도,군산시,조촌동,"26,901","2,809","3,121","2,359","3,952","5,022","3,805","2,940","1,980",764,143,6
전북특별자치도,군산시,경암동,"6,461",162,422,435,522,757,"1,056","1,302","1,156",559,87,3
전북특별자치도,군산시,구암동,"16,425","1,540","1,496","1,455","3,089","2,645","2,461","2,202","1,099",380,56,2
전북특별자치도,군산시,개정동,"2,328",77,138,194,150,212,390,527,407,205,28,0
전북특별자치도,군산시,수송동,"53,506","3,821","7,892","5,805","5,706","9,624","10,156","6,121","3,017","1,175",187,2
전북특별자치도,군산시,나운1동,"12,233",421,924,"1,125","1,348","1,566","2,148","2,505","1,543",552,99,2
전북특별자치도,군산시,나운2동,"20,096",714,"2,115","1,970","1,522","2,454","4,003","3,704","2,430",987,193,4
전북특별자치도,군산시,나운3동,"29,470","1,241","3,166","3,865","2,781","4,260","6,069","4,517","2,375","1,027",167,2
전북특별자치도,군산시,소룡동,"15,483",499,"1,205","1,451","1,502","2,503","3,344","2,873","1,488",542,75,1
전북특별자치도,군산시,미성동,"10,403",269,696,849,"1,020","1,644","2,174","1,974","1,124",549,102,2
전북특별자치도,익산시,시 ,"266,639","12,399","24,373","28,024","27,542","33,708","47,042","46,539","29,705","14,370","2,882",55
전북특별자치도,익산시,함열읍,"5,920",155,422,371,357,573,933,"1,387","1,057",545,116,4
전북특별자치도,익산시,오산면,"6,448",167,447,410,458,646,"1,070","1,532","1,024",553,140,1
전북특별자치도,익산시,황등면,"6,154",132,348,397,394,496,"1,026","1,499","1,145",590,123,4
전북특별자치도,익산시,함라면,"1,922",33,77,86,81,137,294,519,401,237,56,1
전북특별자치도,익산시,웅포면,"1,383",16,55,50,52,87,203,365,320,184,50,1
전북특별자치도,익산시,성당면,"1,653",18,50,70,78,98,261,432,370,207,68,1
전북특별자치도,익산시,용안면,"2,270",35,77,109,103,151,308,514,557,339,76,1
전북특별자치도,익산시,낭산면,"2,709",46,98,156,175,204,443,667,535,329,56,0
전북특별자치도,익산시,망성면,"2,582",33,97,91,99,174,344,660,605,394,82,3
전북특별자치도,익산시,여산면,"2,905",117,116,170,250,202,423,679,538,333,76,1
전북특별자치도,익산시,금마면,"4,923",203,362,374,427,469,791,"1,105",763,346,81,2
전북특별자치도,익산시,왕궁면,"4,969",225,216,311,516,478,707,"1,032",855,496,130,3
전북특별자치도,익산시,춘포면,"4,156",78,199,264,311,393,716,"1,024",680,389,100,2
전북특별자치도,익산시,삼기면,"2,286",24,84,116,140,154,407,616,413,241,89,2
전북특별자치도,익산시,용동면,"1,327",14,43,44,45,78,183,329,320,221,50,0
전북특별자치도,익산시,중앙동,"2,968",76,136,264,323,287,480,568,497,286,50,1
전북특별자치도,익산시,평화동,"6,000",314,441,544,820,772,"1,060","1,063",705,236,45,0
전북특별자치도,익산시,인화동,"5,668",148,284,492,579,556,883,"1,194",931,505,94,2
전북특별자치도,익산시,동산동,"19,229",837,"1,720","1,555","1,717","2,562","3,430","3,775","2,426","1,030",174,3
전북특별자치도,익산시,마동,"18,371","1,862","1,977","1,691","2,850","2,978","2,892","2,329","1,238",482,72,0
전북특별자치도,익산시,남중동,"11,179",306,866,997,"1,014","1,241","1,899","2,019","1,768",924,142,3
전북특별자치도,익산시,모현동,"35,080","2,015","3,965","3,473","3,528","5,135","6,074","5,622","3,498","1,508",261,1
전북특별자치도,익산시,송학동,"11,445",909,"1,244","1,073","1,894","1,799","1,803","1,490",830,352,50,1
전북특별자치도,익산시,영등1동,"19,337",700,"1,963","2,234","1,870","2,451","3,654","3,726","1,897",686,154,2
전북특별자치도,익산시,영등2동,"11,916",521,"1,402","1,692","1,287","1,675","2,653","1,572",732,327,52,3
전북특별자치도,익산시,어양동,"21,396",968,"2,432","2,653","2,448","3,244","4,539","3,117","1,359",538,97,1
전북특별자치도,익산시,신동,"15,555",423,"1,140","4,181","1,526","1,348","2,104","2,200","1,563",893,173,4
전북특별자치도,익산시,팔봉동,"5,936",265,547,538,608,827,"1,109","1,069",616,289,65,3
전북특별자치도,익산시,삼성동,"30,952","1,759","3,565","3,618","3,592","4,493","6,353","4,435","2,062",910,160,5
전북특별자치도,정읍시,시 ,"100,580","4,046","7,976","7,870","7,990","11,265","17,657","19,461","13,769","8,549","1,959",38
전북특별자치도,정읍시,신태인읍,"4,820",118,299,235,291,441,761,"1,029",906,600,138,2
전북특별자치도,정읍시,북면,"3,762",93,172,232,249,286,667,976,589,400,97,1
전북특별자치도,정읍시,입암면,"2,519",28,107,118,95,153,409,677,447,393,90,2
전북특별자치도,정읍시,소성면,"1,852",31,62,77,85,127,278,459,358,282,92,1
전북특별자치도,정읍시,고부면,"2,509",46,70,84,140,196,371,626,510,364,102,0
전북특별자치도,정읍시,영원면,"1,578",31,55,55,77,122,205,393,344,237,58,1
전북특별자치도,정읍시,덕천면,"1,570",24,52,83,91,94,263,403,286,225,47,2
전북특별자치도,정읍시,이평면,"1,823",33,65,79,80,140,249,449,357,281,89,1
전북특별자치도,정읍시,정우면,"2,265",37,81,94,101,178,343,595,422,333,80,1
전북특별자치도,정읍시,태인면,"3,094",52,130,121,156,219,507,732,630,420,122,5
전북특별자치도,정읍시,감곡면,"2,574",48,60,99,127,178,348,664,609,338,102,1
전북특별자치도,정읍시,옹동면,"1,539",34,76,49,58,130,234,360,317,233,48,0
전북특별자치도,정읍시,칠보면,"2,068",51,110,113,70,154,343,478,373,310,66,0
전북특별자치도,정읍시,산내면,"1,150",20,40,28,50,67,181,325,221,190,27,1
전북특별자치도,정읍시,산외면,"1,906",22,53,75,88,99,327,497,383,283,77,2
전북특별자치도,정읍시,수성동,"15,596",760,"1,501","1,635","1,642","2,211","3,200","2,531","1,322",674,120,0
전북특별자치도,정읍시,장명동,"2,608",90,179,208,200,302,499,500,360,223,46,1
전북특별자치도,정읍시,내장상동,"20,127","1,123","2,455","2,044","1,750","2,832","3,805","3,036","1,920",951,200,11
전북특별자치도,정읍시,시기동,"2,882",99,197,231,212,267,455,564,502,293,60,2
전북특별자치도,정읍시,초산동,"9,635",581,"1,113",981,904,"1,381","1,806","1,472",912,411,73,1
전북특별자치도,정읍시,연지동,"5,499",291,447,424,509,670,943,946,802,404,63,0
전북특별자치도,정읍시,농소동,"5,259",339,449,433,576,683,832,942,616,317,71,1
전북특별자치도,정읍시,상교동,"3,945",95,203,372,439,335,631,807,583,387,91,2
전북특별자치도,남원시,시 ,"73,604","3,109","5,864","5,254","5,418","7,882","13,068","14,275","10,717","6,449","1,525",43
전북특별자치도,남원시,운봉읍,"3,435",89,160,140,161,258,519,842,689,465,107,5
전북특별자치도,남원시,주천면,"2,390",66,106,143,127,165,452,559,463,235,73,1
전북특별자치도,남원시,수지면,"1,006",22,55,44,40,75,131,254,196,136,52,1
전북특별자치도,남원시,송동면,"1,769",27,64,76,81,110,307,453,366,222,61,2
전북특별자치도,남원시,주생면,"1,660",45,81,66,69,106,274,358,346,245,68,2
전북특별자치도,남원시,금지면,"2,010",25,86,77,64,139,301,477,445,308,87,1
전북특별자치도,남원시,대강면,"1,361",6,26,50,44,75,173,388,290,226,81,2
전북특별자치도,남원시,대산면,"1,416",43,58,53,74,88,207,364,261,204,62,2
전북특별자치도,남원시,사매면,"1,398",28,92,58,51,91,201,331,247,232,64,3
전북특별자치도,남원시,덕과면,901,27,37,35,36,61,136,206,206,132,25,0
전북특별자치도,남원시,보절면,"1,244",17,44,40,38,81,199,272,266,224,63,0
전북특별자치도,남원시,산동면,"1,563",23,73,55,48,99,229,398,321,252,64,1
전북특별자치도,남원시,이백면,"2,048",39,112,107,101,138,334,525,350,252,85,5
전북특별자치도,남원시,아영면,"1,755",49,94,60,75,139,263,427,363,238,45,2
전북특별자치도,남원시,산내면,"1,949",29,144,84,84,152,434,500,284,203,35,0
전북특별자치도,남원시,인월면,"2,635",75,167,145,139,227,446,598,506,276,53,3
전북특별자치도,남원시,동충동,"2,767",72,206,250,184,274,523,506,423,274,54,1
전북특별자치도,남원시,죽항동,"2,772",106,159,194,225,264,505,526,478,265,48,2
전북특별자치도,남원시,노암동,"5,748",419,492,470,586,760,"1,068",969,613,316,54,1
전북특별자치도,남원시,금동,"5,670",239,615,456,400,761,988,950,814,385,62,0
전북특별자치도,남원시,왕정동,"5,327",343,449,435,614,688,868,899,650,315,61,5
전북특별자치도,남원시,향교동,"6,300",213,488,464,523,693,"1,224","1,193",909,475,117,1
전북특별자치도,남원시,도통동,"16,480","1,107","2,056","1,752","1,654","2,438","3,286","2,280","1,231",569,104,3
전북특별자치도,김제시,시 ,"81,585","3,505","5,502","6,089","7,014","8,493","13,127","16,430","12,231","7,305","1,849",40
전북특별자치도,김제시,만경읍,"2,521",51,99,139,154,182,374,651,493,302,74,2
전북특별자치도,김제시,죽산면,"2,275",27,80,110,105,170,293,566,503,315,104,2
전북특별자치도,김제시,백산면,"3,965",275,211,354,535,462,576,674,522,292,63,1
전북특별자치도,김제시,용지면,"3,267",69,107,165,237,230,454,784,675,414,127,5
전북특별자치도,김제시,백구면,"3,512",117,147,181,221,297,549,856,640,402,99,3
전북특별자치도,김제시,부량면,"1,257",31,55,66,63,100,189,288,253,165,47,0
전북특별자치도,김제시,공덕면,"2,420",69,112,156,139,197,343,593,469,257,82,3
전북특별자치도,김제시,청하면,"1,612",33,52,72,89,128,218,373,368,223,54,2
전북특별자치도,김제시,성덕면,"1,659",45,65,71,102,122,242,391,336,217,68,0
전북특별자치도,김제시,진봉면,"2,377",28,55,104,99,185,330,594,505,377,97,3
전북특별자치도,김제시,금구면,"5,950",236,273,487,596,536,"1,060","1,285",879,491,104,3
전북특별자치도,김제시,봉남면,"2,071",70,59,77,114,167,296,465,425,320,75,3
전북특별자치도,김제시,황산면,"1,826",43,58,90,107,110,325,450,327,246,68,2
전북특별자치도,김제시,금산면,"4,332",99,157,209,272,339,691,"1,105",813,518,122,7
전북특별자치도,김제시,광활면,"1,227",30,53,63,65,91,188,282,245,170,40,0
전북특별자치도,김제시,요촌동,"10,817",572,973,988,"1,033","1,400","1,790","1,891","1,344",666,159,1
전북특별자치도,김제시,신풍동,"12,270",619,"1,249","1,129","1,145","1,476","2,175","2,067","1,395",827,185,3
전북특별자치도,김제시,검산동,"11,887",701,"1,192","1,204","1,355","1,589","2,083","1,895","1,121",596,151,0
전북특별자치도,김제시,교월동,"6,340",390,505,424,583,712,951,"1,220",918,507,130,0
전북특별자치도,완주군,군 ,"100,642","5,597","8,665","8,545","11,440","12,992","16,848","17,835","11,523","5,860","1,303",34
전북특별자치도,완주군,삼례읍,"22,480","1,994","1,853","2,272","3,778","3,003","3,146","3,069","2,075","1,052",233,5
전북특별자치도,완주군,봉동읍,"24,174","1,369","3,051","2,388","2,413","3,991","4,276","3,463","2,054",977,186,6
전북특별자치도,완주군,용진읍,"11,040",621,688,884,"1,460","1,207","2,019","2,173","1,281",579,123,5
전북특별자치도,완주군,상관면,"3,984",117,301,273,258,418,761,859,650,275,69,3
전북특별자치도,완주군,이서면,"15,494","1,045","1,522","1,402","2,311","2,588","2,591","2,164","1,173",582,115,1
전북특별자치도,완주군,소양면,"5,610",106,284,330,321,428,949,"1,445","1,062",537,143,5
전북특별자치도,완주군,구이면,"5,550",105,271,383,354,376,"1,027","1,537",929,467,97,4
전북특별자치도,완주군,고산면,"4,274",123,274,240,222,405,744,"1,009",713,454,90,0
전북특별자치도,완주군,비봉면,"1,734",26,91,89,72,115,304,421,349,204,63,0
전북특별자치도,완주군,운주면,"1,862",17,54,55,72,123,313,533,414,232,49,0
전북특별자치도,완주군,화산면,"2,488",47,207,133,89,239,393,557,468,276,75,4
전북특별자치도,완주군,동상면,"1,031",20,42,52,54,51,165,349,177,101,19,1
전북특별자치도,완주군,경천면,921,7,27,44,36,48,160,256,178,124,41,0
전북특별자치도,진안군,군 ,"24,930",831,"1,467","1,601","1,437","2,078","4,087","6,034","4,204","2,591",580,20
전북특별자치도,진안군,진안읍,"9,895",435,771,808,729,"1,078","1,688","1,950","1,372",840,218,6
전북특별자치도,진안군,용담면,879,4,26,31,27,47,139,300,201,87,17,0
전북특별자치도,진안군,안천면,"1,050",11,58,65,43,68,159,275,192,143,35,1
전북특별자치도,진안군,동향면,"1,340",33,69,69,56,68,192,374,259,171,47,2
전북특별자치도,진안군,상전면,858,22,32,46,39,55,155,231,150,110,17,1
전북특별자치도,진안군,백운면,"2,001",51,77,117,121,137,358,509,371,214,43,3
전북특별자치도,진안군,성수면,"1,752",45,72,95,80,117,265,477,351,205,44,1
전북특별자치도,진안군,마령면,"1,711",47,62,76,95,110,256,436,348,240,40,1
전북특별자치도,진안군,부귀면,"2,942",112,199,173,154,239,475,797,486,245,59,3
전북특별자치도,진안군,정천면,"1,096",49,65,53,51,98,184,278,174,124,20,0
전북특별자치도,진안군,주천면,"1,406",22,36,68,42,61,216,407,300,212,40,2
전북특별자치도,무주군,군 ,"23,455",674,"1,639","1,531","1,547","2,241","3,948","5,249","3,652","2,420",537,17
전북특별자치도,무주군,무주읍,"9,529",441,966,842,878,"1,195","1,702","1,553","1,105",688,155,4
전북특별자치도,무주군,무풍면,"2,095",29,77,72,114,136,321,613,420,262,50,1
전북특별자치도,무주군,설천면,"3,899",72,230,274,233,364,718,956,596,382,72,2
전북특별자치도,무주군,적상면,"2,551",42,112,103,99,172,403,672,480,361,102,5
전북특별자치도,무주군,안성면,"4,037",75,216,198,179,290,620,"1,068",730,534,124,3
전북특별자치도,무주군,부남면,"1,344",15,38,42,44,84,184,387,321,193,34,2
전북특별자치도,장수군,군 ,"21,184",680,"1,421","1,346","1,274","1,999","3,435","4,756","3,595","2,141",526,11
전북특별자치도,장수군,장수읍,"7,281",316,714,627,574,866,"1,166","1,362","1,001",542,110,3
전북특별자치도,장수군,산서면,"1,913",49,88,84,89,124,301,453,384,276,64,1
전북특별자치도,장수군,번암면,"2,188",47,87,88,74,153,314,568,492,286,76,3
전북특별자치도,장수군,장계면,"4,193",147,304,277,279,451,742,888,624,378,101,2
전북특별자치도,장수군,천천면,"1,999",31,49,89,87,134,320,555,422,256,56,0
전북특별자치도,장수군,계남면,"2,094",52,110,120,107,157,373,499,389,223,63,1
전북특별자치도,장수군,계북면,"1,516",38,69,61,64,114,219,431,283,180,56,1
전북특별자치도,임실군,군 ,"25,290",929,"1,355","1,411","1,623","2,172","3,890","5,792","4,420","2,980",700,18
전북특별자치도,임실군,임실읍,"7,050",473,680,605,713,920,"1,065","1,112",850,497,133,2
전북특별자치도,임실군,청웅면,"1,216",31,43,38,65,83,188,270,230,218,50,0
전북특별자치도,임실군,운암면,"1,529",35,38,65,83,99,245,468,308,147,41,0
전북특별자치도,임실군,신평면,"1,360",28,46,64,72,108,181,344,290,183,42,2
전북특별자치도,임실군,성수면,"1,541",33,56,75,68,97,217,425,279,236,54,1
전북특별자치도,임실군,오수면,"3,341",72,145,175,172,249,531,803,678,417,96,3
전북특별자치도,임실군,신덕면,"1,248",29,33,50,60,77,206,318,246,180,48,1
전북특별자치도,임실군,삼계면,"1,380",30,48,37,52,85,167,337,334,224,66,0
전북특별자치도,임실군,관촌면,"2,994",105,137,161,170,232,500,726,549,344,67,3
전북특별자치도,임실군,강진면,"1,379",28,41,70,73,65,243,373,241,206,36,3
전북특별자치도,임실군,덕치면,"1,090",24,24,30,51,54,177,341,191,170,26,2
전북특별자치도,임실군,지사면,"1,162",41,64,41,44,103,170,275,224,158,41,1
전북특별자치도,순창군,군 ,"27,654","1,027","1,985","1,995","1,697","2,759","4,614","5,861","4,135","2,942",625,14
전북특별자치도,순창군,순창읍,"11,000",640,"1,280","1,191",927,"1,560","1,989","1,612","1,090",583,124,4
전북특별자치도,순창군,인계면,"1,494",48,68,79,69,125,220,400,241,201,40,3
전북특별자치도,순창군,동계면,"1,927",30,88,63,81,144,327,470,358,303,61,2
전북특별자치도,순창군,풍산면,"1,565",33,65,80,54,139,237,331,323,250,53,0
전북특별자치도,순창군,금과면,"1,764",34,41,93,89,102,278,522,328,201,74,2
전북특별자치도,순창군,팔덕면,"1,443",44,76,63,72,114,220,370,240,190,54,0
전북특별자치도,순창군,쌍치면,"1,942",47,84,112,94,123,316,543,336,239,47,1
전북특별자치도,순창군,복흥면,"2,052",75,127,94,102,149,320,518,352,273,41,1
전북특별자치도,순창군,적성면,"1,249",30,49,67,60,97,188,306,206,210,36,0
전북특별자치도,순창군,유등면,"1,018",14,33,48,48,79,158,229,226,152,31,0
전북특별자치도,순창군,구림면,"2,200",32,74,105,101,127,361,560,435,340,64,1
전북특별자치도,고창군,군 ,"50,025","1,669","3,841","2,948","3,138","4,676","8,002","10,584","8,335","5,600","1,198",34
전북특별자치도,고창군,고창읍,"20,526","1,194","2,511","1,742","1,807","2,613","3,440","3,380","2,358","1,225",248,8
전북특별자치도,고창군,고수면,"2,207",43,82,100,119,180,333,540,447,294,67,2
전북특별자치도,고창군,아산면,"2,386",30,92,91,113,176,407,588,483,336,65,5
전북특별자치도,고창군,무장면,"2,592",48,236,124,113,168,392,580,472,382,76,1
전북특별자치도,고창군,공음면,"2,162",19,88,84,102,162,301,526,447,361,70,2
전북특별자치도,고창군,상하면,"2,145",30,82,113,103,147,353,484,446,331,52,4
전북특별자치도,고창군,해리면,"2,402",44,78,84,86,148,332,595,560,394,79,2
전북특별자치도,고창군,성송면,"1,609",24,44,60,55,103,260,401,337,258,65,2
전북특별자치도,고창군,대산면,"2,787",34,96,107,113,185,417,723,579,452,79,2
전북특별자치도,고창군,심원면,"2,217",47,99,81,119,174,370,587,402,288,49,1
전북특별자치도,고창군,흥덕면,"2,819",65,173,119,139,192,432,698,527,381,92,1
전북특별자치도,고창군,성내면,"1,732",24,62,68,78,120,258,423,370,245,83,1
전북특별자치도,고창군,신림면,"1,982",23,83,94,102,135,309,473,386,298,79,0
전북특별자치도,고창군,부안면,"2,459",44,115,81,89,173,398,586,521,355,94,3
전북특별자치도,부안군,군 ,"46,952","1,530","3,062","2,894","2,964","4,661","7,735","10,295","7,923","4,860","1,016",12
전북특별자치도,부안군,부안읍,"19,803","1,086","2,110","1,670","1,662","2,566","3,504","3,417","2,314","1,218",255,1
전북특별자치도,부안군,주산면,"1,699",27,51,67,67,136,222,436,363,252,76,2
전북특별자치도,부안군,동진면,"2,443",37,63,115,120,144,367,636,493,381,86,1
전북특별자치도,부안군,행안면,"1,959",40,93,109,132,164,324,491,329,225,52,0
전북특별자치도,부안군,계화면,"2,886",49,110,127,125,255,430,631,666,439,53,1
전북특별자치도,부안군,보안면,"2,142",24,61,58,87,124,309,582,497,330,68,2
전북특별자치도,부안군,변산면,"4,050",83,197,241,217,416,736,"1,016",703,370,71,0
전북특별자치도,부안군,진서면,"2,049",42,81,81,92,165,305,583,434,221,43,2
전북특별자치도,부안군,백산면,"2,219",23,62,96,89,144,317,576,469,353,89,1
전북특별자치도,부안군,상서면,"1,931",29,58,84,103,109,294,508,402,281,63,0
전북특별자치도,부안군,하서면,"2,319",32,59,118,117,150,365,539,503,371,64,1
전북특별자치도,부안군,줄포면,"2,363",48,89,87,112,192,346,639,493,289,67,1
전북특별자치도,부안군,위도면,"1,089",10,28,41,41,96,216,241,257,130,29,0
경상북도,,,"2,492,677","122,402","214,071","211,757","250,909","326,821","427,839","464,688","299,216","145,169","29,216",589
경상북도,포항시,,"486,930","27,318","45,909","41,988","54,648","69,564","83,250","87,261","53,878","19,850","3,203",61
경상북도,포항시,남구 ,"211,051","10,198","19,886","18,861","21,549","30,449","36,554","38,412","24,855","8,929","1,335",23
경상북도,포항시,남구 구룡포읍,"6,509",68,170,249,291,509,"1,043","1,814","1,438",797,127,3
경상북도,포항시,남구 연일읍,"26,511","1,021","3,123","2,478","2,054","3,888","5,198","5,080","2,674",860,133,2
경상북도,포항시,남구 오천읍,"55,838","3,480","6,142","5,953","7,198","9,567","9,932","7,858","4,010","1,446",248,4
경상북도,포항시,남구 대송면,"2,856",23,78,101,183,220,396,875,667,265,48,0
경상북도,포항시,남구 동해면,"8,838",278,630,598,751,912,"1,542","1,971","1,392",662,99,3
경상북도,포항시,남구 장기면,"3,558",31,86,84,141,219,511,912,883,560,130,1
경상북도,포항시,남구 호미곶면,"1,603",15,50,44,46,112,246,433,398,210,48,1
경상북도,포항시,남구 상대동,"21,662",531,"1,208","2,054","2,316","2,640","3,523","4,639","3,582","1,057",111,1
경상북도,포항시,남구 해도동,"14,934",269,627,968,"1,178","1,652","2,489","3,695","2,964",992,99,1
경상북도,포항시,남구 송도동,"10,555",184,470,597,659,"1,049","1,645","2,652","2,347",847,101,4
경상북도,포항시,남구 청림동,"4,366",128,189,498,576,404,632,886,716,302,34,1
경상북도,포항시,남구 제철동,"2,250",58,164,271,249,244,390,480,283,92,18,1
경상북도,포항시,남구 효곡동,"28,602","2,696","4,553","2,426","2,988","5,613","4,239","3,707","1,998",328,53,1
경상북도,포항시,남구 대이동,"22,969","1,416","2,396","2,540","2,919","3,420","4,768","3,410","1,503",511,86,0
경상북도,포항시,북구 ,"275,879","17,120","26,023","23,127","33,099","39,115","46,696","48,849","29,023","10,921","1,868",38
경상북도,포항시,북구 흥해읍,"60,402","5,568","5,359","4,915","9,933","8,843","9,921","9,150","4,480","1,876",347,10
경상북도,포항시,북구 신광면,"2,707",34,78,91,95,154,351,845,622,345,92,0
경상북도,포항시,북구 청하면,"4,167",45,145,177,187,299,657,"1,111",887,561,95,3
경상북도,포항시,북구 송라면,"2,291",21,54,91,96,149,344,618,514,331,71,2
경상북도,포항시,북구 기계면,"4,630",63,130,156,187,261,612,"1,373","1,080",628,139,1
경상북도,포항시,북구 죽장면,"2,014",10,49,37,44,84,287,683,486,279,53,2
경상북도,포항시,북구 죽장면상옥출장소,613,1,4,21,16,21,92,216,152,69,20,1
경상북도,포항시,북구 기북면,"1,278",9,29,38,32,65,193,388,299,177,47,1
경상북도,포항시,북구 중앙동,"14,362",460,765,"1,164","1,613","1,634","2,248","2,868","2,419","1,036",153,2
경상북도,포항시,북구 양학동,"19,131","1,344","1,924","1,688","2,540","2,752","3,393","3,239","1,706",469,75,1
경상북도,포항시,북구 죽도동,"17,525",361,762,"1,562","1,831","2,094","2,744","3,734","3,106","1,191",138,2
경상북도,포항시,북구 용흥동,"18,613",640,"1,505","1,407","1,450","2,296","3,362","3,982","2,857",977,135,2
경상북도,포항시,북구 우창동,"29,583","1,982","3,213","2,275","3,407","4,606","5,023","5,276","2,753",890,152,6
경상북도,포항시,북구 두호동,"19,861","1,102","1,863","1,605","2,138","2,543","3,563","4,023","2,275",652,97,0
경상북도,포항시,북구 장량동,"70,576","5,067","9,154","7,318","8,775","12,034","12,526","9,945","4,372","1,163",217,5
경상북도,포항시,북구 환여동,"8,126",413,989,582,755,"1,280","1,380","1,398","1,015",277,37,0
경상북도,경주시,,"242,512","11,015","18,495","19,518","23,099","29,557","44,103","48,162","30,920","14,768","2,827",48
경상북도,경주시,감포읍,"4,985",73,179,250,266,437,846,"1,276",984,567,106,1
경상북도,경주시,안강읍,"21,344",475,"1,411","1,382","1,373","2,022","4,167","5,008","3,424","1,727",351,4
경상북도,경주시,건천읍,"14,901",867,736,"1,122","1,996","1,647","2,615","2,887","1,926",924,175,6
경상북도,경주시,외동읍,"21,466","1,101","1,111","1,298","2,245","2,685","3,920","5,032","2,669","1,140",258,7
경상북도,경주시,문무대왕면,"3,936",127,122,294,469,261,555,896,685,431,95,1
경상북도,경주시,양남면,"6,197",158,304,396,425,574,"1,172","1,629",957,483,96,3
경상북도,경주시,내남면,"4,273",49,139,162,184,264,599,"1,233",948,557,137,1
경상북도,경주시,산내면,"3,112",25,62,63,105,166,393,"1,020",785,411,79,3
경상북도,경주시,서면,"2,873",38,100,104,125,176,426,745,675,415,69,0
경상북도,경주시,현곡면,"21,389","1,741","2,379","1,720","2,484","3,309","3,995","3,280","1,673",676,130,2
경상북도,경주시,강동면,"5,692",83,195,357,309,395,"1,037","1,516","1,094",576,130,0
경상북도,경주시,천북면,"5,310",184,271,289,460,565,934,"1,204",863,454,86,0
경상북도,경주시,황오동,"9,392",142,390,700,691,924,"1,483","2,066","1,884",975,134,3
경상북도,경주시,성건동,"12,165",194,608,"1,972",921,"1,025","1,964","2,283","2,150",923,122,3
경상북도,경주시,황남동,"3,536",45,120,145,187,298,577,849,740,489,85,1
경상북도,경주시,선도동,"13,464",510,"1,393","1,339","1,187","1,910","2,684","2,318","1,389",604,128,2
경상북도,경주시,월성동,"5,168",152,364,276,343,535,935,"1,171",852,449,89,2
경상북도,경주시,용강동,"24,645","2,342","3,138","1,886","3,128","4,512","4,144","3,288","1,491",592,122,2
경상북도,경주시,황성동,"27,978","1,666","3,345","2,940","3,106","4,192","5,724","4,232","1,907",728,135,3
경상북도,경주시,동천동,"19,727",570,"1,520","2,114","2,045","2,366","4,001","3,888","2,257",842,123,1
경상북도,경주시,불국동,"9,414",445,561,609,955,"1,151","1,653","1,947","1,281",668,141,3
경상북도,경주시,보덕동,"1,545",28,47,100,95,143,279,394,286,137,36,0
경상북도,김천시,,"132,433","6,881","11,936","10,036","12,839","16,834","21,931","24,865","16,748","8,445","1,882",36
경상북도,김천시,아포읍,"7,805",224,415,415,629,785,"1,513","1,972","1,150",568,131,3
경상북도,김천시,농소면,"3,008",80,149,164,188,261,545,710,529,298,82,2
경상북도,김천시,남면,"2,845",46,87,127,170,197,436,785,566,327,102,2
경상북도,김천시,개령면,"2,163",32,78,72,100,138,319,616,497,241,70,0
경상북도,김천시,감문면,"2,960",30,65,79,94,174,429,881,658,407,139,4
경상북도,김천시,어모면,"3,900",123,149,200,241,313,646,"1,005",720,404,98,1
경상북도,김천시,봉산면,"2,761",41,116,99,132,205,430,799,566,310,61,2
경상북도,김천시,대항면,"3,033",45,131,140,138,210,494,903,592,306,73,1
경상북도,김천시,감천면,"1,653",27,57,49,75,118,279,472,338,184,50,4
경상북도,김천시,조마면,"1,979",25,63,51,85,152,265,607,443,216,71,1
경상북도,김천시,구성면,"2,525",24,45,64,85,113,375,735,617,355,110,2
경상북도,김천시,지례면,"1,369",20,57,36,46,60,166,380,324,224,56,0
경상북도,김천시,부항면,"1,169",7,41,27,39,66,171,350,256,180,32,0
경상북도,김천시,대덕면,"2,029",27,264,39,75,113,247,517,420,269,57,1
경상북도,김천시,증산면,938,10,26,16,23,53,140,313,206,119,30,2
경상북도,김천시,자산동,"5,601",117,253,371,422,535,886,"1,258","1,129",545,85,0
경상북도,김천시,평화남산동,"6,643",127,321,520,563,707,989,"1,436","1,219",639,119,3
경상북도,김천시,양금동,"3,275",52,163,176,142,250,519,772,737,411,51,2
경상북도,김천시,대신동,"22,851","1,086","2,592","2,786","2,401","3,103","4,398","3,493","1,927",895,167,3
경상북도,김천시,대곡동,"20,224","1,187","2,352","1,548","1,973","2,657","3,593","3,526","2,245",953,188,2
경상북도,김천시,지좌동,"10,276",509,913,"1,026","1,229","1,425","1,940","1,727","1,025",409,72,1
경상북도,김천시,율곡동,"23,426","3,042","3,599","2,031","3,989","5,199","3,151","1,608",584,185,38,0
경상북도,안동시,,"151,343","6,944","12,946","14,741","13,966","17,993","25,089","27,572","19,465","10,488","2,089",50
경상북도,안동시,풍산읍,"7,976",333,463,506,776,783,"1,320","1,635","1,260",722,174,4
경상북도,안동시,와룡면,"3,577",43,123,167,147,186,545,947,789,501,126,3
경상북도,안동시,북후면,"2,704",24,69,73,120,204,458,716,533,405,96,6
경상북도,안동시,서후면,"3,678",45,201,438,213,269,510,847,678,383,89,5
경상북도,안동시,풍천면,"7,603",572,424,757,"1,446",999,965,"1,060",776,485,117,2
경상북도,안동시,일직면,"2,327",17,75,70,73,130,334,649,560,347,70,2
경상북도,안동시,남후면,"1,569",19,42,47,57,104,207,411,352,254,75,1
경상북도,안동시,남선면,"1,926",33,55,89,98,120,323,559,378,228,42,1
경상북도,안동시,임하면,"2,482",29,71,84,94,168,407,658,556,329,85,1
경상북도,안동시,길안면,"2,477",19,58,56,89,126,338,801,531,378,79,2
경상북도,안동시,임동면,"1,521",17,34,44,37,84,231,446,339,241,47,1
경상북도,안동시,예안면,"1,597",18,36,36,47,60,211,510,402,241,36,0
경상북도,안동시,도산면,"1,333",4,31,35,37,53,192,392,329,216,43,1
경상북도,안동시,녹전면,"1,517",15,42,28,42,86,186,450,363,246,59,0
경상북도,안동시,중구동,"4,819",144,307,613,466,508,739,776,769,431,65,1
경상북도,안동시,명륜동,"4,569",138,336,363,369,513,801,981,648,365,54,1
경상북도,안동시,용상동,"24,558","1,513","2,879","4,039","2,609","3,266","3,832","3,180","2,087",971,181,1
경상북도,안동시,서구동,"8,061",284,831,681,541,"1,027","1,350","1,434","1,197",615,97,4
경상북도,안동시,태화동,"11,768",535,853,984,"1,104","1,576","1,971","2,170","1,655",819,97,4
경상북도,안동시,평화동,"5,733",168,452,483,462,658,"1,007","1,087",906,441,68,1
경상북도,안동시,안기동,"5,657",209,415,460,480,631,999,"1,210",833,357,62,1
경상북도,안동시,옥동,"19,498","1,085","2,328","2,116","1,932","2,846","3,529","3,090","1,691",733,145,3
경상북도,안동시,송하동,"14,425",997,"1,524","1,441","1,677","2,060","2,602","2,345","1,169",506,101,3
경상북도,안동시,강남동,"9,968",683,"1,297","1,131","1,050","1,536","2,032","1,218",664,274,81,2
경상북도,구미시,,"402,596","26,151","44,700","42,300","56,950","69,295","71,737","56,174","23,982","9,294","1,964",49
경상북도,구미시,선산읍,"12,977",421,935,777,874,"1,412","2,405","3,039","1,913",948,244,9
경상북도,구미시,고아읍,"40,153","3,226","4,204","3,159","5,086","6,033","7,573","7,010","2,498","1,084",272,8
경상북도,구미시,산동읍,"31,010","4,831","4,743","1,752","6,538","7,624","2,983","1,604",609,250,75,1
경상북도,구미시,무을면,"1,667",22,35,51,52,87,240,496,391,217,74,2
경상북도,구미시,옥성면,"1,559",8,24,50,48,94,246,467,362,203,55,2
경상북도,구미시,도개면,"1,943",20,94,58,66,126,287,534,423,266,69,0
경상북도,구미시,해평면,"3,519",37,117,142,144,241,610,935,733,448,111,1
경상북도,구미시,장천면,"2,633",33,127,111,126,216,448,700,525,277,69,1
경상북도,구미시,송정동,"22,877","1,076","2,019","2,558","3,039","3,291","4,175","4,031","2,010",586,91,1
경상북도,구미시,원평동,"9,417",740,580,690,"1,628","1,568","1,530","1,429",865,329,57,1
경상북도,구미시,도량동,"25,759","1,235","2,785","2,262","2,492","3,770","5,209","4,955","2,178",738,134,1
경상북도,구미시,지산동,"1,769",31,63,118,106,152,316,505,343,113,20,2
경상북도,구미시,선주원남동,"35,565","1,734","4,670","4,353","3,693","5,767","7,000","5,496","2,087",629,134,2
경상북도,구미시,형곡1동,"12,123",503,"1,256","1,204","1,206","1,674","2,510","2,321","1,081",312,55,1
경상북도,구미시,형곡2동,"14,478",400,"1,267","1,660","1,564","1,830","3,147","3,043","1,157",356,54,0
경상북도,구미시,신평1동,"4,538",216,214,803,841,544,713,671,362,141,32,1
경상북도,구미시,신평2동,"2,770",179,184,265,467,372,490,460,231,106,16,0
경상북도,구미시,비산동,"13,436","1,229","1,284","1,366","2,578","2,340","2,318","1,670",456,171,23,1
경상북도,구미시,광평동,"3,906",134,312,509,512,627,768,634,280,115,14,1
경상북도,구미시,상모사곡동,"29,764","1,700","3,307","3,825","4,078","4,880","6,603","3,800","1,100",396,73,2
경상북도,구미시,임오동,"16,483","1,039","2,245","1,611","2,068","3,211","3,422","2,041",597,211,36,2
경상북도,구미시,인동동,"46,280","2,434","5,541","5,381","7,351","9,284","8,250","5,205","1,953",754,122,5
경상북도,구미시,진미동,"16,039",490,992,"2,797","4,483","3,161","2,184","1,249",491,153,39,0
경상북도,구미시,양포동,"47,948","4,124","7,362","6,305","7,106","10,250","7,656","3,404","1,182",463,91,5
경상북도,구미시,공단동,"3,983",289,340,493,804,741,654,475,155,28,4,0
경상북도,영주시,,"96,237","3,909","8,405","7,473","7,379","10,647","16,313","18,907","14,243","7,406","1,520",35
경상북도,영주시,풍기읍,"9,858",279,899,651,551,855,"1,514","2,257","1,740",922,183,7
경상북도,영주시,이산면,"2,077",26,78,79,97,120,327,644,390,250,66,0
경상북도,영주시,평은면,"1,310",12,41,27,41,70,194,358,313,200,53,1
경상북도,영주시,문수면,"1,804",41,59,65,99,105,272,499,353,242,66,3
경상북도,영주시,장수면,"1,940",33,63,91,105,125,249,507,415,276,74,2
경상북도,영주시,안정면,"2,716",50,90,95,126,161,397,689,608,385,115,0
경상북도,영주시,봉현면,"2,436",38,98,97,129,184,345,699,546,244,52,4
경상북도,영주시,순흥면,"1,799",15,45,76,63,84,251,548,437,224,55,1
경상북도,영주시,단산면,"1,666",11,41,57,70,79,211,497,408,230,62,0
경상북도,영주시,부석면,"2,680",35,73,80,89,150,361,795,655,362,79,1
경상북도,영주시,상망동,"6,719",243,662,518,437,727,"1,384","1,225",936,494,89,4
경상북도,영주시,하망동,"5,627",199,690,379,349,610,"1,036","1,008",829,444,82,1
경상북도,영주시,영주1동,"3,319",89,181,218,201,322,557,703,644,354,50,0
경상북도,영주시,영주2동,"4,322",107,255,238,247,424,679,974,867,458,71,2
경상북도,영주시,휴천1동,"6,886",464,919,576,689,885,"1,258",968,749,319,58,1
경상북도,영주시,휴천2동,"9,552",318,745,"1,030",744,"1,004","1,566","1,871","1,437",725,110,2
경상북도,영주시,휴천3동,"6,762",221,493,535,539,723,"1,262","1,455","1,013",436,83,2
경상북도,영주시,가흥1동,"14,864","1,120","1,943","1,697","1,730","2,593","2,668","1,749",930,376,58,0
경상북도,영주시,가흥2동,"9,900",608,"1,030",964,"1,073","1,426","1,782","1,461",973,465,114,4
경상북도,영천시,,"93,605","3,926","5,959","5,804","7,551","9,756","15,991","20,622","14,994","7,564","1,426",12
경상북도,영천시,금호읍,"9,735",251,353,492,627,820,"1,767","2,514","1,787",970,153,1
경상북도,영천시,청통면,"3,723",93,88,151,195,278,574,"1,002",844,401,96,1
경상북도,영천시,신녕면,"3,434",61,215,109,150,214,503,876,779,439,88,0
경상북도,영천시,화산면,"2,832",56,68,84,120,176,416,749,662,413,88,0
경상북도,영천시,화북면,"2,118",22,96,46,58,99,319,692,499,222,65,0
경상북도,영천시,화남면,"3,086",69,114,85,140,187,455,904,714,341,75,2
경상북도,영천시,자양면,"1,214",18,38,34,50,63,173,429,219,159,31,0
경상북도,영천시,임고면,"3,899",78,98,126,169,250,605,"1,011",944,518,98,2
경상북도,영천시,고경면,"5,236",173,195,397,379,416,685,"1,270","1,057",552,112,0
경상북도,영천시,북안면,"4,092",49,80,151,189,257,613,"1,132",938,561,121,1
경상북도,영천시,대창면,"2,839",63,73,89,142,188,439,808,688,288,60,1
경상북도,영천시,동부동,"25,195","1,417","2,462","2,061","2,553","3,531","4,873","4,465","2,621","1,030",181,1
경상북도,영천시,중앙동,"8,680",499,821,768,951,"1,116","1,507","1,512",975,465,66,0
경상북도,영천시,서부동,"4,174",81,205,312,285,362,742,966,727,423,69,2
경상북도,영천시,완산동,"9,703",855,846,708,"1,243","1,388","1,676","1,489",972,465,61,0
경상북도,영천시,남부동,"3,645",141,207,191,300,411,644,803,568,317,62,1
경상북도,상주시,,"88,920","3,236","6,760","5,660","5,815","8,922","14,191","19,655","14,426","8,322","1,885",48
경상북도,상주시,함창읍,"5,871",184,435,261,335,595,853,"1,334","1,064",671,137,2
경상북도,상주시,중동면,"1,261",23,46,32,46,76,179,327,305,188,39,0
경상북도,상주시,사벌국면,"3,562",70,136,148,183,262,468,916,715,527,135,2
경상북도,상주시,낙동면,"2,720",48,140,79,95,149,365,747,561,419,111,6
경상북도,상주시,낙동면동부출장소,888,16,19,31,42,39,140,264,173,134,29,1
경상북도,상주시,청리면,"2,340",46,97,70,102,132,334,615,510,342,88,4
경상북도,상주시,공성면,"3,652",40,274,97,122,251,464,961,844,492,106,1
경상북도,상주시,외남면,"1,467",21,58,44,47,85,212,411,305,223,59,2
경상북도,상주시,내서면,"1,751",19,48,42,60,99,238,584,364,239,56,2
경상북도,상주시,모동면,"2,416",36,186,85,101,183,360,691,488,232,54,0
경상북도,상주시,모서면,"1,548",25,48,61,46,114,238,431,347,180,57,1
경상북도,상주시,모서면서부출장소,674,16,24,22,22,39,104,220,118,88,21,0
경상북도,상주시,화동면,"1,792",39,88,73,80,123,257,519,353,215,43,2
경상북도,상주시,화서면,"2,683",118,163,99,140,215,400,696,489,307,54,2
경상북도,상주시,화북면,"1,109",15,53,35,30,82,201,331,204,126,31,1
경상북도,상주시,화북면서부출장소,299,1,4,7,7,11,41,115,63,43,7,0
경상북도,상주시,외서면,"2,369",34,110,71,78,163,362,648,524,304,72,3
경상북도,상주시,은척면,"1,093",19,41,30,28,56,132,288,275,182,40,2
경상북도,상주시,은척면북부출장소,340,5,6,13,10,12,58,82,71,71,12,0
경상북도,상주시,공검면,"1,875",11,50,61,71,113,259,461,478,278,92,1
경상북도,상주시,이안면,"1,842",31,80,65,57,117,268,458,383,310,71,2
경상북도,상주시,화남면,744,26,27,24,24,37,107,227,150,91,30,1
경상북도,상주시,남원동,"10,678",488,"1,193",846,879,"1,393","1,849","1,940","1,386",599,102,3
경상북도,상주시,북문동,"9,024",509,864,807,888,"1,299","1,560","1,585","1,012",410,89,1
경상북도,상주시,계림동,"8,581",611,851,617,919,"1,162","1,537","1,400",896,483,102,3
경상북도,상주시,동문동,"7,150",325,631,535,573,824,"1,333","1,369",952,510,96,2
경상북도,상주시,동성동,"3,094",71,228,214,164,331,546,671,537,277,53,2
경상북도,상주시,신흥동,"8,097",389,860,"1,191",666,960,"1,326","1,364",859,381,99,2
경상북도,문경시,,"64,657","2,334","4,762","4,243","4,344","6,670","10,484","14,102","10,612","5,885","1,193",28
경상북도,문경시,문경읍,"5,444",154,337,228,315,442,841,"1,356","1,023",625,121,2
경상북도,문경시,문경읍갈평출장소,"1,046",12,49,29,34,61,191,318,201,120,30,1
경상북도,문경시,가은읍,"2,900",70,124,98,104,202,373,819,595,418,94,3
경상북도,문경시,가은읍북부출장소,814,12,29,14,30,54,157,254,141,108,15,0
경상북도,문경시,영순면,"2,215",39,252,73,82,134,266,521,472,294,80,2
경상북도,문경시,산양면,"2,830",50,135,112,112,218,390,712,640,365,94,2
경상북도,문경시,호계면,"2,131",28,78,194,93,136,279,562,428,284,49,0
경상북도,문경시,산북면,"2,483",44,56,91,82,146,365,695,538,368,94,4
경상북도,문경시,동로면,"1,823",40,81,46,67,105,277,571,376,214,45,1
경상북도,문경시,마성면,"3,226",40,86,141,135,190,509,827,709,487,99,3
경상북도,문경시,농암면,"2,395",21,69,70,81,126,337,720,536,352,82,1
경상북도,문경시,점촌1동,"5,078",219,364,306,437,579,787,"1,033",905,374,73,1
경상북도,문경시,점촌2동,"6,269",246,511,426,431,699,"1,001","1,247","1,064",562,80,2
경상북도,문경시,점촌3동,"8,026",323,703,634,648,966,"1,346","1,616","1,154",525,109,2
경상북도,문경시,점촌4동,"2,802",74,111,123,188,264,457,670,523,334,56,2
경상북도,문경시,점촌5동,"15,175",962,"1,777","1,658","1,505","2,348","2,908","2,181","1,307",455,72,2
경상북도,경산시,,"263,020","13,629","23,172","32,855","30,172","35,769","45,616","42,497","25,760","11,493","2,028",29
경상북도,경산시,하양읍,"32,869","1,802","3,297","5,522","3,925","4,372","5,305","4,337","2,740","1,355",211,3
경상북도,경산시,진량읍,"32,606","1,146","2,670","4,872","3,108","4,073","6,853","5,396","2,852","1,420",215,1
경상북도,경산시,압량읍,"22,043","1,774","1,836","2,680","3,699","3,651","3,063","2,800","1,665",732,140,3
경상북도,경산시,와촌면,"5,011",90,159,260,307,414,858,"1,379",958,485,97,4
경상북도,경산시,자인면,"4,911",78,175,275,307,399,778,"1,285","1,029",480,102,3
경상북도,경산시,용성면,"3,105",31,80,98,134,179,453,945,763,346,76,0
경상북도,경산시,남산면,"3,389",42,160,128,156,256,498,945,737,382,85,0
경상북도,경산시,남천면,"2,574",31,88,103,129,189,389,689,627,259,66,4
경상북도,경산시,중방동,"10,682",477,647,"1,235","1,460","1,220","1,892","2,061","1,211",415,64,0
경상북도,경산시,중앙동,"5,452",109,223,630,610,515,995,"1,200",752,359,59,0
경상북도,경산시,남부동,"18,028","1,047","2,006","1,448","1,725","2,936","3,114","2,828","1,927",849,145,3
경상북도,경산시,서부1동,"29,509","1,191","3,245","2,884","2,716","4,256","5,613","5,046","3,021","1,306",229,2
경상북도,경산시,서부2동,"41,482","3,747","3,773","3,791","6,097","6,362","6,934","5,940","3,255","1,369",214,0
경상북도,경산시,북부동,"16,189",552,944,"4,440","2,172","1,841","2,285","2,119","1,251",502,82,1
경상북도,경산시,동부동,"35,170","1,512","3,869","4,489","3,627","5,106","6,586","5,527","2,972","1,234",243,5
경상북도,의성군,,"47,879","1,256","2,017","1,862","2,573","3,709","6,912","12,320","9,939","5,960","1,311",20
경상북도,의성군,의성읍,"11,993",482,941,778,931,"1,368","1,933","2,464","1,962",957,176,1
경상북도,의성군,단촌면,"1,812",42,40,41,72,121,234,527,411,277,44,3
경상북도,의성군,점곡면,"1,479",23,30,36,60,71,189,419,375,229,47,0
경상북도,의성군,옥산면,"1,646",28,28,33,57,88,252,517,386,211,46,0
경상북도,의성군,사곡면,"1,490",13,23,39,39,59,201,468,353,237,55,3
경상북도,의성군,춘산면,"1,461",26,54,23,50,83,179,492,325,187,41,1
경상북도,의성군,가음면,"1,425",22,29,28,65,79,185,456,339,180,42,0
경상북도,의성군,금성면,"3,975",90,115,126,166,273,536,"1,039",945,551,132,2
경상북도,의성군,봉양면,"3,813",91,219,168,207,311,579,926,781,422,108,1
경상북도,의성군,비안면,"2,473",54,64,65,103,153,334,691,573,342,91,3
경상북도,의성군,구천면,"1,628",29,24,43,62,87,233,448,396,240,66,0
경상북도,의성군,단밀면,"1,595",26,61,42,65,94,222,472,309,245,58,1
경상북도,의성군,단북면,"1,617",25,35,45,67,114,236,426,362,243,64,0
경상북도,의성군,안계면,"4,247",182,217,208,343,418,635,910,751,495,86,2
경상북도,의성군,다인면,"3,534",76,70,115,162,210,480,945,804,558,113,1
경상북도,의성군,신평면,800,10,17,13,22,37,123,226,174,150,28,0
경상북도,의성군,안평면,"2,058",26,36,36,65,104,246,659,500,305,79,2
경상북도,의성군,안사면,833,11,14,23,37,39,115,235,193,131,35,0
경상북도,청송군,,"24,560",712,"1,015","1,298","1,632","2,065","3,939","6,148","4,523","2,677",538,13
경상북도,청송군,청송읍,"5,098",194,305,379,414,519,922,"1,111",737,415,100,2
경상북도,청송군,주왕산면,"1,795",24,41,59,99,115,277,530,377,231,41,1
경상북도,청송군,부남면,"2,408",50,85,74,92,141,352,702,529,318,62,3
경상북도,청송군,현동면,"2,033",63,84,89,85,162,344,523,400,227,55,1
경상북도,청송군,현서면,"2,513",59,82,96,121,181,360,739,540,285,49,1
경상북도,청송군,안덕면,"2,496",45,85,87,96,148,373,713,528,337,81,3
경상북도,청송군,파천면,"1,691",27,51,57,83,121,224,453,383,242,49,1
경상북도,청송군,진보면,"6,526",250,282,457,642,678,"1,087","1,377","1,029",622,101,1
경상북도,영양군,,"15,956",400,870,881,945,"1,348","2,579","3,953","2,798","1,814",354,14
경상북도,영양군,영양읍,"7,098",273,550,539,620,822,"1,214","1,409",983,566,118,4
경상북도,영양군,입암면,"2,034",31,87,69,86,151,291,575,421,268,54,1
경상북도,영양군,청기면,"1,599",20,41,41,50,76,220,472,359,263,53,4
경상북도,영양군,일월면,"1,683",22,49,78,67,82,264,513,324,241,43,0
경상북도,영양군,수비면,"1,630",26,74,78,53,113,281,434,315,211,44,1
경상북도,영양군,석보면,"1,912",28,69,76,69,104,309,550,396,265,42,4
경상북도,영덕군,,"32,511",888,"1,688","1,504","1,799","2,886","5,199","7,672","6,125","3,946",792,12
경상북도,영덕군,영덕읍,"10,055",425,815,680,822,"1,216","1,845","1,971","1,405",729,145,2
경상북도,영덕군,강구면,"5,403",125,238,230,286,463,908,"1,321","1,082",653,96,1
경상북도,영덕군,남정면,"2,168",30,42,63,76,135,320,595,505,328,73,1
경상북도,영덕군,달산면,"1,061",19,16,21,32,58,133,313,244,177,47,1
경상북도,영덕군,지품면,"1,379",31,31,31,52,66,205,395,306,230,30,2
경상북도,영덕군,지품면원전출장소,506,5,7,12,12,20,68,149,128,91,14,0
경상북도,영덕군,축산면,846,8,37,20,27,50,124,224,181,143,32,0
경상북도,영덕군,축산면축산출장소,"1,476",29,48,51,54,100,203,396,350,211,34,0
경상북도,영덕군,영해면,"5,713",177,361,300,318,550,868,"1,266","1,047",671,152,3
경상북도,영덕군,병곡면,"2,445",31,70,69,93,158,340,633,518,410,122,1
경상북도,영덕군,창수면,"1,459",8,23,27,27,70,185,409,359,303,47,1
경상북도,청도군,,"39,988",993,"1,950","1,623","2,084","3,454","6,153","10,381","8,198","4,161",972,19
경상북도,청도군,화양읍,"6,786",294,566,433,463,826,"1,129","1,453","1,027",467,127,1
경상북도,청도군,화양읍남성현출장소,"1,051",18,39,23,54,99,143,274,229,139,32,1
경상북도,청도군,청도읍,"9,435",274,613,503,593,996,"1,682","2,130","1,687",772,183,2
경상북도,청도군,청도읍유호출장소,"1,478",25,44,44,54,116,200,418,364,181,32,0
경상북도,청도군,각남면,"2,113",37,60,64,96,135,292,597,473,275,79,5
경상북도,청도군,풍각면,"3,652",89,136,102,202,266,495,"1,045",810,410,95,2
경상북도,청도군,각북면,"2,274",41,58,60,113,138,313,703,508,292,48,0
경상북도,청도군,이서면,"4,405",108,233,163,193,370,639,"1,144",965,481,103,6
경상북도,청도군,운문면,"1,905",21,36,51,66,111,298,582,421,257,62,0
경상북도,청도군,금천면,"3,192",44,78,85,107,178,462,911,811,418,97,1
경상북도,청도군,매전면,"3,697",42,87,95,143,219,500,"1,124",903,469,114,1
경상북도,고령군,,"29,429",827,"1,588","1,620","1,848","2,802","5,097","7,281","5,108","2,671",574,13
경상북도,고령군,대가야읍,"9,149",328,693,654,645,"1,016","1,783","1,911","1,327",667,124,1
경상북도,고령군,덕곡면,"1,385",19,50,41,53,83,184,394,320,180,58,3
경상북도,고령군,운수면,"1,710",27,31,48,88,115,239,509,368,236,48,1
경상북도,고령군,성산면,"2,414",38,67,79,149,224,371,722,478,231,55,0
경상북도,고령군,다산면,"8,383",305,594,616,653,962,"1,549","1,888","1,203",523,86,4
경상북도,고령군,개진면,"1,781",27,35,51,94,107,283,533,379,217,52,3
경상북도,고령군,우곡면,"1,518",24,28,41,57,97,241,411,365,216,38,0
경상북도,고령군,쌍림면,"3,089",59,90,90,109,198,447,913,668,401,113,1
경상북도,성주군,,"40,293","1,191","1,927","1,804","2,697","3,757","6,595","10,695","7,424","3,432",760,11
경상북도,성주군,성주읍,"13,012",677,"1,166",939,"1,263","1,664","2,348","2,493","1,582",718,158,4
경상북도,성주군,선남면,"5,707",139,167,199,377,463,907,"1,756","1,115",487,96,1
경상북도,성주군,용암면,"3,428",44,85,98,178,254,589,"1,044",748,319,68,1
경상북도,성주군,수륜면,"3,097",49,96,76,130,237,443,944,699,339,83,1
경상북도,성주군,가천면,"1,859",30,34,51,80,107,282,596,411,215,50,3
경상북도,성주군,금수강산면,"1,151",11,25,28,52,74,170,346,271,129,45,0
경상북도,성주군,대가면,"2,205",23,67,87,110,145,357,614,495,251,56,0
경상북도,성주군,벽진면,"2,735",52,61,77,127,196,368,857,647,289,61,0
경상북도,성주군,초전면,"4,019",98,125,151,216,353,656,"1,135",813,393,78,1
경상북도,성주군,월항면,"3,080",68,101,98,164,264,475,910,643,292,65,0
경상북도,칠곡군,,"103,426","4,437","10,218","8,044","9,501","16,862","21,061","17,865","9,604","4,792","1,015",27
경상북도,칠곡군,왜관읍,"29,602","1,228","2,843","2,537","2,595","3,920","6,160","5,518","2,935","1,546",310,10
경상북도,칠곡군,북삼읍,"22,067",809,"2,498","2,000","1,714","3,610","5,528","3,685","1,462",637,122,2
경상북도,칠곡군,석적읍,"29,076","2,041","4,035","2,463","3,908","7,438","5,238","2,331","1,116",429,74,3
경상북도,칠곡군,지천면,"3,612",30,76,156,161,252,594,997,780,458,104,4
경상북도,칠곡군,동명면,"4,834",70,128,164,257,347,747,"1,488",964,531,135,3
경상북도,칠곡군,가산면,"3,111",46,65,100,169,231,514,918,680,304,83,1
경상북도,칠곡군,약목면,"8,312",134,398,516,514,762,"1,808","2,185","1,228",644,120,3
경상북도,칠곡군,기산면,"2,812",79,175,108,183,302,472,743,439,243,67,1
경상북도,예천군,,"53,275","3,402","4,682","3,092","4,841","6,618","7,344","9,728","7,754","4,652","1,143",19
경상북도,예천군,예천읍,"13,314",457,"1,043",918,891,"1,382","2,176","2,804","2,321","1,078",237,7
경상북도,예천군,호명읍,"20,800","2,656","3,043","1,451","3,230","4,104","2,794","1,978",946,503,94,1
경상북도,예천군,용문면,"2,025",27,72,63,58,119,237,525,469,356,99,0
경상북도,예천군,감천면,"2,340",30,62,61,86,116,290,636,576,368,113,2
경상북도,예천군,보문면,"1,467",23,46,41,43,93,165,411,336,239,69,1
경상북도,예천군,유천면,"2,330",97,93,219,204,164,237,475,421,313,104,3
경상북도,예천군,용궁면,"2,141",27,68,57,71,147,296,498,550,365,61,1
경상북도,예천군,개포면,"1,396",14,34,28,24,73,168,358,364,282,50,1
경상북도,예천군,지보면,"2,448",27,69,72,67,146,293,641,605,411,117,0
경상북도,예천군,풍양면,"2,668",28,51,106,100,141,376,682,639,427,116,2
경상북도,예천군,효자면,"1,136",5,52,38,26,62,150,392,249,121,41,0
경상북도,예천군,은풍면,"1,210",11,49,38,41,71,162,328,278,189,42,1
경상북도,봉화군,,"28,041",697,"1,605","1,241","1,334","2,256","4,418","7,314","5,323","3,093",737,23
경상북도,봉화군,봉화읍,"8,757",323,808,561,518,927,"1,477","1,846","1,345",752,191,9
경상북도,봉화군,물야면,"2,802",44,75,91,96,164,408,855,625,364,78,2
경상북도,봉화군,봉성면,"1,845",34,60,72,68,123,258,512,424,224,69,1
경상북도,봉화군,법전면,"1,819",36,78,58,70,110,253,506,361,268,78,1
경상북도,봉화군,춘양면,"4,036",97,210,184,198,264,615,"1,109",761,484,110,4
경상북도,봉화군,소천면,"2,019",33,51,49,65,125,300,651,461,234,48,2
경상북도,봉화군,재산면,"1,350",18,43,43,34,83,227,446,259,158,38,1
경상북도,봉화군,명호면,"2,008",24,83,50,70,112,313,604,467,236,47,2
경상북도,봉화군,상운면,"1,583",14,41,38,60,75,232,432,399,239,52,1
경상북도,봉화군,석포면,"1,822",74,156,95,155,273,335,353,221,134,26,0
경상북도,울진군,,"46,319","2,009","3,058","3,563","4,096","4,993","8,096","9,471","6,208","3,914",892,19
경상북도,울진군,울진읍,"13,955",804,"1,446","1,400","1,414","1,945","2,603","2,179","1,235",758,166,5
경상북도,울진군,평해읍,"2,466",20,109,139,104,162,372,591,477,399,91,2
경상북도,울진군,북면,"7,004",663,470,646,"1,102","1,009","1,177","1,050",513,300,70,4
경상북도,울진군,북면하당출장소,609,4,8,28,26,16,112,176,113,106,20,0
경상북도,울진군,근남면,"2,669",80,104,136,171,219,488,696,402,301,72,0
경상북도,울진군,기성면,"2,238",27,72,126,106,105,307,578,479,328,109,1
경상북도,울진군,온정면,"1,516",18,45,50,45,79,206,404,343,254,72,0
경상북도,울진군,죽변면,"5,976",149,292,475,541,607,"1,162","1,394",833,445,76,2
경상북도,울진군,후포면,"6,834",218,424,471,507,685,"1,141","1,545","1,182",569,90,2
경상북도,울진군,금강송면,"1,197",5,28,24,26,61,236,386,237,160,34,0
경상북도,울진군,매화면,"1,855",21,60,68,54,105,292,472,394,294,92,3
경상북도,울릉군,,"8,747",247,409,607,796,"1,064","1,741","2,043","1,184",542,111,3
경상북도,울릉군,울릉읍,"6,050",177,320,462,577,785,"1,237","1,340",768,334,48,2
경상북도,울릉군,서면,921,21,38,48,78,99,179,235,132,68,22,1
경상북도,울릉군,서면태하출장소,455,11,11,13,22,34,77,123,91,56,17,0
경상북도,울릉군,북면,"1,321",38,40,84,119,146,248,345,193,84,24,0
경상남도,,,"3,191,645","170,198","311,490","278,261","341,112","467,215","573,230","553,602","325,284","143,891","26,840",522
경상남도,창원시,,"985,013","55,038","94,480","94,120","118,748","148,571","174,525","168,100","92,308","33,600","5,438",85
경상남도,창원시,의창구 ,"209,833","11,943","19,142","20,744","26,224","30,661","37,699","37,716","18,449","6,159","1,077",19
경상남도,창원시,의창구 동읍,"18,142",487,"1,381","1,600","1,555","2,005","3,846","3,840","2,306",943,178,1
경상남도,창원시,의창구 북면,"44,275","4,276","5,754","2,583","6,027","8,858","6,202","6,346","3,021","1,008",198,2
경상남도,창원시,의창구 대산면,"6,390",131,293,362,422,642,995,"1,700","1,168",564,109,4
경상남도,창원시,의창구 의창동,"46,717","2,837","4,537","4,524","5,720","7,142","8,390","8,335","3,844","1,206",181,1
경상남도,창원시,의창구 팔룡동,"28,901","1,944","2,593","3,324","4,506","4,310","5,867","4,223","1,625",434,75,0
경상남도,창원시,의창구 명곡동,"37,460","1,576","2,918","3,915","4,611","4,517","7,563","7,564","3,508","1,106",178,4
경상남도,창원시,의창구 봉림동,"27,948",692,"1,666","4,436","3,383","3,187","4,836","5,708","2,977",898,158,7
경상남도,창원시,성산구 ,"244,872","15,577","23,684","26,992","36,286","36,576","45,311","40,914","14,571","4,196",752,13
경상남도,창원시,성산구 반송동,"37,575","2,220","4,483","3,641","4,159","5,857","7,218","6,421","2,720",738,116,2
경상남도,창원시,성산구 용지동,"24,356","1,420","2,307","2,593","3,496","3,676","4,294","4,238","1,698",546,87,1
경상남도,창원시,성산구 중앙동,"44,045","3,683","3,504","5,950","8,480","6,960","7,079","5,629","2,087",564,106,3
경상남도,창원시,성산구 상남동,"25,321","1,285","2,776","2,731","3,297","3,774","4,933","4,655","1,365",419,85,1
경상남도,창원시,성산구 사파동,"42,475","2,037","3,914","4,661","6,209","6,041","8,283","7,751","2,646",783,148,2
경상남도,창원시,성산구 가음정동,"38,131","2,807","3,562","3,866","5,986","5,681","6,938","6,470","2,115",594,111,1
경상남도,창원시,성산구 성주동,"26,408","1,935","2,599","2,802","4,052","3,736","5,331","4,386","1,240",270,57,0
경상남도,창원시,성산구 웅남동,"6,561",190,539,748,607,851,"1,235","1,364",700,282,42,3
경상남도,창원시,마산합포구 ,"174,168","8,978","15,288","14,349","18,132","25,427","27,949","31,159","22,267","9,116","1,481",22
경상남도,창원시,마산합포구 구산면,"3,714",57,110,139,196,305,483,"1,078",863,416,67,0
경상남도,창원시,마산합포구 진동면,"11,166",528,"1,123",710,882,"1,775","1,789","2,154","1,525",571,108,1
경상남도,창원시,마산합포구 진북면,"2,992",31,89,144,132,216,479,845,664,318,74,0
경상남도,창원시,마산합포구 진전면,"3,535",30,86,117,146,186,496,"1,022",831,482,138,1
경상남도,창원시,마산합포구 현동,"14,733","1,243","1,901",898,"1,739","3,074","2,122","1,995","1,302",390,67,2
경상남도,창원시,마산합포구 가포동,"5,273",437,267,504,"1,194",809,754,790,405,100,13,0
경상남도,창원시,마산합포구 월영동,"40,122","3,154","4,524","3,876","4,649","6,622","6,490","5,933","3,501","1,215",153,5
경상남도,창원시,마산합포구 문화동,"10,411",218,741,"1,651",837,"1,140","1,641","1,890","1,554",639,98,2
경상남도,창원시,마산합포구 반월중앙동,"12,666",386,"1,153",999,"1,053","1,652","2,272","2,364","1,781",851,150,5
경상남도,창원시,마산합포구 완월동,"7,952",171,597,675,665,852,"1,459","1,710","1,211",515,97,0
경상남도,창원시,마산합포구 자산동,"8,551",178,682,657,613,"1,013","1,491","1,841","1,432",560,82,2
경상남도,창원시,마산합포구 교방동,"18,468","1,469","1,676","1,288","2,585","2,887","2,707","2,808","2,078",843,126,1
경상남도,창원시,마산합포구 오동동,"17,469",475,"1,117","1,328","1,668","2,472","2,921","3,468","2,636","1,215",168,1
경상남도,창원시,마산합포구 합포동,"6,207",263,390,399,666,925,"1,011","1,200",887,405,60,1
경상남도,창원시,마산합포구 산호동,"10,909",338,832,964,"1,107","1,499","1,834","2,061","1,597",596,80,1
경상남도,창원시,마산회원구 ,"173,677","8,055","15,802","15,119","17,878","24,593","31,357","31,752","20,635","7,465","1,008",13
경상남도,창원시,마산회원구 내서읍,"56,761","2,189","6,449","5,793","4,825","8,184","12,183","10,003","4,945","1,879",309,2
경상남도,창원시,마산회원구 회원1동,"9,038",154,556,585,659,"1,008","1,447","2,013","1,728",777,109,2
경상남도,창원시,마산회원구 회원2동,"9,132",528,692,626,"1,209","1,225","1,345","1,670","1,277",492,66,2
경상남도,창원시,마산회원구 석전동,"15,129",702,"1,092","1,091","1,749","2,077","2,409","2,920","2,217",789,83,0
경상남도,창원시,마산회원구 회성동,"4,883",81,208,297,385,493,760,"1,243",978,388,48,2
경상남도,창원시,마산회원구 양덕1동,"9,879",256,734,840,959,"1,326","1,643","2,003","1,532",533,53,0
경상남도,창원시,마산회원구 양덕2동,"33,684","2,873","3,805","2,738","4,411","5,844","5,465","4,863","2,723",850,110,2
경상남도,창원시,마산회원구 합성1동,"8,278",418,529,697,968,"1,103","1,411","1,548","1,151",407,45,1
경상남도,창원시,마산회원구 합성2동,"8,249",396,503,830,984,"1,067","1,353","1,477","1,171",408,60,0
경상남도,창원시,마산회원구 구암1동,"7,663",141,505,566,646,832,"1,356","1,820","1,329",414,53,1
경상남도,창원시,마산회원구 구암2동,"8,376",251,586,871,848,"1,076","1,485","1,650","1,169",389,51,0
경상남도,창원시,마산회원구 봉암동,"2,605",66,143,185,235,358,500,542,415,139,21,1
경상남도,창원시,진해구 ,"182,463","10,485","20,564","16,916","20,228","31,314","32,209","26,559","16,386","6,664","1,120",18
경상남도,창원시,진해구 충무동,"14,913",774,"1,463","1,873","1,837","2,203","2,121","2,025","1,657",820,136,4
경상남도,창원시,진해구 여좌동,"7,490",141,467,643,565,757,"1,260","1,442","1,277",803,134,1
경상남도,창원시,진해구 태백동,"3,333",87,187,237,241,356,534,668,632,338,53,0
경상남도,창원시,진해구 경화동,"9,385",482,899,791,855,"1,412","1,733","1,635","1,089",415,72,2
경상남도,창원시,진해구 병암동,"6,641",207,643,579,579,891,"1,202","1,216",860,403,61,0
경상남도,창원시,진해구 석동,"16,566",760,"2,091","2,008","1,720","2,656","3,226","2,354","1,278",406,65,2
경상남도,창원시,진해구 이동,"8,045",155,443,908,854,"1,029","1,348","1,642","1,167",431,67,1
경상남도,창원시,진해구 자은동,"19,348","1,089","2,322","1,611","2,055","3,414","3,489","3,104","1,635",533,94,2
경상남도,창원시,진해구 덕산동,"8,844",480,"1,023",902,966,"1,300","1,433","1,353",932,383,71,1
경상남도,창원시,진해구 풍호동,"24,015","1,794","3,637","1,814","2,382","4,774","3,877","3,250","1,777",609,101,0
경상남도,창원시,진해구 웅천동,"14,167","1,407","1,512","1,020","2,099","2,630","2,217","1,862",950,385,83,2
경상남도,창원시,진해구 웅동1동,"7,430",338,580,660,795,"1,018","1,471","1,437",742,304,85,0
경상남도,창원시,진해구 웅동2동,"42,286","2,771","5,297","3,870","5,280","8,874","8,298","4,571","2,390",834,98,3
경상남도,진주시,,"334,017","19,732","33,162","36,878","38,849","46,255","56,627","52,315","32,556","14,877","2,711",55
경상남도,진주시,문산읍,"7,383",351,638,512,668,887,"1,154","1,522","1,012",510,126,3
경상남도,진주시,내동면,"3,820",184,414,336,322,504,709,708,409,181,53,0
경상남도,진주시,정촌면,"8,634",901,642,647,"1,617","1,252","1,214","1,357",666,278,56,4
경상남도,진주시,금곡면,"1,990",31,74,83,77,117,287,526,413,311,71,0
경상남도,진주시,진성면,"1,676",21,49,54,77,118,248,445,384,219,60,1
경상남도,진주시,일반성면,"2,269",41,133,121,113,204,403,553,406,239,56,0
경상남도,진주시,이반성면,"1,429",8,27,46,51,76,169,446,329,220,54,3
경상남도,진주시,사봉면,"1,314",16,43,33,48,88,182,333,315,207,49,0
경상남도,진주시,지수면,"1,286",18,49,59,47,85,203,324,260,183,56,2
경상남도,진주시,대곡면,"2,769",27,74,101,127,148,420,720,595,438,118,1
경상남도,진주시,금산면,"19,240","1,227","2,325","1,830","1,880","2,820","3,615","3,101","1,629",683,126,4
경상남도,진주시,집현면,"4,213",111,294,276,285,402,820,"1,016",582,342,83,2
경상남도,진주시,미천면,"1,420",7,32,40,46,60,210,407,335,236,47,0
경상남도,진주시,명석면,"3,636",63,137,175,199,261,607,"1,000",757,365,71,1
경상남도,진주시,대평면,939,7,41,47,44,61,151,241,185,131,29,2
경상남도,진주시,수곡면,"1,988",24,65,76,82,124,327,574,379,256,81,0
경상남도,진주시,천전동,"26,590",930,"2,069","4,187","2,707","2,910","4,579","4,153","3,168","1,647",235,5
경상남도,진주시,성북동,"9,196",235,569,961,936,"1,160","1,590","1,741","1,288",614,99,3
경상남도,진주시,중앙동,"9,775",173,481,728,775,908,"1,595","2,045","2,015",920,132,3
경상남도,진주시,상봉동,"12,245",244,808,"1,211","1,052","1,314","2,223","2,493","1,877",887,131,5
경상남도,진주시,상대동,"17,540",513,"1,299","2,078","1,920","2,017","3,133","3,240","2,264",941,133,2
경상남도,진주시,하대동,"21,649",680,"1,758","2,541","2,388","2,471","4,473","4,168","2,273",773,123,1
경상남도,진주시,상평동,"10,296",387,894,"1,069","1,137","1,389","1,780","1,911","1,228",443,56,2
경상남도,진주시,초장동,"27,223","2,569","4,181","2,672","3,507","5,031","4,785","2,833","1,164",404,75,2
경상남도,진주시,평거동,"24,771","1,204","2,709","2,938","2,786","3,404","4,900","3,907","1,879",883,159,2
경상남도,진주시,신안동,"10,715",359,905,"1,168",987,"1,312","1,824","2,000","1,406",643,107,4
경상남도,진주시,이현동,"9,620",335,881,895,836,"1,158","1,852","1,926","1,198",462,77,0
경상남도,진주시,판문동,"19,617","1,395","2,884","1,821","2,033","3,390","3,533","2,544","1,388",540,87,2
경상남도,진주시,가호동,"37,121","3,323","3,414","7,693","6,149","5,077","5,219","3,604","1,831",696,115,0
경상남도,진주시,충무공동,"33,653","4,348","5,273","2,480","5,953","7,507","4,422","2,477",921,225,46,1
경상남도,통영시,,"115,975","4,506","12,042","8,458","8,654","17,018","21,639","22,246","14,556","5,895",946,15
경상남도,통영시,산양읍,"4,054",49,172,152,196,376,732,"1,113",776,414,73,1
경상남도,통영시,용남면,"11,237",482,"1,434",806,787,"1,765","2,246","1,961","1,133",528,93,2
경상남도,통영시,도산면,"2,552",17,86,102,95,165,417,702,596,309,63,0
경상남도,통영시,광도면,"31,972","2,135","4,714","2,688","3,250","6,459","5,851","4,050","2,025",682,117,1
경상남도,통영시,욕지면,"1,896",22,75,78,72,205,397,496,349,180,22,0
경상남도,통영시,한산면,"1,797",8,35,41,54,119,303,479,393,311,54,0
경상남도,통영시,사량면,"1,322",12,24,31,41,78,229,417,269,182,39,0
경상남도,통영시,도천동,"7,771",166,600,686,452,851,"1,431","1,753","1,208",547,75,2
경상남도,통영시,명정동,"2,347",30,112,109,108,185,389,579,536,259,39,1
경상남도,통영시,중앙동,"3,138",53,152,157,160,303,527,839,636,271,38,2
경상남도,통영시,정량동,"7,514",151,520,427,446,916,"1,465","1,783","1,296",447,62,1
경상남도,통영시,북신동,"9,351",385,833,638,666,"1,244","1,503","1,927","1,554",520,81,0
경상남도,통영시,미수동,"9,703",300,"1,128",710,619,"1,323","1,893","2,074","1,198",384,72,2
경상남도,통영시,봉평동,"8,617",171,686,566,575,"1,025","1,713","1,962","1,330",512,75,2
경상남도,통영시,무전동,"12,704",525,"1,471","1,267","1,133","2,004","2,543","2,111","1,257",349,43,1
경상남도,사천시,,"107,796","5,128","9,863","8,715","10,472","15,002","19,399","18,617","12,820","6,507","1,252",21
경상남도,사천시,사천읍,"16,468",717,"1,510","1,869","1,896","2,515","3,198","2,544","1,367",702,150,0
경상남도,사천시,정동면,"13,272",942,"1,575","1,190","1,680","2,254","2,436","1,728",908,450,106,3
경상남도,사천시,사남면,"18,325","1,558","2,465","1,893","2,592","3,345","2,948","1,864","1,030",509,119,2
경상남도,사천시,용현면,"8,735",469,781,595,933,"1,303","1,571","1,510",959,496,115,3
경상남도,사천시,축동면,"1,437",24,45,61,67,98,237,367,311,176,51,0
경상남도,사천시,곤양면,"2,937",34,120,116,120,192,473,742,663,397,78,2
경상남도,사천시,곤명면,"2,574",30,73,89,108,170,416,671,556,386,75,0
경상남도,사천시,서포면,"3,100",45,105,105,127,193,533,809,678,430,72,3
경상남도,사천시,동서동,"4,862",60,186,193,181,457,779,"1,172","1,166",581,86,1
경상남도,사천시,선구동,"4,382",90,233,280,343,449,761,"1,005",807,372,41,1
경상남도,사천시,동서금동,"6,629",404,587,395,666,910,"1,118","1,175",908,411,54,1
경상남도,사천시,벌용동,"13,944",455,"1,381","1,117","1,041","1,791","2,858","2,652","1,746",766,134,3
경상남도,사천시,향촌동,"6,389",187,506,546,435,826,"1,281","1,300",854,391,62,1
경상남도,사천시,남양동,"4,533",113,291,263,276,480,758,"1,034",805,411,101,1
경상남도,사천시,신수출장소,209,0,5,3,7,19,32,44,62,29,8,0
경상남도,사천남양출장소,장소 ,0,0,0,0,0,0,0,0,0,0,0,0
경상남도,김해시,,"532,854","32,816","58,429","52,113","65,085","85,093","104,237","80,521","37,364","14,747","2,409",40
경상남도,김해시,진영읍,"52,144","3,497","6,710","3,960","5,509","10,057","9,473","7,388","3,855","1,401",290,4
경상남도,김해시,주촌면,"21,765","2,746","2,226","1,610","3,979","4,200","3,328","2,512",828,272,63,1
경상남도,김해시,진례면,"5,330",79,244,291,351,487,"1,010","1,410",926,449,80,3
경상남도,김해시,한림면,"6,272",83,247,258,394,518,938,"1,884","1,239",585,126,0
경상남도,김해시,생림면,"3,270",46,80,130,171,222,555,"1,000",685,335,46,0
경상남도,김해시,상동면,"2,835",33,92,137,202,241,468,897,535,199,30,1
경상남도,김해시,대동면,"4,834",54,169,176,242,358,656,"1,472","1,138",485,81,3
경상남도,김해시,동상동,"8,185",293,490,768,929,986,"1,563","1,783",961,358,54,0
경상남도,김해시,회현동,"7,851",344,485,560,926,928,"1,326","1,687","1,065",459,71,0
경상남도,김해시,부원동,"8,729",361,494,844,"1,103","1,046","1,703","1,850",962,321,43,2
경상남도,김해시,내외동,"66,159","2,681","5,899","7,720","8,410","8,492","14,221","12,127","4,377","1,946",281,5
경상남도,김해시,북부동,"80,538","4,965","9,683","8,612","9,600","12,816","16,660","11,505","4,677","1,739",278,3
경상남도,김해시,칠산서부동,"8,425",238,550,721,787,989,"1,698","1,919","1,034",416,72,1
경상남도,김해시,활천동,"35,237","1,185","3,021","3,707","3,692","4,558","7,372","7,188","3,124","1,166",222,2
경상남도,김해시,삼안동,"34,790","1,490","2,496","4,542","4,443","3,965","7,008","6,742","2,780","1,151",171,2
경상남도,김해시,불암동,"6,384",232,576,589,590,755,"1,319","1,379",658,250,36,0
경상남도,김해시,장유1동,"71,589","5,744","8,416","7,362","10,520","12,384","14,459","7,681","3,404","1,401",214,4
경상남도,김해시,장유2동,"36,921","2,055","4,565","4,110","4,310","6,356","8,200","4,323","2,056",827,117,2
경상남도,김해시,장유3동,"71,596","6,690","11,986","6,016","8,927","15,735","12,280","5,774","3,060",987,134,7
경상남도,장유출장소, ,0,0,0,0,0,0,0,0,0,0,0,0
경상남도,밀양시,,"98,305","3,391","6,806","6,237","7,430","10,761","16,044","22,577","16,070","7,529","1,436",24
경상남도,밀양시,삼랑진읍,"4,817",65,182,178,246,385,734,"1,336","1,067",551,71,2
경상남도,밀양시,삼랑진임천출장소,"1,393",11,61,242,83,97,137,312,290,135,25,0
경상남도,밀양시,하남읍,"6,396",124,305,282,320,625,973,"1,671","1,294",669,132,1
경상남도,밀양시,부북면,"5,234",87,195,262,339,429,791,"1,425","1,063",524,116,3
경상남도,밀양시,상동면,"3,064",42,80,68,132,169,413,985,770,310,92,3
경상남도,밀양시,산외면,"2,708",41,101,77,117,181,402,846,584,297,59,3
경상남도,밀양시,산내면,"3,574",37,116,121,100,217,587,"1,111",801,409,74,1
경상남도,밀양시,단장면,"4,161",33,122,115,192,248,597,"1,402",950,402,100,0
경상남도,밀양시,상남면,"7,447",202,463,404,435,759,"1,186","1,848","1,372",659,116,3
경상남도,밀양시,초동면,"3,140",21,80,96,125,217,480,872,766,401,81,1
경상남도,밀양시,무안면,"4,447",37,277,147,190,258,604,"1,273",994,555,111,1
경상남도,밀양시,청도면,"1,641",17,29,38,38,87,198,504,456,215,58,1
경상남도,밀양시,내일동,"2,353",48,105,129,148,206,391,567,475,249,35,0
경상남도,밀양시,내이동,"17,036","1,150","1,509","1,535","2,300","2,561","2,970","2,745","1,605",564,96,1
경상남도,밀양시,삼문동,"18,467","1,061","2,289","1,592","1,604","2,856","3,382","2,965","1,780",801,135,2
경상남도,밀양시,가곡동,"7,196",234,477,536,600,839,"1,205","1,552","1,125",529,98,1
경상남도,밀양시,교동,"5,231",181,415,415,461,627,994,"1,163",678,259,37,1
경상남도,거제시,,"228,774","13,174","28,651","17,679","21,825","43,591","45,405","34,374","16,997","5,909","1,143",26
경상남도,거제시,일운면,"7,830",294,595,420,560,"1,079","1,583","1,853",985,379,81,1
경상남도,거제시,동부면,"2,717",31,111,94,149,216,482,753,569,257,54,1
경상남도,거제시,남부면,"1,378",10,43,32,59,89,252,390,313,154,36,0
경상남도,거제시,거제면,"6,703",202,506,370,352,789,"1,205","1,569","1,059",530,118,3
경상남도,거제시,둔덕면,"2,485",26,85,101,120,177,405,682,544,290,53,2
경상남도,거제시,사등면,"10,543",549,"1,288",557,766,"1,983","1,947","1,865","1,052",446,88,2
경상남도,거제시,사등면가조출장소,"1,021",11,36,40,44,94,179,307,206,90,14,0
경상남도,거제시,연초면,"9,327",272,803,626,768,"1,501","2,109","1,873",941,356,76,2
경상남도,거제시,하청면,"2,776",49,179,121,138,254,486,717,528,238,64,2
경상남도,거제시,하청면칠천출장소,"1,016",12,32,23,29,94,164,264,249,119,27,3
경상남도,거제시,장목면,"2,622",29,55,109,115,200,472,711,585,278,66,2
경상남도,거제시,장목면외포출장소,"1,182",15,48,50,44,106,221,303,245,129,21,0
경상남도,거제시,장승포동,"5,026",108,446,517,358,693,"1,125",998,551,190,37,3
경상남도,거제시,능포동,"8,002",180,659,558,515,"1,107","1,788","1,908",939,291,54,3
경상남도,거제시,아주동,"24,584","2,100","4,181","1,949","2,993","6,326","4,140","1,967",707,197,24,0
경상남도,거제시,옥포1동,"7,201",354,658,602,805,"1,264","1,505","1,262",590,141,20,0
경상남도,거제시,옥포2동,"23,158","1,003","2,638","1,843","2,076","4,135","4,945","4,144","1,846",454,74,0
경상남도,거제시,장평동,"19,018",895,"1,853","1,986","2,305","3,535","4,526","2,746",926,212,34,0
경상남도,거제시,고현동,"35,610","2,216","4,334","3,180","4,013","6,599","7,200","5,097","2,257",613,100,1
경상남도,거제시,상문동,"34,493","3,248","5,968","2,705","3,819","8,239","6,234","2,873","1,046",300,61,0
경상남도,거제시,수양동,"22,082","1,570","4,133","1,796","1,797","5,111","4,437","2,092",859,245,41,1
경상남도,양산시,,"361,044","23,958","37,796","30,767","44,750","59,717","63,550","55,630","30,650","12,289","1,904",33
경상남도,양산시,물금읍,"117,213","10,029","15,493","10,722","16,391","22,737","18,324","13,877","6,898","2,367",366,9
경상남도,양산시,동면,"57,866","6,244","5,726","3,953","10,218","11,082","8,351","7,301","3,702","1,136",151,2
경상남도,양산시,원동면,"3,061",57,93,93,145,184,406,920,759,339,64,1
경상남도,양산시,상북면,"13,528",458,755,844,"1,418","1,546","2,441","3,319","1,806",829,108,4
경상남도,양산시,하북면,"7,356",77,401,435,453,602,"1,373","2,077","1,250",559,127,2
경상남도,양산시,중앙동,"10,991",273,589,936,"1,111","1,326","2,095","2,560","1,472",549,80,0
경상남도,양산시,양주동,"29,314","1,119","3,205","3,260","2,726","3,964","6,377","4,661","2,639","1,184",179,0
경상남도,양산시,삼성동,"19,374",729,"1,389","1,822","2,391","2,773","3,930","3,857","1,713",649,120,1
경상남도,양산시,강서동,"8,039",298,831,810,741,"1,247","1,569","1,388",798,287,70,0
경상남도,양산시,서창동,"25,520","1,091","2,912","2,266","2,176","4,054","5,414","4,109","2,428",919,145,6
경상남도,양산시,소주동,"19,156",719,"1,539","1,523","1,784","2,736","3,963","3,688","2,056","1,000",148,0
경상남도,양산시,평산동,"28,299","1,139","2,855","2,460","2,287","4,066","5,495","4,709","3,356","1,688",239,5
경상남도,양산시,덕계동,"21,327","1,725","2,008","1,643","2,909","3,400","3,812","3,164","1,773",783,107,3
경상남도,양산시웅상출장소,출장소 ,0,0,0,0,0,0,0,0,0,0,0,0
경상남도,의령군,,"24,518",629,"1,293","1,216","1,372","2,144","3,976","5,983","4,404","2,814",669,18
경상남도,의령군,의령읍,"8,868",420,830,694,753,"1,196","1,708","1,550","1,085",533,97,2
경상남도,의령군,가례면,"1,547",13,47,57,64,99,234,452,315,200,64,2
경상남도,의령군,칠곡면,"1,132",7,27,40,46,70,163,348,239,157,33,2
경상남도,의령군,대의면,"1,009",31,43,34,42,64,133,285,192,138,46,1
경상남도,의령군,화정면,"1,419",32,44,45,71,86,239,381,284,194,43,0
경상남도,의령군,용덕면,"1,364",7,25,54,58,79,215,420,282,175,47,2
경상남도,의령군,정곡면,"1,292",16,39,38,33,70,194,392,276,186,48,0
경상남도,의령군,지정면,"1,705",24,39,54,60,112,234,494,389,245,53,1
경상남도,의령군,낙서면,652,10,12,16,18,42,66,179,181,99,28,1
경상남도,의령군,부림면,"2,517",44,118,109,133,164,435,622,467,356,68,1
경상남도,의령군,봉수면,932,9,32,34,46,62,118,233,223,142,31,2
경상남도,의령군,궁류면,"1,001",4,15,17,18,40,103,298,230,218,57,1
경상남도,의령군,유곡면,"1,080",12,22,24,30,60,134,329,241,171,54,3
경상남도,함안군,,"56,655","1,888","5,038","3,486","3,691","6,817","10,127","12,314","8,257","4,181",847,9
경상남도,함안군,가야읍,"16,313",630,"1,613","1,261","1,265","2,179","3,139","3,203","1,935",918,167,3
경상남도,함안군,칠원읍,"17,291",816,"2,464","1,212","1,134","2,873","3,419","2,871","1,750",634,118,0
경상남도,함안군,함안면,"2,225",40,75,91,93,170,313,645,452,282,63,1
경상남도,함안군,군북면,"5,518",178,235,298,488,416,776,"1,380",978,627,141,1
경상남도,함안군,법수면,"2,574",31,71,86,122,173,405,747,560,318,60,1
경상남도,함안군,대산면,"2,963",26,89,99,95,172,429,806,704,436,106,1
경상남도,함안군,칠서면,"4,701",106,365,269,273,499,932,"1,062",746,388,60,1
경상남도,함안군,칠북면,"1,738",17,34,52,61,104,216,545,411,253,45,0
경상남도,함안군,산인면,"2,460",41,76,91,131,191,379,747,511,233,60,0
경상남도,함안군,여항면,872,3,16,27,29,40,119,308,210,92,27,1
경상남도,창녕군,,"54,173","1,644","3,708","2,568","3,466","5,485","8,873","13,055","9,314","5,047","1,000",13
경상남도,창녕군,창녕읍,"14,888",710,"1,337",996,"1,270","1,934","2,605","2,997","1,929",920,187,3
경상남도,창녕군,남지읍,"11,102",497,"1,095",504,720,"1,478","1,876","2,368","1,595",818,149,2
경상남도,창녕군,고암면,"1,733",33,86,77,80,88,231,469,372,247,50,0
경상남도,창녕군,성산면,"1,453",16,24,43,64,83,221,458,309,188,47,0
경상남도,창녕군,대합면,"3,394",47,125,124,197,273,565,887,666,430,80,0
경상남도,창녕군,이방면,"2,249",30,281,59,87,139,278,569,438,314,53,1
경상남도,창녕군,유어면,"1,558",22,29,61,64,94,210,420,377,236,43,2
경상남도,창녕군,대지면,"2,271",60,179,102,129,247,366,491,413,239,43,2
경상남도,창녕군,계성면,"2,046",28,52,59,113,151,343,543,420,281,56,0
경상남도,창녕군,영산면,"4,713",89,234,230,310,403,820,"1,253",871,430,72,1
경상남도,창녕군,장마면,"1,687",20,46,55,84,115,227,478,351,258,51,2
경상남도,창녕군,도천면,"2,381",34,92,105,115,177,418,672,493,228,47,0
경상남도,창녕군,길곡면,"1,408",4,38,38,62,84,205,455,337,141,44,0
경상남도,창녕군,부곡면,"3,290",54,90,115,171,219,508,995,743,317,78,0
경상남도,고성군,,"46,712","1,138","3,718","2,491","2,513","4,850","8,043","10,754","7,961","4,264",968,12
경상남도,고성군,고성읍,"22,358",820,"2,603","1,600","1,543","3,072","4,157","4,283","2,788","1,245",244,3
경상남도,고성군,삼산면,"1,679",34,71,45,59,119,242,466,394,204,44,1
경상남도,고성군,하일면,"1,678",22,74,65,56,102,234,444,400,230,51,0
경상남도,고성군,하이면,"2,406",37,134,127,111,194,435,601,467,239,61,0
경상남도,고성군,상리면,"1,434",5,43,46,49,92,209,401,333,200,55,1
경상남도,고성군,대가면,"1,537",16,36,49,43,104,201,453,357,221,55,2
경상남도,고성군,영현면,817,9,18,18,25,46,93,219,198,151,38,2
경상남도,고성군,영오면,"1,265",18,45,44,51,91,174,365,248,189,40,0
경상남도,고성군,개천면,"1,017",9,50,30,36,64,126,269,243,146,43,1
경상남도,고성군,구만면,924,15,29,24,30,51,125,271,213,130,36,0
경상남도,고성군,회화면,"3,190",57,245,133,148,270,545,787,638,310,57,0
경상남도,고성군,마암면,"1,592",9,36,43,51,96,263,455,348,227,63,1
경상남도,고성군,동해면,"2,889",22,107,105,126,195,473,788,616,367,89,1
경상남도,고성군,거류면,"3,926",65,227,162,185,354,766,952,718,405,92,0
경상남도,남해군,,"41,073",980,"2,877","2,308","2,194","3,514","6,632","9,410","7,321","4,604","1,192",41
경상남도,남해군,남해읍,"12,710",573,"1,236","1,186","1,043","1,549","2,321","2,357","1,470",787,181,7
경상남도,남해군,이동면,"3,527",29,188,135,152,227,534,885,761,477,137,2
경상남도,남해군,상주면,"1,578",39,123,66,75,133,225,382,273,209,52,1
경상남도,남해군,삼동면,"3,800",68,221,133,159,295,626,909,758,497,129,5
경상남도,남해군,미조면,"2,109",30,99,151,119,176,368,546,421,161,34,4
경상남도,남해군,남면,"3,412",37,265,140,135,241,534,775,688,478,114,5
경상남도,남해군,서면,"2,562",40,199,73,94,171,341,617,493,404,125,5
경상남도,남해군,고현면,"3,212",57,141,126,148,210,469,786,641,478,153,3
경상남도,남해군,설천면,"2,633",33,73,88,81,128,378,732,608,402,105,5
경상남도,남해군,창선면,"5,530",74,332,210,188,384,836,"1,421","1,208",711,162,4
경상남도,하동군,,"39,565",983,"2,095","1,921","2,086","3,209","6,967","9,855","7,090","4,307","1,019",33
경상남도,하동군,하동읍,"9,028",370,735,638,705,999,"1,666","1,826","1,257",724,105,3
경상남도,하동군,화개면,"2,678",34,113,121,112,174,561,737,474,294,55,3
경상남도,하동군,악양면,"3,202",45,126,115,128,195,577,881,634,411,89,1
경상남도,하동군,적량면,"1,762",28,72,65,80,109,263,511,323,234,75,2
경상남도,하동군,횡천면,"1,720",30,47,50,59,115,247,508,345,241,76,2
경상남도,하동군,고전면,"1,905",23,66,68,76,138,289,528,385,250,77,5
경상남도,하동군,금남면,"3,035",44,116,111,136,205,515,789,648,387,79,5
경상남도,하동군,진교면,"5,382",177,365,285,276,522,997,"1,221",903,499,135,2
경상남도,하동군,양보면,"1,545",20,31,43,58,69,231,412,352,244,83,2
경상남도,하동군,북천면,"1,445",19,40,52,43,76,238,384,325,208,59,1
경상남도,하동군,청암면,"1,267",32,59,34,62,74,204,386,276,107,31,2
경상남도,하동군,옥종면,"4,003",95,212,172,190,304,682,"1,061",736,439,109,3
경상남도,하동군,금성면,"2,593",66,113,167,161,229,497,611,432,269,46,2
경상남도,산청군,,"32,628",713,"1,658","1,533","1,636","2,511","5,543","8,414","6,079","3,673",842,26
경상남도,산청군,산청읍,"6,426",233,528,425,508,673,"1,103","1,323",977,538,116,2
경상남도,산청군,차황면,"1,302",21,50,28,29,62,191,380,295,191,54,1
경상남도,산청군,오부면,943,6,37,28,25,62,132,229,216,171,36,1
경상남도,산청군,생초면,"1,790",18,67,53,61,93,243,488,391,307,67,2
경상남도,산청군,금서면,"2,806",43,126,127,129,214,498,689,499,393,86,2
경상남도,산청군,삼장면,"1,723",20,38,59,73,78,284,523,352,261,31,4
경상남도,산청군,시천면,"3,839",43,170,176,143,269,760,"1,086",708,391,91,2
경상남도,산청군,단성면,"5,438",106,166,197,247,366,942,"1,579","1,092",594,141,8
경상남도,산청군,신안면,"5,389",201,384,325,342,520,944,"1,295",850,412,114,2
경상남도,산청군,생비량면,"1,090",8,38,33,28,72,144,310,272,147,38,0
경상남도,산청군,신등면,"1,882",14,54,82,51,102,302,512,427,268,68,2
경상남도,함양군,,"35,074","1,054","2,400","1,882","1,969","3,172","5,955","8,032","5,945","3,829",820,16
경상남도,함양군,함양읍,"16,704",798,"1,638","1,253","1,320","2,072","3,076","3,094","2,083","1,138",229,3
경상남도,함양군,마천면,"1,911",26,58,61,58,115,331,575,372,259,55,1
경상남도,함양군,휴천면,"1,401",31,35,31,49,82,215,386,308,225,39,0
경상남도,함양군,유림면,"1,500",19,53,37,49,80,222,418,305,263,53,1
경상남도,함양군,수동면,"2,089",21,133,100,91,139,326,483,439,292,63,2
경상남도,함양군,지곡면,"1,878",19,72,64,66,115,309,470,400,292,68,3
경상남도,함양군,안의면,"3,940",66,167,148,121,283,619,969,851,581,134,1
경상남도,함양군,서하면,"1,278",28,31,27,48,60,177,393,277,190,47,0
경상남도,함양군,서상면,"1,648",21,64,62,58,92,257,464,350,233,44,3
경상남도,함양군,백전면,"1,514",19,103,39,59,79,216,453,333,173,40,0
경상남도,함양군,병곡면,"1,211",6,46,60,50,55,207,327,227,183,48,2
경상남도,거창군,,"58,737","2,549","5,564","4,173","4,474","6,379","9,763","11,610","8,136","4,915","1,145",29
경상남도,거창군,거창읍,"39,612","2,290","4,865","3,561","3,758","5,302","6,991","6,478","4,012","1,965",381,9
경상남도,거창군,주상면,"1,404",12,40,37,49,78,188,390,314,235,60,1
경상남도,거창군,웅양면,"1,714",22,67,66,56,95,272,409,365,299,61,2
경상남도,거창군,고제면,"1,278",12,33,45,36,59,201,380,280,175,56,1
경상남도,거창군,북상면,"1,478",21,67,45,55,81,222,400,301,234,49,3
경상남도,거창군,위천면,"1,795",23,139,69,59,99,266,455,361,259,63,2
경상남도,거창군,마리면,"1,858",24,69,67,72,113,257,504,388,280,83,1
경상남도,거창군,남상면,"2,159",28,60,76,110,145,308,595,440,319,76,2
경상남도,거창군,남하면,"1,332",21,36,43,51,62,174,356,312,208,69,0
경상남도,거창군,신원면,"1,441",21,42,25,43,65,190,389,351,259,54,2
경상남도,거창군,가조면,"3,374",57,114,108,148,226,501,889,718,482,128,3
경상남도,거창군,가북면,"1,292",18,32,31,37,54,193,365,294,200,65,3
경상남도,합천군,,"38,732",877,"1,910","1,716","1,898","3,126","5,925","9,795","7,456","4,904","1,099",26
경상남도,합천군,합천읍,"10,270",495,974,815,856,"1,259","1,907","1,949","1,246",649,118,2
경상남도,합천군,봉산면,"1,328",11,30,37,41,59,178,434,294,195,47,2
경상남도,합천군,묘산면,"1,374",8,24,28,36,84,168,404,338,230,54,0
경상남도,합천군,가야면,"3,713",35,139,134,158,248,614,"1,043",771,488,81,2
경상남도,합천군,야로면,"2,156",32,105,84,70,182,280,588,437,296,77,5
경상남도,합천군,율곡면,"1,983",26,47,56,90,131,274,542,445,299,73,0
경상남도,합천군,초계면,"2,069",39,85,90,90,144,335,525,450,266,44,1
경상남도,합천군,쌍책면,"1,100",12,25,15,29,75,109,339,280,167,49,0
경상남도,합천군,덕곡면,758,9,16,20,21,33,106,224,178,119,32,0
경상남도,합천군,청덕면,"1,415",10,30,31,56,92,197,402,313,223,59,2
경상남도,합천군,적중면,"1,215",11,34,50,35,85,146,306,276,218,51,3
경상남도,합천군,대양면,"1,598",76,85,54,113,161,235,356,276,189,51,2
경상남도,합천군,쌍백면,"1,526",22,47,37,31,73,185,421,362,289,58,1
경상남도,합천군,삼가면,"2,806",44,90,114,116,187,434,675,593,429,124,0
경상남도,합천군,가회면,"1,622",8,89,33,39,101,205,476,344,277,48,2
경상남도,합천군,대병면,"1,790",15,48,70,50,92,259,559,381,258,54,4
경상남도,합천군,용주면,"2,009",24,42,48,67,120,293,552,472,312,79,0
제주특별자치도,,,"662,681","42,529","69,871","63,404","76,907","101,032","118,208","100,292","55,446","28,423","6,372",197
제주특별자치도,제주시,시 ,"484,149","32,196","52,081","49,333","60,054","74,673","85,756","69,682","37,391","18,671","4,173",139
제주특별자치도,제주시,한림읍,"19,963",931,"1,734","1,432","1,720","2,841","3,856","3,718","2,158","1,267",296,10
제주특별자치도,제주시,애월읍,"38,395","2,545","3,880","2,761","4,159","6,305","7,071","6,250","3,169","1,771",469,15
제주특별자치도,제주시,구좌읍,"14,842",617,"1,153",900,"1,198","2,139","2,765","2,847","1,797","1,112",306,8
제주특별자치도,제주시,조천읍,"25,976","1,583","2,336","1,981","2,809","4,120","4,749","4,397","2,363","1,315",312,11
제주특별자치도,제주시,한경면,"9,554",442,667,481,718,"1,471","1,770","1,936","1,131",724,205,9
제주특별자치도,제주시,추자면,"1,492",40,72,72,85,158,266,365,264,144,24,2
제주특별자치도,제주시,우도면,"1,482",60,70,90,164,171,280,322,193,102,29,1
제주특별자치도,제주시,일도1동,"2,045",59,97,129,183,216,379,494,322,131,33,2
제주특별자치도,제주시,일도2동,"30,599","1,830","3,318","3,154","3,501","4,151","5,204","4,904","2,874","1,413",247,3
제주특별자치도,제주시,이도1동,"7,550",333,645,"1,008",982,991,"1,227","1,182",717,363,96,6
제주특별자치도,제주시,이도2동,"45,363","2,787","5,518","5,510","5,880","6,929","7,929","5,935","3,203","1,399",270,3
제주특별자치도,제주시,삼도1동,"12,612",636,"1,240","1,303","1,362","1,660","2,292","1,917","1,256",812,132,2
제주특별자치도,제주시,삼도2동,"7,495",412,556,685,946,981,"1,346","1,312",764,397,93,3
제주특별자치도,제주시,용담1동,"6,294",230,522,574,635,771,"1,222","1,138",705,401,93,3
제주특별자치도,제주시,용담2동,"13,391",636,"1,304","1,209","1,408","1,817","2,290","2,328","1,458",779,156,6
제주특별자치도,제주시,건입동,"8,302",414,681,711,886,"1,074","1,385","1,515","1,027",513,92,4
제주특별자치도,제주시,화북동,"22,785","1,602","2,673","2,254","2,689","3,392","3,990","3,489","1,735",784,172,5
제주특별자치도,제주시,삼양동,"26,586","2,536","3,909","2,303","3,467","5,024","4,095","2,903","1,520",671,152,6
제주특별자치도,제주시,봉개동,"5,186",416,410,500,726,698,910,783,434,248,60,1
제주특별자치도,제주시,아라동,"41,187","3,829","5,078","5,003","6,473","6,780","6,729","4,221","1,995",841,228,10
제주특별자치도,제주시,오라동,"16,109","1,607","1,953","1,514","2,310","2,813","2,760","1,799",850,412,85,6
제주특별자치도,제주시,연동,"42,971","2,405","4,144","5,976","6,531","6,892","7,457","5,541","2,836",994,189,6
제주특별자치도,제주시,노형동,"54,226","3,762","6,510","6,897","7,219","8,303","10,376","6,758","2,962","1,202",225,12
제주특별자치도,제주시,외도동,"22,329","2,052","2,944","2,190","3,118","3,861","4,003","2,398","1,098",545,116,4
제주특별자치도,제주시,이호동,"4,238",235,342,407,557,578,797,743,323,208,48,0
제주특별자치도,제주시,도두동,"3,177",197,325,289,328,537,608,487,237,123,45,1
제주특별자치도,서귀포시,포시 ,"178,532","10,333","17,790","14,071","16,853","26,359","32,452","30,610","18,055","9,752","2,199",58
제주특별자치도,서귀포시,대정읍,"21,571","1,346","2,832","1,386","1,670","3,492","3,897","3,340","2,038","1,244",320,6
제주특별자치도,서귀포시,남원읍,"17,600",727,"1,322","1,218","1,343","2,078","3,378","3,692","2,132","1,387",313,10
제주특별자치도,서귀포시,성산읍,"14,506",590,"1,018",871,"1,140","1,735","2,697","3,364","1,849",996,238,8
제주특별자치도,서귀포시,안덕면,"12,237",596,"1,021","1,054","1,158","1,788","2,317","2,209","1,199",729,159,7
제주특별자치도,서귀포시,표선면,"12,849",711,"1,440",802,908,"1,975","2,332","2,388","1,398",729,161,5
제주특별자치도,서귀포시,송산동,"3,704",173,280,285,298,489,660,696,497,265,57,4
제주특별자치도,서귀포시,정방동,"2,032",53,148,156,191,287,374,426,266,110,21,0
제주특별자치도,서귀포시,중앙동,"2,894",96,182,220,189,317,496,685,447,230,32,0
제주특별자치도,서귀포시,천지동,"3,270",108,212,318,294,397,641,647,423,192,37,1
제주특별자치도,서귀포시,효돈동,"5,184",282,453,368,454,699,910,938,618,370,91,1
제주특별자치도,서귀포시,영천동,"4,959",184,380,411,393,504,"1,027",985,585,381,104,5
제주특별자치도,서귀포시,동홍동,"22,409","1,378","2,719","2,272","2,231","3,345","4,258","3,321","1,873",868,141,3
제주특별자치도,서귀포시,서홍동,"10,947",913,"1,514","1,013","1,166","1,783","1,916","1,350",833,386,72,1
제주특별자치도,서귀포시,대륜동,"14,757","1,080","1,417","1,093","1,839","2,493","2,581","2,197","1,318",602,134,3
제주특별자치도,서귀포시,대천동,"13,834","1,197","1,451","1,182","1,693","2,483","2,201","1,909","1,099",506,112,1
제주특별자치도,서귀포시,중문동,"12,045",771,"1,135","1,089","1,533","2,023","2,073","1,742","1,044",512,120,3
제주특별자치도,서귀포시,예래동,"3,734",128,266,333,353,471,694,721,436,245,87,0
